record_id,timestamp_utc,basin_id,synoptic_regime,insat_3ds_tir1_bt_k,gsmap_isro_rain_mm_hr,imd_dwr_reflectivity_dbz,dwr_radial_velocity_m_s,aws_ground_gauge_mm_hr,ncmrwf_nwp_1km_mm_hr,antecedent_rain_3h_mm,scs_curve_number,soil_moisture_saturation_pct,dem_elevation_m,topographic_wetness_index,drainage_efficiency_pct,tidal_backwater_level_m,target_fused_rain_mm_hr,target_runoff_mm_hr,target_inundation_depth_m,target_alert_class
MOES-TRN-0001,2018-06-01T00:00:00Z,GRID-MUM-01,Arabian_Sea_Monsoon_Surge,265.07,22.07,45.2,16.89,18.96,17.61,21.51,89.04,45.14,4.2,15.01,78.63,4.38,21.0,7.48,0.662,2
MOES-TRN-0002,2018-06-01T03:00:00Z,GRID-CHE-04,Bay_of_Bengal_Cyclonic_Landfall,276.89,8.97,39.03,12.27,7.74,2.68,17.62,88.93,60.31,5.8,13.6,74.42,4.55,7.96,0.82,0.574,1
MOES-TRN-0003,2018-06-01T06:00:00Z,GRID-GUW-02,Brahmaputra_Trough_Convection,255.25,33.42,49.21,18.86,35.34,36.65,72.91,88.43,77.72,51.4,13.48,62.06,0.05,37.8,27.7,0.417,1
MOES-TRN-0004,2018-06-01T09:00:00Z,GRID-WAY-03,Monsoon_Vortex_Feeder_Band,245.78,48.71,51.74,23.6,49.64,57.68,115.19,85.72,77.58,780.0,14.52,44.69,0.13,54.71,45.0,0.864,2
MOES-TRN-0005,2018-06-01T12:00:00Z,GRID-DEL-05,Yamuna_Catchment_Surge,225.73,84.81,56.91,26.5,85.55,74.31,81.25,90.65,80.83,212.0,11.25,51.84,0.29,98.56,89.98,1.221,3
MOES-TRN-0006,2018-06-01T15:00:00Z,GRID-KOL-06,Monsoon_Trough_Pass,190.49,162.35,53.34,43.47,142.35,146.26,218.88,93.29,95.99,6.1,13.89,45.41,4.19,125.71,153.7,3.058,3
MOES-TRN-0007,2018-06-01T18:00:00Z,GRID-MUM-01,Offshore_Trough_Cloudburst,260.11,31.89,46.09,15.85,24.91,29.38,74.33,90.38,71.03,4.2,14.65,60.74,3.26,27.55,22.61,0.534,1
MOES-TRN-0008,2018-06-01T21:00:00Z,GRID-CHE-04,Stratiform_Monsoon_Rain,193.67,126.76,55.09,40.72,125.19,118.18,286.82,92.83,90.41,5.8,14.41,47.21,3.67,116.75,158.27,3.195,3
MOES-TRN-0009,2018-06-02T00:00:00Z,GRID-GUW-02,Valley_Monsoon_Shower,214.05,92.47,56.46,34.83,109.22,99.46,288.79,89.78,92.78,51.4,12.79,20.66,0.26,109.65,142.74,2.891,3
MOES-TRN-0010,2018-06-02T03:00:00Z,GRID-WAY-03,Light_Orographic_Spell,199.41,116.22,58.66,40.93,131.73,107.85,210.81,88.15,97.12,780.0,14.64,41.03,0.32,137.87,148.78,2.624,3
MOES-TRN-0011,2018-06-02T06:00:00Z,GRID-DEL-05,Yamuna_Catchment_Surge,234.19,71.16,52.26,25.36,73.9,65.08,161.85,90.35,91.5,212.0,11.98,39.38,0.35,70.11,78.93,1.436,3
MOES-TRN-0012,2018-06-02T09:00:00Z,GRID-KOL-06,Bay_Cyclone_Spiral_Band,251.64,44.3,48.74,21.11,41.76,34.58,28.61,89.73,66.11,6.1,14.68,77.88,3.72,40.77,24.2,0.544,1
MOES-TRN-0013,2018-06-02T12:00:00Z,GRID-MUM-01,Arabian_Sea_Monsoon_Surge,274.12,8.68,36.38,12.47,9.06,12.86,22.07,89.56,43.9,4.2,14.62,82.6,1.39,8.82,1.61,0.23,0
MOES-TRN-0014,2018-06-02T15:00:00Z,GRID-CHE-04,Stratiform_Monsoon_Rain,189.0,120.15,60.14,42.85,134.11,135.39,149.85,93.56,96.7,5.8,13.62,24.7,3.59,156.07,169.56,3.086,3
MOES-TRN-0015,2018-06-02T18:00:00Z,GRID-GUW-02,Valley_Monsoon_Shower,193.81,119.56,57.69,41.1,137.0,114.65,272.76,88.64,88.98,51.4,13.29,39.35,0.12,134.28,160.05,2.917,3
MOES-TRN-0016,2018-06-02T21:00:00Z,GRID-WAY-03,Monsoon_Vortex_Feeder_Band,232.15,67.77,54.74,23.41,65.21,61.32,115.58,85.9,78.14,780.0,14.88,57.7,0.18,74.97,63.37,0.98,2
MOES-TRN-0017,2018-06-03T00:00:00Z,GRID-DEL-05,Western_Disturbance_Monsoon_Interaction,275.82,3.47,28.64,8.19,2.56,0.0,21.49,86.53,49.12,212.0,12.36,73.4,0.28,2.25,0.0,0.178,0
MOES-TRN-0018,2018-06-03T03:00:00Z,GRID-KOL-06,Hooghly_Spring_Tide_Downpour,245.27,55.48,50.36,22.46,54.47,47.23,87.22,92.15,76.37,6.1,14.46,41.88,2.96,52.57,51.06,1.064,2
MOES-TRN-0019,2018-06-03T06:00:00Z,GRID-MUM-01,Arabian_Sea_Monsoon_Surge,273.55,3.2,32.23,12.04,5.16,6.25,3.34,90.27,64.72,4.2,14.71,82.51,1.32,4.56,0.0,0.18,0
MOES-TRN-0020,2018-06-03T09:00:00Z,GRID-CHE-04,Bay_of_Bengal_Cyclonic_Landfall,273.18,2.19,37.18,11.08,4.22,7.61,8.66,88.79,58.6,5.8,13.88,69.27,2.63,5.48,0.03,0.239,0
MOES-TRN-0021,2018-06-03T12:00:00Z,GRID-GUW-02,Meghalaya_Orographic_Cloudburst,277.46,8.19,35.71,8.36,9.54,13.68,8.24,83.86,48.21,51.4,13.34,81.02,0.02,8.84,0.02,0.131,0
MOES-TRN-0022,2018-06-03T15:00:00Z,GRID-WAY-03,Monsoon_Vortex_Feeder_Band,240.42,56.45,51.97,22.49,64.35,73.75,133.22,86.92,89.55,780.0,15.55,36.16,0.26,64.45,59.65,1.206,3
MOES-TRN-0023,2018-06-03T18:00:00Z,GRID-DEL-05,Western_Disturbance_Monsoon_Interaction,271.42,17.94,41.43,14.53,18.28,15.81,7.38,86.65,53.82,212.0,11.53,80.87,0.32,16.57,2.17,0.02,0
MOES-TRN-0024,2018-06-03T21:00:00Z,GRID-KOL-06,Bay_Cyclone_Spiral_Band,259.06,39.7,48.03,18.53,34.55,36.3,73.55,90.13,63.02,6.1,14.3,77.64,3.09,36.28,29.43,0.511,1
MOES-TRN-0025,2018-06-04T00:00:00Z,GRID-MUM-01,Offshore_Trough_Cloudburst,259.83,33.39,46.83,15.09,35.66,23.25,58.86,90.45,58.23,4.2,14.91,72.38,2.44,32.01,23.61,0.39,1
MOES-TRN-0026,2018-06-04T03:00:00Z,GRID-CHE-04,Bay_of_Bengal_Cyclonic_Landfall,276.57,3.88,35.37,10.19,7.59,8.63,25.28,90.47,55.99,5.8,14.15,85.2,2.68,6.61,1.38,0.315,1
MOES-TRN-0027,2018-06-04T06:00:00Z,GRID-GUW-02,Pre_Monsoon_Norwester,235.14,58.76,52.47,24.23,65.43,74.24,106.94,89.07,78.06,51.4,13.28,55.32,0.22,66.85,61.39,0.964,2
MOES-TRN-0028,2018-06-04T09:00:00Z,GRID-WAY-03,Western_Ghats_Orographic_Surge,278.8,0.0,30.04,11.41,1.63,7.41,18.02,82.95,52.49,780.0,15.16,70.93,0.12,2.54,0.0,0.278,1
MOES-TRN-0029,2018-06-04T12:00:00Z,GRID-DEL-05,Western_Disturbance_Monsoon_Interaction,275.81,10.28,38.72,8.82,9.0,0.91,12.91,86.75,62.32,212.0,11.44,68.07,0.27,8.26,0.27,0.047,0
MOES-TRN-0030,2018-06-04T15:00:00Z,GRID-KOL-06,Bay_Cyclone_Spiral_Band,255.88,46.76,50.23,17.73,40.92,44.93,73.45,91.72,70.49,6.1,14.04,64.04,3.71,45.4,40.63,0.808,2
MOES-TRN-0031,2018-06-04T18:00:00Z,GRID-MUM-01,Moderate_Monsoon_Spell,188.0,134.51,57.07,36.94,133.8,145.14,274.97,93.61,99.33,4.2,14.25,42.99,2.71,135.71,176.82,3.362,3
MOES-TRN-0032,2018-06-04T21:00:00Z,GRID-CHE-04,Northeast_Monsoon_Depression,248.12,46.14,48.7,16.5,47.82,57.68,47.72,90.64,78.68,5.8,13.69,56.19,1.6,46.53,34.38,0.378,1
MOES-TRN-0033,2018-06-05T00:00:00Z,GRID-GUW-02,Meghalaya_Orographic_Cloudburst,276.07,4.86,34.65,9.46,6.78,0.68,2.43,84.23,52.02,51.4,13.54,82.39,0.15,5.16,0.0,0.091,0
MOES-TRN-0034,2018-06-05T03:00:00Z,GRID-WAY-03,Light_Orographic_Spell,202.36,128.82,59.91,39.44,121.92,113.7,169.49,88.97,97.28,780.0,14.75,18.69,0.05,147.67,151.89,2.787,3
MOES-TRN-0035,2018-06-05T06:00:00Z,GRID-DEL-05,Western_Disturbance_Monsoon_Interaction,268.74,12.43,40.23,9.49,11.82,5.28,13.69,87.33,51.16,212.0,11.48,73.69,0.24,11.03,1.02,0.073,0
MOES-TRN-0036,2018-06-05T09:00:00Z,GRID-KOL-06,Hooghly_Spring_Tide_Downpour,233.95,73.13,54.5,29.09,83.0,70.4,65.99,92.02,81.96,6.1,14.17,40.42,3.94,82.84,75.15,1.475,3
MOES-TRN-0037,2018-06-05T12:00:00Z,GRID-MUM-01,Offshore_Trough_Cloudburst,250.03,40.88,50.58,18.85,46.83,40.3,60.74,91.36,69.69,4.2,15.58,75.29,2.79,46.89,38.7,0.593,1
MOES-TRN-0038,2018-06-05T15:00:00Z,GRID-CHE-04,Bay_of_Bengal_Cyclonic_Landfall,273.85,12.07,40.0,11.91,13.7,13.76,1.37,87.59,52.68,5.8,13.94,74.8,4.35,12.75,0.82,0.488,1
MOES-TRN-0039,2018-06-05T18:00:00Z,GRID-GUW-02,Brahmaputra_Trough_Convection,248.02,51.3,50.43,23.43,45.3,42.82,82.89,87.07,77.11,51.4,13.66,65.78,0.22,47.97,35.71,0.427,1
MOES-TRN-0040,2018-06-05T21:00:00Z,GRID-WAY-03,Western_Ghats_Orographic_Surge,265.18,22.12,45.2,14.96,20.99,21.79,0.93,82.12,50.39,780.0,15.2,86.9,0.38,22.37,1.98,0.212,0
MOES-TRN-0041,2018-06-06T00:00:00Z,GRID-DEL-05,Western_Disturbance_Monsoon_Interaction,261.98,25.36,43.95,12.84,21.26,12.14,30.21,88.47,58.96,212.0,11.93,87.02,0.38,20.35,7.76,0.137,0
MOES-TRN-0042,2018-06-06T03:00:00Z,GRID-KOL-06,Gangetic_West_Bengal_Deep_Depression,282.85,3.42,32.92,8.56,2.12,0.0,11.57,89.01,58.67,6.1,14.02,87.38,1.94,2.68,0.0,0.188,0
MOES-TRN-0043,2018-06-06T06:00:00Z,GRID-MUM-01,Moderate_Monsoon_Spell,189.63,145.72,58.28,45.47,140.88,134.59,298.4,95.17,99.05,4.2,14.86,46.47,2.3,146.89,197.8,3.555,3
MOES-TRN-0044,2018-06-06T09:00:00Z,GRID-CHE-04,Northeast_Monsoon_Depression,262.03,28.64,46.66,12.89,27.95,26.42,50.35,90.27,74.1,5.8,13.86,56.0,2.87,28.53,18.94,0.444,1
MOES-TRN-0045,2018-06-06T12:00:00Z,GRID-GUW-02,Meghalaya_Orographic_Cloudburst,273.43,5.72,36.13,8.76,4.67,8.64,10.83,86.28,51.55,51.4,13.25,69.15,0.09,6.01,0.0,0.133,0
MOES-TRN-0046,2018-06-06T15:00:00Z,GRID-WAY-03,Monsoon_Vortex_Feeder_Band,223.8,74.09,54.26,26.57,79.73,81.08,84.39,86.63,84.83,780.0,15.19,40.77,0.32,82.25,65.4,1.138,2
MOES-TRN-0047,2018-06-06T18:00:00Z,GRID-DEL-05,Yamuna_Catchment_Surge,241.3,54.8,51.27,20.37,57.42,57.39,84.66,88.99,78.61,212.0,11.2,54.4,0.09,57.3,47.99,0.603,2
MOES-TRN-0048,2018-06-06T21:00:00Z,GRID-KOL-06,Gangetic_West_Bengal_Deep_Depression,268.02,5.48,33.32,10.76,4.01,0.0,29.11,86.56,40.81,6.1,13.95,82.46,1.24,3.81,0.13,0.212,0
MOES-TRN-0049,2018-06-07T00:00:00Z,GRID-MUM-01,Arabian_Sea_Monsoon_Surge,271.26,8.62,40.12,9.91,10.01,8.72,11.44,88.96,39.24,4.2,14.94,70.4,2.61,10.16,1.07,0.288,1
MOES-TRN-0050,2018-06-07T03:00:00Z,GRID-CHE-04,Bay_of_Bengal_Cyclonic_Landfall,271.27,10.44,40.87,11.94,10.19,15.51,26.43,89.11,63.21,5.8,14.27,84.17,4.28,11.9,3.11,0.598,1
MOES-TRN-0051,2018-06-07T06:00:00Z,GRID-GUW-02,Valley_Monsoon_Shower,209.07,118.9,55.03,39.66,106.35,125.51,140.69,91.36,93.32,51.4,12.81,46.76,0.36,109.12,114.86,1.834,3
MOES-TRN-0052,2018-06-07T09:00:00Z,GRID-WAY-03,Light_Orographic_Spell,194.81,120.25,55.65,40.08,139.34,148.25,250.02,88.54,93.32,780.0,15.13,47.66,0.36,128.03,148.74,2.764,3
MOES-TRN-0053,2018-06-07T12:00:00Z,GRID-DEL-05,Western_Disturbance_Monsoon_Interaction,267.61,12.75,43.18,11.78,17.96,19.77,9.03,85.54,37.63,212.0,11.38,76.53,0.39,17.47,2.2,0.02,0
MOES-TRN-0054,2018-06-07T15:00:00Z,GRID-KOL-06,Gangetic_West_Bengal_Deep_Depression,265.55,18.06,42.15,12.92,16.41,25.94,28.4,89.15,59.92,6.1,14.2,84.69,4.53,17.78,6.53,0.658,2
MOES-TRN-0055,2018-06-07T18:00:00Z,GRID-MUM-01,Offshore_Trough_Cloudburst,253.86,25.1,47.33,17.01,28.33,42.13,47.01,92.77,81.11,4.2,15.08,73.9,3.76,31.28,24.68,0.577,1
MOES-TRN-0056,2018-06-07T21:00:00Z,GRID-CHE-04,Bay_of_Bengal_Cyclonic_Landfall,263.07,17.62,45.92,12.95,22.94,20.41,3.2,90.17,62.6,5.8,14.14,90.37,1.22,23.04,7.22,0.107,0
MOES-TRN-0057,2018-06-08T00:00:00Z,GRID-GUW-02,Meghalaya_Orographic_Cloudburst,270.32,19.0,41.73,12.09,12.83,3.1,25.45,84.82,59.9,51.4,12.88,82.37,0.4,13.08,1.67,0.128,0
MOES-TRN-0058,2018-06-08T03:00:00Z,GRID-WAY-03,Low_Level_Jet_Extreme_Rain,254.41,48.61,50.1,23.95,48.79,44.64,43.29,86.33,74.88,780.0,15.21,69.94,0.23,48.35,27.57,0.299,1
MOES-TRN-0059,2018-06-08T06:00:00Z,GRID-DEL-05,Urban_Heat_Island_Downpour,250.26,34.08,50.8,19.56,38.79,39.87,32.52,89.04,79.32,212.0,11.45,70.8,0.18,43.23,25.84,0.079,0
MOES-TRN-0060,2018-06-08T09:00:00Z,GRID-KOL-06,Hooghly_Spring_Tide_Downpour,243.21,49.09,48.96,19.17,50.88,49.69,102.69,92.78,90.03,6.1,14.27,53.64,2.67,47.54,50.96,0.94,2
MOES-TRN-0061,2018-06-08T12:00:00Z,GRID-MUM-01,Moderate_Monsoon_Spell,188.0,143.48,57.65,40.06,143.9,162.4,277.67,95.5,97.65,4.2,14.62,42.24,2.56,147.14,194.53,3.562,3
MOES-TRN-0062,2018-06-08T15:00:00Z,GRID-CHE-04,Bay_of_Bengal_Cyclonic_Landfall,272.77,14.49,41.16,11.68,13.99,13.23,34.45,88.34,61.02,5.8,14.34,89.94,4.4,13.84,4.49,0.659,2
MOES-TRN-0063,2018-06-08T18:00:00Z,GRID-GUW-02,Pre_Monsoon_Norwester,241.72,57.32,50.72,25.86,54.29,60.35,152.65,88.85,87.05,51.4,13.3,48.96,0.08,55.51,59.71,1.072,2
MOES-TRN-0064,2018-06-08T21:00:00Z,GRID-WAY-03,Low_Level_Jet_Extreme_Rain,256.98,33.11,45.69,11.64,28.65,34.25,51.94,85.62,74.23,780.0,15.43,55.98,0.14,29.34,13.88,0.364,1
MOES-TRN-0065,2018-06-09T00:00:00Z,GRID-DEL-05,Scattered_Convective_Cell,188.0,142.37,59.87,45.92,148.68,151.26,278.91,92.48,98.05,212.0,11.17,27.97,0.24,164.82,203.16,3.605,3
MOES-TRN-0066,2018-06-09T03:00:00Z,GRID-KOL-06,Bay_Cyclone_Spiral_Band,265.07,25.88,44.54,13.69,23.14,23.82,28.83,90.86,71.28,6.1,14.42,71.66,3.41,23.36,12.07,0.459,1
MOES-TRN-0067,2018-06-09T06:00:00Z,GRID-MUM-01,Arabian_Sea_Monsoon_Surge,270.04,3.82,38.1,11.57,5.11,5.83,6.65,88.33,38.13,4.2,14.75,86.97,2.73,6.18,0.03,0.335,1
MOES-TRN-0068,2018-06-09T09:00:00Z,GRID-CHE-04,Coastal_Squall_Line,239.37,65.58,50.8,19.26,59.93,57.04,119.75,90.13,75.29,5.8,13.75,35.11,1.63,58.7,58.88,1.1,2
MOES-TRN-0069,2018-06-09T12:00:00Z,GRID-GUW-02,Pre_Monsoon_Norwester,242.45,56.98,54.97,23.88,56.71,54.96,96.74,88.29,84.23,51.4,12.96,57.61,0.03,70.17,60.61,0.881,2
MOES-TRN-0070,2018-06-09T15:00:00Z,GRID-WAY-03,Low_Level_Jet_Extreme_Rain,255.42,22.71,44.06,14.1,27.64,24.57,33.11,84.77,70.68,780.0,15.06,69.54,0.39,24.2,7.35,0.194,0
MOES-TRN-0071,2018-06-09T18:00:00Z,GRID-DEL-05,Western_Disturbance_Monsoon_Interaction,273.66,5.24,38.26,10.13,7.06,6.46,26.82,86.32,43.33,212.0,11.76,88.14,0.06,7.3,0.58,0.058,0
MOES-TRN-0072,2018-06-09T21:00:00Z,GRID-KOL-06,Gangetic_West_Bengal_Deep_Depression,270.35,13.82,41.62,9.5,14.34,9.38,25.96,88.98,58.85,6.1,14.4,72.83,2.84,13.63,3.83,0.372,1
MOES-TRN-0073,2018-06-10T00:00:00Z,GRID-MUM-01,Arabian_Sea_Monsoon_Surge,269.58,7.92,37.2,11.07,9.09,3.94,28.74,89.52,56.12,4.2,14.55,72.02,4.11,7.74,1.74,0.596,1
MOES-TRN-0074,2018-06-10T03:00:00Z,GRID-CHE-04,Northeast_Monsoon_Depression,257.75,34.19,49.57,15.23,32.81,34.51,64.47,90.26,66.33,5.8,14.22,73.65,2.91,37.38,28.89,0.449,1
MOES-TRN-0075,2018-06-10T06:00:00Z,GRID-GUW-02,Valley_Monsoon_Shower,220.95,106.71,51.75,29.57,89.49,109.15,213.69,88.27,89.85,51.4,13.24,35.24,0.37,86.37,99.99,1.922,3
MOES-TRN-0076,2018-06-10T09:00:00Z,GRID-WAY-03,Western_Ghats_Orographic_Surge,267.5,16.44,41.78,10.04,13.67,8.09,4.91,81.42,38.51,780.0,14.63,91.1,0.02,13.72,0.17,0.175,0
MOES-TRN-0077,2018-06-10T12:00:00Z,GRID-DEL-05,Urban_Heat_Island_Downpour,259.27,33.44,47.3,13.94,32.26,34.67,25.74,90.68,79.26,212.0,11.55,77.06,0.11,33.01,18.79,0.102,0
MOES-TRN-0078,2018-06-10T15:00:00Z,GRID-KOL-06,Monsoon_Trough_Pass,196.67,133.02,54.83,41.49,124.81,124.37,225.36,92.62,89.29,6.1,13.92,28.26,2.82,117.3,144.83,2.805,3
MOES-TRN-0079,2018-06-10T18:00:00Z,GRID-MUM-01,Offshore_Trough_Cloudburst,249.05,43.79,48.95,21.55,45.88,50.65,41.37,93.22,78.83,4.2,14.72,65.76,1.63,44.91,36.82,0.437,1
MOES-TRN-0080,2018-06-10T21:00:00Z,GRID-CHE-04,Northeast_Monsoon_Depression,242.51,40.99,49.12,19.93,45.13,44.85,52.63,88.56,58.38,5.8,13.24,55.81,3.03,43.69,29.11,0.457,1
MOES-TRN-0081,2018-06-11T00:00:00Z,GRID-GUW-02,Meghalaya_Orographic_Cloudburst,273.2,5.9,34.39,7.2,1.62,7.86,13.78,84.75,49.63,51.4,12.81,76.57,0.27,4.31,0.0,0.116,0
MOES-TRN-0082,2018-06-11T03:00:00Z,GRID-WAY-03,Light_Orographic_Spell,222.82,76.9,53.2,27.61,89.1,85.87,215.07,89.06,99.25,780.0,14.56,43.36,0.29,82.85,98.99,1.911,3
MOES-TRN-0083,2018-06-11T06:00:00Z,GRID-DEL-05,Scattered_Convective_Cell,216.09,113.62,53.96,35.88,105.75,106.08,134.89,92.94,94.19,212.0,11.44,32.36,0.18,100.71,109.78,1.751,3
MOES-TRN-0084,2018-06-11T09:00:00Z,GRID-KOL-06,Monsoon_Trough_Pass,194.23,127.33,58.52,41.78,137.26,128.47,173.72,94.14,88.6,6.1,14.85,25.65,1.62,143.56,164.08,2.882,3
MOES-TRN-0085,2018-06-11T12:00:00Z,GRID-MUM-01,Offshore_Trough_Cloudburst,257.66,28.52,46.02,11.61,22.65,34.29,63.71,92.26,77.14,4.2,14.67,71.85,2.27,26.75,23.05,0.37,1
MOES-TRN-0086,2018-06-11T15:00:00Z,GRID-CHE-04,Stratiform_Monsoon_Rain,218.07,104.96,56.69,30.33,96.92,106.07,226.99,91.89,90.81,5.8,14.07,24.78,4.25,109.2,135.09,2.919,3
MOES-TRN-0087,2018-06-11T18:00:00Z,GRID-GUW-02,Brahmaputra_Trough_Convection,254.39,37.93,47.24,16.43,38.02,39.49,72.83,87.98,79.47,51.4,13.44,70.97,0.05,36.51,25.89,0.322,1
MOES-TRN-0088,2018-06-11T21:00:00Z,GRID-WAY-03,Low_Level_Jet_Extreme_Rain,255.44,41.6,52.0,18.51,42.65,45.14,45.15,85.77,81.11,780.0,15.15,54.84,0.28,49.93,28.27,0.362,1
MOES-TRN-0089,2018-06-12T00:00:00Z,GRID-DEL-05,Western_Disturbance_Monsoon_Interaction,269.55,18.63,40.81,12.05,17.14,16.38,21.46,87.83,57.44,212.0,11.61,68.33,0.27,15.93,3.8,0.067,0
MOES-TRN-0090,2018-06-12T03:00:00Z,GRID-KOL-06,Monsoon_Trough_Pass,188.0,133.91,56.28,43.53,141.97,128.24,210.62,92.69,88.59,6.1,14.48,29.98,3.46,131.74,156.11,3.06,3
MOES-TRN-0091,2018-06-12T06:00:00Z,GRID-MUM-01,Arabian_Sea_Monsoon_Surge,273.99,5.85,38.47,12.76,6.77,11.62,23.68,90.65,61.41,4.2,14.66,68.59,3.28,8.1,1.9,0.413,1
MOES-TRN-0092,2018-06-12T09:00:00Z,GRID-CHE-04,Stratiform_Monsoon_Rain,191.34,162.02,57.43,41.7,150.11,161.48,173.01,93.65,98.99,5.8,13.85,23.48,2.22,150.91,169.75,2.898,3
MOES-TRN-0093,2018-06-12T12:00:00Z,GRID-GUW-02,Brahmaputra_Trough_Convection,259.34,27.34,44.14,16.36,23.85,26.15,59.77,86.08,62.7,51.4,13.36,75.92,0.34,23.8,11.83,0.284,1
MOES-TRN-0094,2018-06-12T15:00:00Z,GRID-WAY-03,Monsoon_Vortex_Feeder_Band,249.88,45.81,50.62,18.38,49.74,47.52,78.82,86.23,90.71,780.0,15.04,57.03,0.04,49.9,35.06,0.576,1
MOES-TRN-0095,2018-06-12T18:00:00Z,GRID-DEL-05,Western_Disturbance_Monsoon_Interaction,268.6,15.62,41.86,11.59,15.16,16.74,12.95,85.0,44.77,212.0,11.95,91.14,0.31,15.43,1.6,0.112,0
MOES-TRN-0096,2018-06-12T21:00:00Z,GRID-KOL-06,Hooghly_Spring_Tide_Downpour,234.94,59.13,52.19,24.54,69.56,60.31,95.58,92.4,78.67,6.1,14.51,48.62,2.6,65.67,65.86,1.202,3
MOES-TRN-0097,2018-06-13T00:00:00Z,GRID-MUM-01,Arabian_Sea_Monsoon_Surge,267.96,19.06,42.95,9.92,14.29,13.23,13.96,91.78,57.87,4.2,14.39,81.69,1.9,15.98,5.64,0.244,0
MOES-TRN-0098,2018-06-13T03:00:00Z,GRID-CHE-04,Coastal_Squall_Line,238.85,58.46,51.43,21.14,62.56,67.01,126.46,91.32,91.82,5.8,13.46,58.13,2.83,61.63,65.85,1.178,3
MOES-TRN-0099,2018-06-13T06:00:00Z,GRID-GUW-02,Meghalaya_Orographic_Cloudburst,276.44,2.7,30.07,9.68,5.18,6.23,28.68,83.97,44.49,51.4,12.51,88.8,0.0,4.16,0.01,0.113,0
MOES-TRN-0100,2018-06-13T09:00:00Z,GRID-WAY-03,Low_Level_Jet_Extreme_Rain,262.46,21.09,44.75,13.9,20.17,24.8,54.85,85.12,64.56,780.0,14.99,75.82,0.39,21.82,9.01,0.349,1
MOES-TRN-0101,2018-06-13T12:00:00Z,GRID-DEL-05,Scattered_Convective_Cell,217.87,99.82,54.79,34.78,96.52,91.47,199.38,92.04,90.59,212.0,11.42,21.59,0.14,96.44,117.0,2.161,3
MOES-TRN-0102,2018-06-13T15:00:00Z,GRID-KOL-06,Hooghly_Spring_Tide_Downpour,239.29,64.94,47.43,22.57,58.81,59.53,115.79,92.64,77.14,6.1,14.75,39.33,3.86,51.81,57.42,1.388,3
MOES-TRN-0103,2018-06-13T18:00:00Z,GRID-MUM-01,Offshore_Trough_Cloudburst,265.0,32.53,48.12,16.57,35.29,42.43,53.38,90.57,59.95,4.2,15.16,52.12,3.36,36.42,26.52,0.62,2
MOES-TRN-0104,2018-06-13T21:00:00Z,GRID-CHE-04,Northeast_Monsoon_Depression,259.16,23.84,46.54,14.61,29.85,34.03,49.96,90.93,81.65,5.8,13.4,65.03,3.96,29.38,20.56,0.606,2
MOES-TRN-0105,2018-06-14T00:00:00Z,GRID-GUW-02,Meghalaya_Orographic_Cloudburst,278.27,0.5,29.76,5.21,1.54,0.0,22.01,83.91,52.77,51.4,13.16,81.73,0.33,1.51,0.0,0.195,0
MOES-TRN-0106,2018-06-14T03:00:00Z,GRID-WAY-03,Light_Orographic_Spell,194.56,144.75,57.88,43.77,143.55,156.04,143.52,88.69,90.17,780.0,14.54,27.31,0.32,147.93,145.74,2.518,3
MOES-TRN-0107,2018-06-14T06:00:00Z,GRID-DEL-05,Yamuna_Catchment_Surge,235.43,72.01,52.35,21.87,67.67,76.76,67.65,90.72,92.29,212.0,11.69,53.29,0.05,69.8,59.9,0.724,2
MOES-TRN-0108,2018-06-14T09:00:00Z,GRID-KOL-06,Gangetic_West_Bengal_Deep_Depression,268.21,18.11,38.96,7.49,12.46,12.23,24.06,89.55,56.01,6.1,14.58,87.26,3.82,12.52,3.4,0.513,1
MOES-TRN-0109,2018-06-14T12:00:00Z,GRID-MUM-01,Moderate_Monsoon_Spell,223.22,102.03,54.81,28.22,91.69,85.56,183.46,94.88,93.88,4.2,15.17,35.04,3.35,94.23,119.44,2.442,3
MOES-TRN-0110,2018-06-14T15:00:00Z,GRID-CHE-04,Coastal_Squall_Line,230.36,82.61,52.84,29.28,81.49,60.58,84.9,93.23,92.23,5.8,14.06,52.37,3.34,76.07,75.72,1.32,3
MOES-TRN-0111,2018-06-14T18:00:00Z,GRID-GUW-02,Valley_Monsoon_Shower,195.5,134.32,57.91,36.98,134.43,145.28,130.4,90.05,97.93,51.4,13.17,29.87,0.09,141.48,140.59,2.271,3
MOES-TRN-0112,2018-06-14T21:00:00Z,GRID-WAY-03,Monsoon_Vortex_Feeder_Band,240.81,55.39,50.64,20.15,48.98,48.9,158.24,87.66,91.09,780.0,15.33,61.59,0.2,51.39,54.43,1.05,2
MOES-TRN-0113,2018-06-15T00:00:00Z,GRID-DEL-05,Yamuna_Catchment_Surge,238.62,70.64,53.74,28.9,62.99,50.9,78.59,87.99,75.58,212.0,11.33,49.38,0.17,69.02,55.24,0.74,2
MOES-TRN-0114,2018-06-15T03:00:00Z,GRID-KOL-06,Monsoon_Trough_Pass,193.19,137.95,57.22,39.65,127.84,156.07,252.83,94.81,99.12,6.1,13.91,41.54,3.85,136.45,176.34,3.438,3
MOES-TRN-0115,2018-06-15T06:00:00Z,GRID-MUM-01,Moderate_Monsoon_Spell,211.99,99.26,55.17,33.39,105.39,101.77,302.59,96.1,98.78,4.2,14.93,34.65,2.29,102.91,157.7,3.136,3
MOES-TRN-0116,2018-06-15T09:00:00Z,GRID-CHE-04,Bay_of_Bengal_Cyclonic_Landfall,271.59,18.3,43.97,13.52,14.52,7.43,8.15,86.75,50.17,5.8,14.06,91.96,3.99,16.02,2.07,0.514,1
MOES-TRN-0117,2018-06-15T12:00:00Z,GRID-GUW-02,Meghalaya_Orographic_Cloudburst,265.96,9.33,36.57,11.5,9.17,12.55,3.71,82.22,39.51,51.4,12.34,80.35,0.13,8.99,0.0,0.099,0
MOES-TRN-0118,2018-06-15T15:00:00Z,GRID-WAY-03,Low_Level_Jet_Extreme_Rain,249.44,45.66,51.25,18.17,42.64,42.45,36.06,84.85,73.17,780.0,15.21,65.45,0.15,48.07,23.87,0.252,1
MOES-TRN-0119,2018-06-15T18:00:00Z,GRID-DEL-05,Yamuna_Catchment_Surge,241.75,63.91,54.41,25.53,62.22,58.07,66.49,89.52,85.78,212.0,12.34,51.11,0.32,71.37,58.37,0.774,2
MOES-TRN-0120,2018-06-15T21:00:00Z,GRID-KOL-06,Hooghly_Spring_Tide_Downpour,226.56,92.01,53.63,30.35,85.33,91.65,71.18,95.09,90.75,6.1,14.43,59.81,2.58,86.2,87.65,1.337,3
MOES-TRN-0121,2018-06-16T00:00:00Z,GRID-MUM-01,Arabian_Sea_Monsoon_Surge,265.12,21.14,43.81,13.05,15.63,19.36,6.41,86.4,35.28,4.2,14.22,71.76,2.72,18.42,2.7,0.262,1
MOES-TRN-0122,2018-06-16T03:00:00Z,GRID-CHE-04,Stratiform_Monsoon_Rain,199.72,117.96,54.57,35.32,115.77,127.01,293.53,92.9,99.19,5.8,13.17,19.44,4.34,110.68,153.93,3.4,3
MOES-TRN-0123,2018-06-16T06:00:00Z,GRID-GUW-02,Pre_Monsoon_Norwester,238.36,57.73,52.12,24.4,64.43,50.11,133.88,89.19,85.7,51.4,13.48,61.45,0.01,61.86,62.55,1.061,2
MOES-TRN-0124,2018-06-16T09:00:00Z,GRID-WAY-03,Western_Ghats_Orographic_Surge,272.14,6.06,33.12,7.64,6.59,5.57,7.0,84.38,58.33,780.0,15.1,89.93,0.24,5.63,0.0,0.218,0
MOES-TRN-0125,2018-06-16T12:00:00Z,GRID-DEL-05,Urban_Heat_Island_Downpour,257.26,35.53,45.9,12.11,33.77,33.83,39.39,90.06,78.68,212.0,11.48,53.15,0.24,31.88,19.38,0.16,0
MOES-TRN-0126,2018-06-16T15:00:00Z,GRID-KOL-06,Bay_Cyclone_Spiral_Band,261.4,23.78,46.96,10.28,27.27,30.6,76.16,91.05,69.64,6.1,14.59,59.38,4.1,28.49,24.85,0.763,2
MOES-TRN-0127,2018-06-16T18:00:00Z,GRID-MUM-01,Offshore_Trough_Cloudburst,257.39,30.63,47.54,18.16,34.21,42.54,45.24,91.55,62.35,4.2,14.65,74.78,1.98,34.78,25.26,0.255,1
MOES-TRN-0128,2018-06-16T21:00:00Z,GRID-CHE-04,Northeast_Monsoon_Depression,252.9,50.21,49.82,17.72,42.91,50.12,49.46,90.41,69.97,5.8,13.54,55.07,1.93,46.52,34.26,0.392,1
MOES-TRN-0129,2018-06-17T00:00:00Z,GRID-GUW-02,Pre_Monsoon_Norwester,243.44,69.98,54.08,22.61,61.08,60.83,87.35,86.91,78.8,51.4,13.19,53.15,0.12,70.93,56.36,0.87,2
MOES-TRN-0130,2018-06-17T03:00:00Z,GRID-WAY-03,Western_Ghats_Orographic_Surge,278.56,5.25,35.68,9.04,6.55,14.16,24.27,79.52,39.61,780.0,15.1,69.4,0.3,7.3,0.0,0.272,1
MOES-TRN-0131,2018-06-17T06:00:00Z,GRID-DEL-05,Yamuna_Catchment_Surge,229.25,86.62,55.06,25.87,85.9,65.94,92.64,89.89,80.46,212.0,11.16,55.78,0.01,87.97,80.28,1.043,2
MOES-TRN-0132,2018-06-17T09:00:00Z,GRID-KOL-06,Bay_Cyclone_Spiral_Band,250.44,42.05,47.17,18.0,42.62,38.07,37.23,91.77,81.5,6.1,14.16,72.81,3.97,38.61,27.43,0.524,1
MOES-TRN-0133,2018-06-17T12:00:00Z,GRID-MUM-01,Mesoscale_Convective_System,232.23,83.5,51.15,27.14,75.55,68.59,129.18,93.47,81.65,4.2,14.67,36.07,4.54,70.02,79.93,1.868,3
MOES-TRN-0134,2018-06-17T15:00:00Z,GRID-CHE-04,Bay_of_Bengal_Cyclonic_Landfall,270.38,23.75,45.53,9.92,20.12,13.05,34.05,87.64,62.42,5.8,14.01,76.66,2.05,21.45,8.23,0.234,0
MOES-TRN-0135,2018-06-17T18:00:00Z,GRID-GUW-02,Valley_Monsoon_Shower,210.3,128.3,56.1,34.3,108.62,119.46,222.49,89.06,92.71,51.4,12.77,30.28,0.11,115.95,132.58,2.46,3
MOES-TRN-0136,2018-06-17T21:00:00Z,GRID-WAY-03,Low_Level_Jet_Extreme_Rain,252.47,33.81,48.81,15.61,30.39,30.51,76.76,86.73,79.8,780.0,14.96,74.34,0.27,34.34,22.94,0.361,1
MOES-TRN-0137,2018-06-18T00:00:00Z,GRID-DEL-05,Western_Disturbance_Monsoon_Interaction,263.86,16.09,42.17,11.05,21.46,21.79,21.19,86.59,54.65,212.0,10.96,74.29,0.29,18.82,4.44,0.038,0
MOES-TRN-0138,2018-06-18T03:00:00Z,GRID-KOL-06,Monsoon_Trough_Pass,206.38,108.7,54.97,38.13,119.3,109.44,267.31,93.78,92.52,6.1,14.02,45.49,4.49,109.88,150.02,3.13,3
MOES-TRN-0139,2018-06-18T06:00:00Z,GRID-MUM-01,Mesoscale_Convective_System,233.73,66.4,54.35,25.01,67.84,78.39,93.21,92.69,84.94,4.2,15.09,35.35,3.66,76.46,76.49,1.624,3
MOES-TRN-0140,2018-06-18T09:00:00Z,GRID-CHE-04,Bay_of_Bengal_Cyclonic_Landfall,264.89,15.77,42.07,8.31,14.85,13.85,4.09,88.13,47.19,5.8,13.95,78.6,2.87,15.07,1.92,0.298,1
MOES-TRN-0141,2018-06-18T12:00:00Z,GRID-GUW-02,Valley_Monsoon_Shower,193.21,134.81,59.33,39.43,139.86,137.85,152.38,88.37,91.52,51.4,13.45,33.02,0.16,153.56,152.2,2.54,3
MOES-TRN-0142,2018-06-18T15:00:00Z,GRID-WAY-03,Low_Level_Jet_Extreme_Rain,263.15,23.31,45.83,12.3,22.14,27.74,59.78,83.4,60.36,780.0,14.9,68.15,0.06,24.57,9.76,0.297,1
MOES-TRN-0143,2018-06-18T18:00:00Z,GRID-DEL-05,Yamuna_Catchment_Surge,240.68,45.19,49.54,21.8,55.81,63.33,164.14,91.07,86.82,212.0,12.4,41.44,0.18,51.87,63.85,1.183,3
MOES-TRN-0144,2018-06-18T21:00:00Z,GRID-KOL-06,Bay_Cyclone_Spiral_Band,254.36,34.65,46.52,16.08,39.72,26.64,77.38,91.43,70.73,6.1,14.11,61.11,2.69,33.8,30.37,0.473,1
MOES-TRN-0145,2018-06-19T00:00:00Z,GRID-MUM-01,Offshore_Trough_Cloudburst,258.12,34.76,47.98,14.8,30.36,27.9,35.83,92.36,77.82,4.2,14.61,74.95,4.42,32.64,23.0,0.667,2
MOES-TRN-0146,2018-06-19T03:00:00Z,GRID-CHE-04,Coastal_Squall_Line,243.35,58.89,51.18,22.57,57.91,48.62,100.42,91.92,88.08,5.8,14.08,53.96,3.92,56.68,57.13,1.246,3
MOES-TRN-0147,2018-06-19T06:00:00Z,GRID-GUW-02,Pre_Monsoon_Norwester,243.07,57.15,50.14,18.6,57.02,43.06,72.13,87.57,83.76,51.4,13.62,39.9,0.2,52.72,38.67,0.645,2
MOES-TRN-0148,2018-06-19T09:00:00Z,GRID-WAY-03,Western_Ghats_Orographic_Surge,272.84,14.22,40.56,8.55,13.7,13.08,21.78,84.63,59.11,780.0,15.1,71.17,0.34,13.31,1.43,0.259,1
MOES-TRN-0149,2018-06-19T12:00:00Z,GRID-DEL-05,Urban_Heat_Island_Downpour,261.86,29.41,48.4,15.06,29.24,33.88,63.85,88.17,64.6,212.0,11.12,54.92,0.22,32.92,21.72,0.177,0
MOES-TRN-0150,2018-06-19T15:00:00Z,GRID-KOL-06,Hooghly_Spring_Tide_Downpour,229.96,66.59,53.5,21.94,67.58,50.44,89.25,91.73,90.2,6.1,13.93,57.38,4.26,69.16,66.2,1.299,3
MOES-TRN-0151,2018-06-19T18:00:00Z,GRID-MUM-01,Arabian_Sea_Monsoon_Surge,269.98,21.05,43.4,9.45,19.12,18.86,4.97,89.45,52.97,4.2,15.36,69.76,1.21,19.29,4.67,0.229,0
MOES-TRN-0152,2018-06-19T21:00:00Z,GRID-CHE-04,Bay_of_Bengal_Cyclonic_Landfall,270.49,9.02,37.16,9.49,9.11,5.52,33.33,87.79,64.71,5.8,13.27,83.72,1.51,8.13,1.61,0.178,0
MOES-TRN-0153,2018-06-20T00:00:00Z,GRID-GUW-02,Brahmaputra_Trough_Convection,248.67,43.07,49.79,22.66,44.04,52.14,53.13,88.0,74.24,51.4,13.29,67.51,0.1,46.03,30.2,0.336,1
MOES-TRN-0154,2018-06-20T03:00:00Z,GRID-WAY-03,Low_Level_Jet_Extreme_Rain,257.84,28.36,44.05,15.53,27.22,25.02,28.37,85.07,75.81,780.0,14.68,65.97,0.24,24.99,7.45,0.212,0
MOES-TRN-0155,2018-06-20T06:00:00Z,GRID-DEL-05,Western_Disturbance_Monsoon_Interaction,271.71,8.09,43.23,9.64,14.07,8.04,4.99,84.67,35.7,212.0,11.46,83.09,0.11,13.64,0.6,0.02,0
MOES-TRN-0156,2018-06-20T09:00:00Z,GRID-KOL-06,Gangetic_West_Bengal_Deep_Depression,271.8,6.27,35.47,11.63,7.91,6.9,26.56,88.06,45.32,6.1,13.8,90.33,4.54,6.9,0.85,0.61,2
MOES-TRN-0157,2018-06-20T12:00:00Z,GRID-MUM-01,Offshore_Trough_Cloudburst,253.04,43.88,48.39,15.32,45.35,44.72,38.67,93.43,80.18,4.2,15.1,63.18,2.72,42.85,34.78,0.54,1
MOES-TRN-0158,2018-06-20T15:00:00Z,GRID-CHE-04,Stratiform_Monsoon_Rain,214.81,97.17,56.66,27.18,97.71,94.84,145.28,91.72,90.12,5.8,14.07,47.56,1.75,106.56,114.36,1.878,3
MOES-TRN-0159,2018-06-20T18:00:00Z,GRID-GUW-02,Pre_Monsoon_Norwester,238.79,69.09,51.78,31.53,65.44,58.08,112.44,88.6,85.45,51.4,12.58,39.3,0.26,64.16,58.97,1.019,2
MOES-TRN-0160,2018-06-20T21:00:00Z,GRID-WAY-03,Western_Ghats_Orographic_Surge,276.87,9.28,39.18,13.28,11.08,9.66,8.98,82.26,51.83,780.0,15.26,80.73,0.18,10.33,0.03,0.186,0
MOES-TRN-0161,2018-06-21T00:00:00Z,GRID-DEL-05,Urban_Heat_Island_Downpour,261.21,33.62,48.2,16.12,31.91,41.67,74.31,88.12,67.8,212.0,10.9,55.17,0.4,35.34,25.42,0.25,1
MOES-TRN-0162,2018-06-21T03:00:00Z,GRID-KOL-06,Hooghly_Spring_Tide_Downpour,238.14,61.73,52.49,24.04,64.37,70.35,77.06,93.78,91.45,6.1,14.82,56.18,2.9,66.46,66.14,1.124,2
MOES-TRN-0163,2018-06-21T06:00:00Z,GRID-MUM-01,Arabian_Sea_Monsoon_Surge,270.8,9.29,35.58,9.4,5.79,4.84,29.9,89.3,59.1,4.2,14.0,83.97,1.74,6.32,1.25,0.246,0
MOES-TRN-0164,2018-06-21T09:00:00Z,GRID-CHE-04,Coastal_Squall_Line,240.55,75.01,51.07,24.54,61.71,71.28,66.06,93.22,92.77,5.8,14.17,49.75,4.08,63.58,59.63,1.241,3
MOES-TRN-0165,2018-06-21T12:00:00Z,GRID-GUW-02,Pre_Monsoon_Norwester,243.16,60.92,50.72,22.64,64.18,58.58,151.72,88.78,90.78,51.4,13.63,51.9,0.35,59.6,63.13,1.107,2
MOES-TRN-0166,2018-06-21T15:00:00Z,GRID-WAY-03,Monsoon_Vortex_Feeder_Band,241.41,66.98,53.09,18.46,65.72,50.16,80.65,87.69,86.93,780.0,15.11,36.79,0.15,66.99,53.17,0.902,2
MOES-TRN-0167,2018-06-21T18:00:00Z,GRID-DEL-05,Western_Disturbance_Monsoon_Interaction,268.23,18.29,42.34,13.0,18.96,16.16,29.4,85.73,55.18,212.0,12.51,83.5,0.05,17.56,4.19,0.162,0
MOES-TRN-0168,2018-06-21T21:00:00Z,GRID-KOL-06,Hooghly_Spring_Tide_Downpour,236.89,70.42,50.9,22.89,65.32,62.94,123.83,91.67,75.83,6.1,14.85,51.71,3.82,62.62,67.08,1.507,3
MOES-TRN-0169,2018-06-22T00:00:00Z,GRID-MUM-01,Arabian_Sea_Monsoon_Surge,270.09,11.46,37.47,13.19,10.29,9.38,2.61,87.65,41.97,4.2,14.32,77.74,2.57,9.62,0.24,0.22,0
MOES-TRN-0170,2018-06-22T03:00:00Z,GRID-CHE-04,Bay_of_Bengal_Cyclonic_Landfall,261.69,18.3,42.27,18.91,21.14,21.02,19.14,86.25,37.13,5.8,13.99,84.37,4.05,19.02,4.12,0.525,1
MOES-TRN-0171,2018-06-22T06:00:00Z,GRID-GUW-02,Brahmaputra_Trough_Convection,254.14,35.73,49.63,14.83,36.97,35.62,28.13,86.18,79.13,51.4,13.57,60.14,0.28,39.51,18.02,0.257,1
MOES-TRN-0172,2018-06-22T09:00:00Z,GRID-WAY-03,Monsoon_Vortex_Feeder_Band,222.64,88.09,53.85,30.1,86.17,71.57,70.34,87.76,84.25,780.0,15.85,58.5,0.16,83.95,66.72,1.041,2
MOES-TRN-0173,2018-06-22T12:00:00Z,GRID-DEL-05,Yamuna_Catchment_Surge,242.97,58.77,53.17,21.48,55.34,68.31,78.5,90.57,92.39,212.0,11.82,39.14,0.0,64.57,56.89,0.874,2
MOES-TRN-0174,2018-06-22T15:00:00Z,GRID-KOL-06,Gangetic_West_Bengal_Deep_Depression,273.71,4.01,38.48,9.83,8.45,0.89,24.86,86.46,43.32,6.1,13.87,86.94,1.68,6.94,0.45,0.226,0
MOES-TRN-0175,2018-06-22T18:00:00Z,GRID-MUM-01,Mesoscale_Convective_System,236.37,65.71,55.65,25.03,65.09,72.97,69.81,95.68,91.37,4.2,15.17,57.71,3.98,80.56,83.41,1.535,3
MOES-TRN-0176,2018-06-22T21:00:00Z,GRID-CHE-04,Stratiform_Monsoon_Rain,219.02,77.59,54.66,28.34,94.83,89.61,260.1,93.46,99.3,5.8,14.16,33.5,4.37,91.4,129.23,2.931,3
MOES-TRN-0177,2018-06-23T00:00:00Z,GRID-GUW-02,Meghalaya_Orographic_Cloudburst,272.01,8.38,42.57,12.34,12.35,13.59,26.48,86.02,51.06,51.4,13.3,81.36,0.09,13.27,2.26,0.185,0
MOES-TRN-0178,2018-06-23T03:00:00Z,GRID-WAY-03,Low_Level_Jet_Extreme_Rain,249.05,36.88,48.66,17.65,42.54,42.54,77.65,85.85,81.78,780.0,15.48,65.15,0.06,40.85,26.86,0.376,1
MOES-TRN-0179,2018-06-23T06:00:00Z,GRID-DEL-05,Urban_Heat_Island_Downpour,260.14,27.12,45.63,13.56,27.54,31.33,39.64,89.56,73.5,212.0,11.02,73.12,0.02,27.49,15.32,0.098,0
MOES-TRN-0180,2018-06-23T09:00:00Z,GRID-KOL-06,Hooghly_Spring_Tide_Downpour,242.36,52.2,51.75,23.86,57.23,59.55,104.75,91.63,79.8,6.1,13.79,54.72,2.46,58.46,59.03,0.945,2
MOES-TRN-0181,2018-06-23T12:00:00Z,GRID-MUM-01,Arabian_Sea_Monsoon_Surge,266.69,14.81,40.35,10.04,13.57,9.21,19.94,91.29,56.96,4.2,15.03,89.69,4.3,12.7,4.1,0.595,1
MOES-TRN-0182,2018-06-23T15:00:00Z,GRID-CHE-04,Bay_of_Bengal_Cyclonic_Landfall,272.67,17.8,43.79,11.89,21.14,19.87,27.42,86.49,37.92,5.8,13.65,91.1,2.18,20.03,5.68,0.15,0
MOES-TRN-0183,2018-06-23T18:00:00Z,GRID-GUW-02,Pre_Monsoon_Norwester,236.08,83.39,53.95,24.62,81.92,76.3,69.31,88.22,80.48,51.4,12.67,42.73,0.18,82.64,66.39,0.943,2
MOES-TRN-0184,2018-06-23T21:00:00Z,GRID-WAY-03,Low_Level_Jet_Extreme_Rain,262.87,26.21,46.13,13.82,25.59,29.74,40.87,84.64,66.52,780.0,15.37,54.76,0.02,27.0,9.83,0.276,1
MOES-TRN-0185,2018-06-24T00:00:00Z,GRID-DEL-05,Western_Disturbance_Monsoon_Interaction,271.81,8.86,37.46,11.35,9.13,6.77,24.28,84.7,43.75,212.0,11.75,72.86,0.13,8.4,0.41,0.166,0
MOES-TRN-0186,2018-06-24T03:00:00Z,GRID-KOL-06,Hooghly_Spring_Tide_Downpour,232.04,76.98,53.97,23.73,72.37,75.47,71.81,92.93,92.3,6.1,14.48,45.52,4.02,77.93,73.96,1.435,3
MOES-TRN-0187,2018-06-24T06:00:00Z,GRID-MUM-01,Mesoscale_Convective_System,234.35,61.57,51.69,27.02,65.44,61.77,150.61,93.59,87.63,4.2,14.23,54.74,1.86,63.19,78.2,1.378,3
MOES-TRN-0188,2018-06-24T09:00:00Z,GRID-CHE-04,Coastal_Squall_Line,246.09,58.11,49.47,22.43,58.26,45.66,161.66,89.49,75.85,5.8,13.6,61.47,3.47,52.25,59.99,1.312,3
MOES-TRN-0189,2018-06-24T12:00:00Z,GRID-GUW-02,Pre_Monsoon_Norwester,234.26,68.36,51.46,26.55,74.05,79.07,123.45,88.3,91.93,51.4,13.63,51.37,0.02,69.34,65.28,1.117,2
MOES-TRN-0190,2018-06-24T15:00:00Z,GRID-WAY-03,Low_Level_Jet_Extreme_Rain,250.62,46.29,48.13,17.49,38.74,41.12,60.96,85.76,75.83,780.0,14.96,59.07,0.15,39.77,23.03,0.372,1
MOES-TRN-0191,2018-06-24T18:00:00Z,GRID-DEL-05,Western_Disturbance_Monsoon_Interaction,267.45,15.74,43.51,13.35,17.37,24.49,11.54,83.69,35.95,212.0,12.1,88.84,0.2,18.67,2.1,0.071,0
MOES-TRN-0192,2018-06-24T21:00:00Z,GRID-KOL-06,Bay_Cyclone_Spiral_Band,254.76,32.88,48.97,15.17,34.06,40.28,68.64,90.21,65.07,6.1,13.77,70.1,2.59,37.26,29.48,0.374,1
MOES-TRN-0193,2018-06-25T00:00:00Z,GRID-MUM-01,Arabian_Sea_Monsoon_Surge,273.26,8.27,39.29,12.55,7.49,8.41,15.47,88.58,43.57,4.2,15.06,76.32,3.1,8.68,0.8,0.418,1
MOES-TRN-0194,2018-06-25T03:00:00Z,GRID-CHE-04,Northeast_Monsoon_Depression,254.08,40.82,49.77,14.59,42.71,37.59,75.86,91.23,80.1,5.8,13.53,69.64,1.7,43.08,37.99,0.383,1
MOES-TRN-0195,2018-06-25T06:00:00Z,GRID-GUW-02,Brahmaputra_Trough_Convection,260.55,18.74,43.9,16.34,24.14,23.98,53.6,85.26,61.05,51.4,13.09,55.12,0.33,21.99,9.07,0.226,0
MOES-TRN-0196,2018-06-25T09:00:00Z,GRID-WAY-03,Light_Orographic_Spell,188.0,147.68,57.79,45.23,153.29,164.64,174.08,87.66,89.25,780.0,14.38,19.04,0.25,152.7,153.92,2.761,3
MOES-TRN-0197,2018-06-25T12:00:00Z,GRID-DEL-05,Urban_Heat_Island_Downpour,258.35,29.8,46.47,13.98,25.68,34.3,60.36,85.83,59.4,212.0,11.73,76.51,0.22,28.69,14.93,0.196,0
MOES-TRN-0198,2018-06-25T15:00:00Z,GRID-KOL-06,Monsoon_Trough_Pass,196.45,128.4,56.33,40.01,118.07,135.12,241.72,94.25,89.66,6.1,14.17,38.58,1.56,123.03,158.88,2.843,3
MOES-TRN-0199,2018-06-25T18:00:00Z,GRID-MUM-01,Offshore_Trough_Cloudburst,264.05,19.59,44.37,12.53,26.05,26.09,65.92,89.54,59.12,4.2,14.58,53.36,4.56,23.6,16.73,0.811,2
MOES-TRN-0200,2018-06-25T21:00:00Z,GRID-CHE-04,Northeast_Monsoon_Depression,250.74,48.07,47.97,18.71,44.87,40.07,56.82,88.99,60.92,5.8,14.01,63.61,1.85,41.98,29.18,0.326,1
MOES-TRN-0201,2018-06-26T00:00:00Z,GRID-GUW-02,Valley_Monsoon_Shower,188.0,146.7,57.76,43.45,148.48,137.63,299.33,90.09,95.34,51.4,12.71,40.59,0.3,146.72,182.37,3.284,3
MOES-TRN-0202,2018-06-26T03:00:00Z,GRID-WAY-03,Western_Ghats_Orographic_Surge,260.09,22.75,41.34,13.67,22.81,23.19,0.82,83.51,48.38,780.0,14.93,82.87,0.35,20.03,1.72,0.221,0
MOES-TRN-0203,2018-06-26T06:00:00Z,GRID-DEL-05,Urban_Heat_Island_Downpour,255.05,39.52,47.33,19.36,40.27,46.32,69.86,88.26,61.05,212.0,11.62,52.68,0.21,38.7,27.61,0.318,1
MOES-TRN-0204,2018-06-26T09:00:00Z,GRID-KOL-06,Hooghly_Spring_Tide_Downpour,248.53,52.85,50.14,21.82,52.31,56.38,86.66,91.84,84.46,6.1,14.38,50.81,2.18,52.09,49.79,0.76,2
MOES-TRN-0205,2018-06-26T12:00:00Z,GRID-MUM-01,Mesoscale_Convective_System,245.45,48.51,48.33,20.2,52.33,45.11,129.27,94.63,82.21,4.2,14.52,49.71,2.7,46.19,59.76,1.16,3
MOES-TRN-0206,2018-06-26T15:00:00Z,GRID-CHE-04,Northeast_Monsoon_Depression,265.27,30.74,44.51,14.38,26.11,30.49,58.79,92.12,81.71,5.8,13.99,65.31,3.6,26.17,21.38,0.53,1
MOES-TRN-0207,2018-06-26T18:00:00Z,GRID-GUW-02,Meghalaya_Orographic_Cloudburst,272.27,5.51,31.94,8.69,1.54,6.06,14.44,84.63,60.42,51.4,13.26,79.18,0.12,3.47,0.0,0.103,0
MOES-TRN-0208,2018-06-26T21:00:00Z,GRID-WAY-03,Monsoon_Vortex_Feeder_Band,229.92,77.8,52.59,25.33,83.05,71.4,140.17,85.97,81.41,780.0,15.47,36.26,0.11,76.58,69.89,1.36,3
MOES-TRN-0209,2018-06-27T00:00:00Z,GRID-DEL-05,Urban_Heat_Island_Downpour,245.82,29.85,46.76,14.06,26.25,23.65,46.57,88.06,67.07,212.0,12.36,62.55,0.31,27.82,14.82,0.219,0
MOES-TRN-0210,2018-06-27T03:00:00Z,GRID-KOL-06,Bay_Cyclone_Spiral_Band,249.04,42.86,49.37,16.8,42.77,32.46,43.41,92.38,79.71,6.1,14.67,66.0,1.77,41.87,32.71,0.382,1
MOES-TRN-0211,2018-06-27T06:00:00Z,GRID-MUM-01,Offshore_Trough_Cloudburst,255.9,38.47,46.77,17.53,40.86,38.75,75.47,90.43,67.89,4.2,14.69,59.35,1.53,36.88,30.85,0.437,1
MOES-TRN-0212,2018-06-27T09:00:00Z,GRID-CHE-04,Northeast_Monsoon_Depression,254.78,31.81,49.79,15.96,39.07,26.98,68.83,89.37,69.43,5.8,13.77,66.24,4.4,38.8,29.38,0.765,2
MOES-TRN-0213,2018-06-27T12:00:00Z,GRID-GUW-02,Pre_Monsoon_Norwester,228.78,73.55,50.68,27.19,70.61,86.46,157.44,87.3,84.52,51.4,12.44,48.27,0.07,67.85,68.48,1.203,3
MOES-TRN-0214,2018-06-27T15:00:00Z,GRID-WAY-03,Low_Level_Jet_Extreme_Rain,268.1,22.4,42.49,9.2,22.09,21.15,62.35,84.93,69.64,780.0,14.74,66.27,0.02,20.22,8.87,0.358,1
MOES-TRN-0215,2018-06-27T18:00:00Z,GRID-DEL-05,Urban_Heat_Island_Downpour,254.42,38.47,45.81,19.43,41.18,40.66,44.18,87.43,60.88,212.0,11.02,68.1,0.29,36.01,19.7,0.126,0
MOES-TRN-0216,2018-06-27T21:00:00Z,GRID-KOL-06,Hooghly_Spring_Tide_Downpour,243.92,60.49,50.28,23.48,53.93,56.2,131.26,92.57,81.17,6.1,14.33,45.19,2.73,54.24,62.83,1.253,3
MOES-TRN-0217,2018-06-28T00:00:00Z,GRID-MUM-01,Offshore_Trough_Cloudburst,258.18,25.07,45.1,12.27,23.33,20.66,58.5,90.52,64.38,4.2,15.12,61.33,1.95,23.46,16.69,0.334,1
MOES-TRN-0218,2018-06-28T03:00:00Z,GRID-CHE-04,Bay_of_Bengal_Cyclonic_Landfall,263.44,8.01,45.43,14.53,14.13,14.59,4.96,87.85,43.63,5.8,14.72,91.14,1.29,16.76,2.55,0.204,0
MOES-TRN-0219,2018-06-28T06:00:00Z,GRID-GUW-02,Meghalaya_Orographic_Cloudburst,271.77,13.8,42.73,15.63,17.84,16.19,10.67,82.73,42.38,51.4,12.0,71.53,0.22,16.72,1.16,0.105,0
MOES-TRN-0220,2018-06-28T09:00:00Z,GRID-WAY-03,Low_Level_Jet_Extreme_Rain,255.2,37.24,48.85,16.27,40.15,36.11,48.98,85.81,72.31,780.0,14.66,57.18,0.34,39.46,20.87,0.356,1
MOES-TRN-0221,2018-06-28T12:00:00Z,GRID-DEL-05,Western_Disturbance_Monsoon_Interaction,275.36,7.62,32.87,11.37,6.18,1.8,16.93,84.67,38.02,212.0,11.44,81.14,0.39,5.14,0.0,0.072,0
MOES-TRN-0222,2018-06-28T15:00:00Z,GRID-KOL-06,Monsoon_Trough_Pass,193.86,152.46,55.12,42.26,148.57,131.61,272.2,92.46,92.8,6.1,13.91,23.0,3.36,131.79,168.88,3.363,3
MOES-TRN-0223,2018-06-28T18:00:00Z,GRID-MUM-01,Mesoscale_Convective_System,223.36,79.21,54.04,28.14,82.46,74.85,78.54,92.54,78.8,4.2,14.79,38.9,2.09,82.32,78.63,1.307,3
MOES-TRN-0224,2018-06-28T21:00:00Z,GRID-CHE-04,Northeast_Monsoon_Depression,246.6,37.95,47.73,18.56,41.93,39.76,76.13,90.5,74.27,5.8,13.99,65.38,1.62,38.8,32.8,0.406,1
MOES-TRN-0225,2018-06-29T00:00:00Z,GRID-GUW-02,Brahmaputra_Trough_Convection,259.93,34.49,47.34,15.13,28.54,28.03,84.21,87.26,65.68,51.4,12.82,65.12,0.11,30.9,22.32,0.307,1
MOES-TRN-0226,2018-06-29T03:00:00Z,GRID-WAY-03,Western_Ghats_Orographic_Surge,264.84,19.35,42.3,11.57,22.35,18.93,33.51,83.13,43.1,780.0,14.57,74.36,0.12,19.37,3.97,0.318,1
MOES-TRN-0227,2018-06-29T06:00:00Z,GRID-DEL-05,Yamuna_Catchment_Surge,237.5,63.54,54.16,27.74,77.45,70.98,116.42,91.89,91.47,212.0,11.72,47.61,0.31,77.86,80.71,1.239,3
MOES-TRN-0228,2018-06-29T09:00:00Z,GRID-KOL-06,Hooghly_Spring_Tide_Downpour,229.63,72.85,54.15,27.48,75.52,92.79,159.53,91.83,82.61,6.1,14.78,46.45,1.85,81.6,93.37,1.69,3
MOES-TRN-0229,2018-06-29T12:00:00Z,GRID-MUM-01,Mesoscale_Convective_System,246.67,53.66,53.08,21.11,52.56,39.61,84.25,92.24,85.24,4.2,15.2,54.59,1.59,58.33,56.08,0.922,2
MOES-TRN-0230,2018-06-29T15:00:00Z,GRID-CHE-04,Coastal_Squall_Line,247.29,51.72,50.2,21.08,49.94,59.22,88.32,92.28,75.57,5.8,13.65,51.9,1.7,51.55,50.62,0.839,2
MOES-TRN-0231,2018-06-29T18:00:00Z,GRID-GUW-02,Meghalaya_Orographic_Cloudburst,268.21,19.29,45.24,10.53,19.56,11.02,12.67,84.81,54.93,51.4,13.49,68.53,0.15,19.9,3.13,0.151,0
MOES-TRN-0232,2018-06-29T21:00:00Z,GRID-WAY-03,Low_Level_Jet_Extreme_Rain,253.1,35.27,45.54,16.49,32.12,38.41,56.6,84.01,59.6,780.0,15.19,72.62,0.04,31.41,14.17,0.374,1
MOES-TRN-0233,2018-06-30T00:00:00Z,GRID-DEL-05,Yamuna_Catchment_Surge,231.45,69.91,52.09,23.43,69.98,59.27,74.82,89.96,79.37,212.0,11.7,47.49,0.31,67.1,57.11,0.752,2
MOES-TRN-0234,2018-06-30T03:00:00Z,GRID-KOL-06,Bay_Cyclone_Spiral_Band,258.84,32.75,48.81,14.92,32.04,41.38,81.76,91.37,60.65,6.1,14.63,71.92,1.48,36.31,33.35,0.387,1
MOES-TRN-0235,2018-06-30T06:00:00Z,GRID-MUM-01,Mesoscale_Convective_System,232.72,69.93,51.15,25.48,82.39,83.71,155.92,94.03,91.52,4.2,14.46,45.62,1.9,72.57,89.69,1.554,3
MOES-TRN-0236,2018-06-30T09:00:00Z,GRID-CHE-04,Stratiform_Monsoon_Rain,208.1,124.11,53.71,34.1,113.3,101.15,303.73,94.21,98.88,5.8,14.12,23.67,4.27,103.61,153.04,3.451,3
MOES-TRN-0237,2018-06-30T12:00:00Z,GRID-GUW-02,Valley_Monsoon_Shower,209.13,116.45,52.77,31.64,102.37,114.62,223.9,89.67,94.46,51.4,13.72,47.07,0.28,96.77,115.96,2.107,3
MOES-TRN-0238,2018-06-30T15:00:00Z,GRID-WAY-03,Low_Level_Jet_Extreme_Rain,269.14,24.66,46.22,12.56,22.51,21.11,25.47,85.09,71.24,780.0,15.24,64.98,0.04,24.49,6.84,0.249,0
MOES-TRN-0239,2018-06-30T18:00:00Z,GRID-DEL-05,Western_Disturbance_Monsoon_Interaction,267.1,15.99,41.34,12.08,12.91,14.23,18.77,83.36,38.55,212.0,11.52,85.78,0.26,13.93,1.07,0.067,0
MOES-TRN-0240,2018-06-30T21:00:00Z,GRID-KOL-06,Monsoon_Trough_Pass,194.05,149.89,56.15,41.68,143.94,127.89,137.83,94.25,99.18,6.1,14.18,29.92,3.33,134.27,147.36,2.707,3
MOES-TRN-0241,2018-07-01T00:00:00Z,GRID-MUM-01,Mesoscale_Convective_System,243.47,60.01,49.29,25.25,62.13,55.2,70.42,93.04,80.88,4.2,14.34,58.58,3.34,55.0,51.91,0.95,2
MOES-TRN-0242,2018-07-01T03:00:00Z,GRID-CHE-04,Coastal_Squall_Line,240.13,62.62,50.21,21.73,63.41,60.6,86.55,90.52,82.66,5.8,13.97,53.11,3.51,58.64,52.9,1.013,2
MOES-TRN-0243,2018-07-01T06:00:00Z,GRID-GUW-02,Meghalaya_Orographic_Cloudburst,268.44,19.17,45.48,11.5,18.65,21.37,8.92,83.58,44.95,51.4,12.86,79.24,0.29,21.27,2.78,0.114,0
MOES-TRN-0244,2018-07-01T09:00:00Z,GRID-WAY-03,Low_Level_Jet_Extreme_Rain,257.88,29.12,47.52,15.55,25.73,26.57,28.62,85.35,67.45,780.0,15.49,54.45,0.17,29.05,10.1,0.344,1
MOES-TRN-0245,2018-07-01T12:00:00Z,GRID-DEL-05,Western_Disturbance_Monsoon_Interaction,273.19,9.06,37.05,7.62,5.84,0.32,4.08,86.65,53.38,212.0,11.76,80.86,0.39,6.13,0.0,0.083,0
MOES-TRN-0246,2018-07-01T15:00:00Z,GRID-KOL-06,Gangetic_West_Bengal_Deep_Depression,279.45,0.3,28.98,9.09,2.37,1.91,22.04,88.87,54.55,6.1,14.02,74.97,2.48,1.97,0.01,0.215,0
MOES-TRN-0247,2018-07-01T18:00:00Z,GRID-MUM-01,Offshore_Trough_Cloudburst,266.55,18.99,46.16,13.97,22.0,31.25,27.1,91.19,59.46,4.2,14.66,61.28,1.3,24.73,13.21,0.267,1
MOES-TRN-0248,2018-07-01T21:00:00Z,GRID-CHE-04,Bay_of_Bengal_Cyclonic_Landfall,269.12,18.99,39.88,9.89,16.52,14.95,20.94,86.9,43.63,5.8,13.89,81.73,3.35,15.04,2.86,0.428,1
MOES-TRN-0249,2018-07-02T00:00:00Z,GRID-GUW-02,Brahmaputra_Trough_Convection,250.69,45.09,49.17,15.76,42.0,33.79,56.36,87.66,71.54,51.4,13.85,59.09,0.09,41.72,26.67,0.363,1
MOES-TRN-0250,2018-07-02T03:00:00Z,GRID-WAY-03,Western_Ghats_Orographic_Surge,273.52,3.33,32.1,7.57,3.86,0.0,29.52,85.04,62.57,780.0,14.74,78.68,0.14,3.18,0.01,0.239,0
MOES-TRN-0251,2018-07-02T06:00:00Z,GRID-DEL-05,Yamuna_Catchment_Surge,247.0,56.23,50.84,21.06,46.27,47.89,121.39,90.68,85.16,212.0,11.64,55.0,0.0,50.85,53.15,0.802,2
MOES-TRN-0252,2018-07-02T09:00:00Z,GRID-KOL-06,Gangetic_West_Bengal_Deep_Depression,273.45,8.11,38.08,8.17,9.63,5.81,31.83,86.34,41.24,6.1,14.66,68.65,4.13,8.57,1.19,0.62,2
MOES-TRN-0253,2018-07-02T12:00:00Z,GRID-MUM-01,Mesoscale_Convective_System,243.24,62.69,49.48,20.09,54.36,57.55,122.46,93.52,78.24,4.2,14.79,36.06,3.49,53.18,62.28,1.426,3
MOES-TRN-0254,2018-07-02T15:00:00Z,GRID-CHE-04,Northeast_Monsoon_Depression,261.83,31.1,44.05,14.18,29.9,31.92,65.49,90.03,68.07,5.8,14.23,53.21,3.41,27.41,20.36,0.511,1
MOES-TRN-0255,2018-07-02T18:00:00Z,GRID-GUW-02,Pre_Monsoon_Norwester,243.53,50.1,52.72,23.32,57.01,62.56,115.02,88.84,80.17,51.4,13.1,37.0,0.29,61.46,57.54,1.04,2
MOES-TRN-0256,2018-07-02T21:00:00Z,GRID-WAY-03,Monsoon_Vortex_Feeder_Band,240.14,52.49,50.68,25.69,54.91,43.55,153.24,86.58,77.89,780.0,15.08,44.39,0.39,52.52,52.15,1.093,2
MOES-TRN-0257,2018-07-03T00:00:00Z,GRID-DEL-05,Yamuna_Catchment_Surge,232.56,66.86,51.79,21.83,70.59,76.27,104.23,89.33,80.34,212.0,10.93,44.78,0.11,68.32,62.81,0.901,2
MOES-TRN-0258,2018-07-03T03:00:00Z,GRID-KOL-06,Monsoon_Trough_Pass,188.0,158.52,58.24,44.61,148.29,124.59,282.22,93.11,96.0,6.1,14.61,31.72,1.26,150.1,191.19,3.509,3
MOES-TRN-0259,2018-07-03T06:00:00Z,GRID-MUM-01,Offshore_Trough_Cloudburst,256.27,35.76,47.06,15.38,35.95,26.88,80.32,90.58,70.71,4.2,14.42,53.1,3.42,33.33,28.97,0.712,2
MOES-TRN-0260,2018-07-03T09:00:00Z,GRID-CHE-04,Northeast_Monsoon_Depression,266.49,24.56,42.65,13.22,22.74,21.37,41.77,90.16,68.41,5.8,13.84,66.74,2.49,20.96,11.57,0.291,1
MOES-TRN-0261,2018-07-03T12:00:00Z,GRID-GUW-02,Meghalaya_Orographic_Cloudburst,268.35,18.19,44.1,13.1,20.9,20.67,29.0,83.15,37.41,51.4,13.23,88.0,0.21,20.4,4.0,0.196,0
MOES-TRN-0262,2018-07-03T15:00:00Z,GRID-WAY-03,Monsoon_Vortex_Feeder_Band,245.78,48.19,49.81,23.33,52.2,50.0,82.74,87.36,89.78,780.0,14.78,50.2,0.3,49.69,37.68,0.641,2
MOES-TRN-0263,2018-07-03T18:00:00Z,GRID-DEL-05,Western_Disturbance_Monsoon_Interaction,261.49,23.45,43.82,14.96,20.27,16.77,17.59,84.21,41.32,212.0,11.65,78.69,0.22,20.2,3.4,0.104,0
MOES-TRN-0264,2018-07-03T21:00:00Z,GRID-KOL-06,Hooghly_Spring_Tide_Downpour,247.3,53.45,53.17,20.45,55.11,49.03,84.44,92.27,84.93,6.1,14.23,50.56,2.34,60.9,58.63,0.966,2
MOES-TRN-0265,2018-07-04T00:00:00Z,GRID-MUM-01,Mesoscale_Convective_System,225.59,68.36,53.2,25.12,71.31,70.96,102.58,92.72,77.68,4.2,15.33,45.75,4.22,72.63,74.86,1.665,3
MOES-TRN-0266,2018-07-04T03:00:00Z,GRID-CHE-04,Bay_of_Bengal_Cyclonic_Landfall,269.44,9.09,33.38,9.65,5.2,4.35,29.93,87.41,51.61,5.8,13.57,86.54,4.21,5.46,0.54,0.567,1
MOES-TRN-0267,2018-07-04T06:00:00Z,GRID-GUW-02,Meghalaya_Orographic_Cloudburst,272.81,4.71,36.2,9.52,5.13,6.73,30.47,84.52,52.26,51.4,13.18,79.01,0.08,5.78,0.2,0.184,0
MOES-TRN-0268,2018-07-04T09:00:00Z,GRID-WAY-03,Monsoon_Vortex_Feeder_Band,238.03,62.5,54.14,21.94,67.25,58.4,76.3,86.04,75.77,780.0,15.23,54.55,0.35,71.98,53.26,0.873,2
MOES-TRN-0269,2018-07-04T12:00:00Z,GRID-DEL-05,Scattered_Convective_Cell,191.73,134.39,56.31,34.83,136.8,135.36,187.19,90.19,91.07,212.0,11.36,31.86,0.27,131.03,142.97,2.406,3
MOES-TRN-0270,2018-07-04T15:00:00Z,GRID-KOL-06,Gangetic_West_Bengal_Deep_Depression,264.49,20.68,41.74,13.41,15.67,25.95,32.9,87.12,51.81,6.1,14.17,86.44,1.38,17.64,5.49,0.231,0
MOES-TRN-0271,2018-07-04T18:00:00Z,GRID-MUM-01,Moderate_Monsoon_Spell,196.74,136.8,57.41,38.19,118.97,136.94,159.81,92.72,88.3,4.2,14.95,47.94,1.49,131.46,144.86,2.403,3
MOES-TRN-0272,2018-07-04T21:00:00Z,GRID-CHE-04,Coastal_Squall_Line,230.24,74.59,56.34,25.03,82.83,78.13,86.85,91.4,86.19,5.8,14.18,36.27,2.1,93.1,87.88,1.457,3
MOES-TRN-0273,2018-07-05T00:00:00Z,GRID-GUW-02,Pre_Monsoon_Norwester,227.82,85.15,53.59,29.69,78.84,68.89,87.8,89.54,82.6,51.4,13.52,43.63,0.17,79.3,70.2,1.098,2
MOES-TRN-0274,2018-07-05T03:00:00Z,GRID-WAY-03,Light_Orographic_Spell,189.64,153.91,57.34,45.25,148.67,153.67,200.05,86.69,88.19,780.0,14.37,28.36,0.12,147.38,151.43,2.714,3
MOES-TRN-0275,2018-07-05T06:00:00Z,GRID-DEL-05,Yamuna_Catchment_Surge,237.14,63.24,51.9,25.36,66.57,64.86,152.6,89.91,83.33,212.0,11.51,43.65,0.22,64.94,71.02,1.148,2
MOES-TRN-0276,2018-07-05T09:00:00Z,GRID-KOL-06,Bay_Cyclone_Spiral_Band,255.32,36.96,46.74,18.08,32.02,29.26,77.83,89.33,59.16,6.1,14.22,54.22,2.49,31.91,25.19,0.425,1
MOES-TRN-0277,2018-07-05T12:00:00Z,GRID-MUM-01,Moderate_Monsoon_Spell,220.29,92.98,54.01,30.75,91.05,75.25,182.93,94.8,96.18,4.2,15.06,41.53,1.3,87.73,112.64,2.083,3
MOES-TRN-0278,2018-07-05T15:00:00Z,GRID-CHE-04,Stratiform_Monsoon_Rain,215.05,100.92,53.89,34.26,98.27,76.56,197.78,92.46,90.04,5.8,13.91,38.62,1.42,91.43,112.92,2.104,3
MOES-TRN-0279,2018-07-05T18:00:00Z,GRID-GUW-02,Pre_Monsoon_Norwester,226.86,75.0,56.23,24.74,76.7,71.47,95.69,86.78,77.79,51.4,12.8,35.35,0.35,89.27,74.49,1.236,3
MOES-TRN-0280,2018-07-05T21:00:00Z,GRID-WAY-03,Light_Orographic_Spell,211.07,120.53,55.53,36.43,112.84,100.46,282.13,88.66,92.86,780.0,15.1,30.33,0.25,110.7,139.08,2.813,3
MOES-TRN-0281,2018-07-06T00:00:00Z,GRID-DEL-05,Urban_Heat_Island_Downpour,258.13,38.17,49.22,17.38,34.31,25.92,42.79,89.97,81.25,212.0,11.54,70.67,0.12,36.69,23.78,0.103,0
MOES-TRN-0282,2018-07-06T03:00:00Z,GRID-KOL-06,Bay_Cyclone_Spiral_Band,246.26,36.48,47.55,16.41,45.09,55.54,57.13,89.94,58.91,6.1,13.46,71.55,4.38,41.68,30.65,0.633,2
MOES-TRN-0283,2018-07-06T06:00:00Z,GRID-MUM-01,Arabian_Sea_Monsoon_Surge,278.71,5.72,29.39,9.8,2.47,6.94,4.4,91.45,62.67,4.2,14.93,77.51,2.41,3.63,0.0,0.244,0
MOES-TRN-0284,2018-07-06T09:00:00Z,GRID-CHE-04,Coastal_Squall_Line,241.39,52.94,49.85,22.16,56.34,71.25,104.91,92.67,86.48,5.8,14.24,43.76,2.4,55.09,58.35,1.069,2
MOES-TRN-0285,2018-07-06T12:00:00Z,GRID-GUW-02,Meghalaya_Orographic_Cloudburst,265.04,15.19,44.01,13.23,15.51,11.01,15.7,85.31,57.53,51.4,12.87,71.91,0.3,16.43,2.26,0.189,0
MOES-TRN-0286,2018-07-06T15:00:00Z,GRID-WAY-03,Low_Level_Jet_Extreme_Rain,252.9,36.99,51.52,16.68,35.57,35.11,25.66,85.55,67.98,780.0,15.23,57.77,0.06,43.71,19.87,0.224,0
MOES-TRN-0287,2018-07-06T18:00:00Z,GRID-DEL-05,Scattered_Convective_Cell,196.13,135.73,57.17,41.81,131.26,139.9,226.15,91.17,92.41,212.0,11.51,25.0,0.13,134.85,158.04,2.795,3
MOES-TRN-0288,2018-07-06T21:00:00Z,GRID-KOL-06,Hooghly_Spring_Tide_Downpour,226.68,87.69,53.51,24.62,78.0,90.12,157.72,91.57,81.96,6.1,14.12,47.53,1.86,82.07,92.74,1.679,3
MOES-TRN-0289,2018-07-07T00:00:00Z,GRID-MUM-01,Offshore_Trough_Cloudburst,249.6,32.46,47.63,18.23,41.61,31.57,45.57,91.42,62.65,4.2,14.64,55.32,4.59,36.48,26.57,0.681,2
MOES-TRN-0290,2018-07-07T03:00:00Z,GRID-CHE-04,Northeast_Monsoon_Depression,258.81,21.73,45.95,10.81,22.32,21.57,25.03,90.05,71.74,5.8,13.36,66.32,1.41,23.67,10.75,0.231,0
MOES-TRN-0291,2018-07-07T06:00:00Z,GRID-GUW-02,Valley_Monsoon_Shower,188.0,136.86,57.29,44.0,148.49,133.12,309.36,88.5,97.87,51.4,13.18,36.25,0.22,141.39,174.46,3.298,3
MOES-TRN-0292,2018-07-07T09:00:00Z,GRID-WAY-03,Low_Level_Jet_Extreme_Rain,256.29,26.34,47.5,11.41,33.82,27.15,83.7,85.76,69.2,780.0,15.1,75.8,0.15,31.72,20.73,0.485,1
MOES-TRN-0293,2018-07-07T12:00:00Z,GRID-DEL-05,Western_Disturbance_Monsoon_Interaction,270.63,9.4,38.34,14.97,8.08,6.86,26.5,86.97,59.99,212.0,11.65,73.01,0.04,8.44,0.99,0.149,0
MOES-TRN-0294,2018-07-07T15:00:00Z,GRID-KOL-06,Monsoon_Trough_Pass,191.94,127.49,60.99,40.9,140.75,126.53,176.01,92.1,91.33,6.1,13.69,36.06,2.36,167.24,181.93,2.989,3
MOES-TRN-0295,2018-07-07T18:00:00Z,GRID-MUM-01,Moderate_Monsoon_Spell,195.89,123.35,57.7,38.89,149.43,161.59,289.59,95.23,96.38,4.2,14.75,22.92,2.63,146.25,195.42,3.782,3
MOES-TRN-0296,2018-07-07T21:00:00Z,GRID-CHE-04,Bay_of_Bengal_Cyclonic_Landfall,272.09,5.94,32.88,6.19,5.49,8.55,11.26,90.67,64.79,5.8,13.74,78.12,4.32,5.56,0.27,0.561,1
MOES-TRN-0297,2018-07-08T00:00:00Z,GRID-GUW-02,Brahmaputra_Trough_Convection,253.55,32.36,47.84,15.89,37.69,30.39,51.86,85.7,72.99,51.4,12.97,53.0,0.37,35.15,18.03,0.208,0
MOES-TRN-0298,2018-07-08T03:00:00Z,GRID-WAY-03,Monsoon_Vortex_Feeder_Band,234.73,72.57,53.75,32.47,78.68,79.85,72.67,86.41,80.48,780.0,15.0,43.32,0.15,79.37,59.96,0.977,2
MOES-TRN-0299,2018-07-08T06:00:00Z,GRID-DEL-05,Western_Disturbance_Monsoon_Interaction,275.0,10.23,41.06,9.94,8.84,6.5,22.94,87.77,61.77,212.0,11.6,77.39,0.1,10.21,1.53,0.125,0
MOES-TRN-0300,2018-07-08T09:00:00Z,GRID-KOL-06,Bay_Cyclone_Spiral_Band,258.58,24.7,45.69,17.15,30.95,21.1,72.6,88.53,60.27,6.1,14.65,70.91,4.02,27.03,19.14,0.675,2
MOES-TRN-0301,2018-07-08T12:00:00Z,GRID-MUM-01,Mesoscale_Convective_System,236.44,64.72,49.21,25.29,70.09,66.28,151.9,93.17,78.82,4.2,14.82,58.31,3.84,60.16,74.42,1.626,3
MOES-TRN-0302,2018-07-08T15:00:00Z,GRID-CHE-04,Bay_of_Bengal_Cyclonic_Landfall,266.17,18.37,43.14,12.36,20.94,25.93,8.16,88.32,62.46,5.8,14.23,71.81,3.72,20.33,4.84,0.449,1
MOES-TRN-0303,2018-07-08T18:00:00Z,GRID-GUW-02,Pre_Monsoon_Norwester,223.62,79.36,55.3,27.07,85.61,70.57,134.19,87.38,77.65,51.4,13.19,52.46,0.37,88.49,83.12,1.383,3
MOES-TRN-0304,2018-07-08T21:00:00Z,GRID-WAY-03,Western_Ghats_Orographic_Surge,276.07,0.03,32.71,6.68,2.2,7.16,3.78,82.88,43.66,780.0,14.95,75.84,0.11,3.14,0.0,0.163,0
MOES-TRN-0305,2018-07-09T00:00:00Z,GRID-DEL-05,Yamuna_Catchment_Surge,228.77,67.42,52.82,23.7,72.18,85.11,162.4,89.48,76.49,212.0,12.37,46.18,0.12,73.49,80.07,1.437,3
MOES-TRN-0306,2018-07-09T03:00:00Z,GRID-KOL-06,Bay_Cyclone_Spiral_Band,250.35,39.82,48.65,17.68,44.33,40.74,62.23,91.1,70.89,6.1,13.97,66.06,4.39,41.74,33.83,0.772,2
MOES-TRN-0307,2018-07-09T06:00:00Z,GRID-MUM-01,Moderate_Monsoon_Spell,213.39,101.75,52.55,36.74,109.12,112.46,141.59,95.39,95.59,4.2,15.43,29.73,2.61,95.95,113.47,2.154,3
MOES-TRN-0308,2018-07-09T09:00:00Z,GRID-CHE-04,Coastal_Squall_Line,234.15,70.96,51.92,24.63,71.07,63.16,139.98,90.22,75.86,5.8,13.99,45.26,3.45,67.7,71.74,1.515,3
MOES-TRN-0309,2018-07-09T12:00:00Z,GRID-GUW-02,Pre_Monsoon_Norwester,239.33,60.35,52.17,24.71,59.79,64.16,133.65,87.83,81.93,51.4,13.38,59.28,0.35,62.63,60.12,1.003,2
MOES-TRN-0310,2018-07-09T15:00:00Z,GRID-WAY-03,Western_Ghats_Orographic_Surge,277.88,0.0,30.76,10.2,1.74,8.68,24.77,83.31,48.57,780.0,14.87,75.21,0.22,2.85,0.0,0.25,1
MOES-TRN-0311,2018-07-09T18:00:00Z,GRID-DEL-05,Western_Disturbance_Monsoon_Interaction,273.52,2.78,30.58,9.8,6.98,9.9,2.59,86.15,49.92,212.0,11.26,84.31,0.14,5.43,0.0,0.05,0
MOES-TRN-0312,2018-07-09T21:00:00Z,GRID-KOL-06,Hooghly_Spring_Tide_Downpour,245.22,50.52,50.71,22.96,51.3,45.52,157.45,91.54,75.39,6.1,14.82,39.02,3.2,51.19,62.94,1.505,3
MOES-TRN-0313,2018-07-10T00:00:00Z,GRID-MUM-01,Offshore_Trough_Cloudburst,256.54,33.67,47.3,16.6,34.51,32.76,81.54,93.47,80.63,4.2,15.06,52.54,1.81,33.64,35.06,0.633,2
MOES-TRN-0314,2018-07-10T03:00:00Z,GRID-CHE-04,Coastal_Squall_Line,230.34,65.73,52.91,21.93,73.58,77.31,110.25,90.92,77.83,5.8,13.49,35.66,1.67,72.97,72.27,1.251,3
MOES-TRN-0315,2018-07-10T06:00:00Z,GRID-GUW-02,Meghalaya_Orographic_Cloudburst,272.12,5.79,34.0,10.47,6.56,3.56,24.74,84.3,58.35,51.4,13.38,87.35,0.37,5.47,0.04,0.195,0
MOES-TRN-0316,2018-07-10T09:00:00Z,GRID-WAY-03,Light_Orographic_Spell,211.57,109.32,53.49,38.88,110.88,121.12,214.3,87.57,89.95,780.0,15.03,32.68,0.05,102.29,113.46,2.261,3
MOES-TRN-0317,2018-07-10T12:00:00Z,GRID-DEL-05,Scattered_Convective_Cell,198.23,131.46,54.67,35.93,115.22,114.53,266.76,90.38,94.16,212.0,12.13,21.46,0.33,111.32,141.37,2.722,3
MOES-TRN-0318,2018-07-10T15:00:00Z,GRID-KOL-06,Hooghly_Spring_Tide_Downpour,241.02,57.68,54.5,25.59,68.52,62.04,116.53,92.15,76.87,6.1,13.83,38.51,1.49,73.67,77.35,1.415,3
MOES-TRN-0319,2018-07-10T18:00:00Z,GRID-MUM-01,Offshore_Trough_Cloudburst,252.98,46.98,49.54,15.42,45.22,49.21,48.47,90.42,65.9,4.2,14.86,67.1,1.95,46.15,33.76,0.401,1
MOES-TRN-0320,2018-07-10T21:00:00Z,GRID-CHE-04,Bay_of_Bengal_Cyclonic_Landfall,263.0,18.52,43.86,8.3,24.55,20.68,13.57,88.72,64.84,5.8,14.02,78.09,3.98,21.62,6.53,0.518,1
MOES-TRN-0321,2018-07-11T00:00:00Z,GRID-GUW-02,Pre_Monsoon_Norwester,231.05,72.58,52.4,22.21,69.84,81.42,106.19,88.23,82.21,51.4,12.76,48.3,0.0,71.51,63.62,0.968,2
MOES-TRN-0322,2018-07-11T03:00:00Z,GRID-WAY-03,Monsoon_Vortex_Feeder_Band,234.21,65.16,53.92,25.91,70.22,80.16,154.93,86.76,91.42,780.0,14.98,49.3,0.28,75.7,73.94,1.345,3
MOES-TRN-0323,2018-07-11T06:00:00Z,GRID-DEL-05,Urban_Heat_Island_Downpour,250.62,39.58,50.58,19.38,38.29,36.23,31.8,88.86,79.54,212.0,11.85,65.81,0.22,42.88,25.12,0.202,0
MOES-TRN-0324,2018-07-11T09:00:00Z,GRID-KOL-06,Monsoon_Trough_Pass,199.05,116.47,57.64,39.36,128.57,119.1,231.83,93.85,95.74,6.1,14.24,42.59,2.33,130.92,163.36,2.89,3
MOES-TRN-0325,2018-07-11T12:00:00Z,GRID-MUM-01,Offshore_Trough_Cloudburst,249.62,51.24,49.23,19.67,45.22,38.25,74.44,91.98,65.24,4.2,14.47,68.56,3.79,44.66,40.69,0.833,2
MOES-TRN-0326,2018-07-11T15:00:00Z,GRID-CHE-04,Coastal_Squall_Line,245.53,51.93,50.64,19.27,53.56,38.37,137.1,91.47,81.06,5.8,14.06,60.27,2.72,51.09,58.43,1.066,2
MOES-TRN-0327,2018-07-11T18:00:00Z,GRID-GUW-02,Brahmaputra_Trough_Convection,256.61,37.37,47.92,16.72,39.25,24.12,33.01,86.96,67.39,51.4,13.57,64.16,0.07,35.8,17.08,0.246,0
MOES-TRN-0328,2018-07-11T21:00:00Z,GRID-WAY-03,Monsoon_Vortex_Feeder_Band,226.81,69.85,51.36,26.71,83.07,68.69,149.32,88.47,85.69,780.0,15.06,36.03,0.2,71.28,72.8,1.436,3
MOES-TRN-0329,2018-07-12T00:00:00Z,GRID-DEL-05,Urban_Heat_Island_Downpour,249.79,40.41,48.68,17.75,45.22,46.23,39.27,86.41,61.9,212.0,11.66,66.15,0.22,42.99,22.79,0.145,0
MOES-TRN-0330,2018-07-12T03:00:00Z,GRID-KOL-06,Hooghly_Spring_Tide_Downpour,238.98,72.63,53.0,25.82,60.32,61.44,135.69,92.98,85.63,6.1,14.74,41.04,2.16,67.1,77.22,1.41,3
MOES-TRN-0331,2018-07-12T06:00:00Z,GRID-MUM-01,Moderate_Monsoon_Spell,209.33,109.94,54.5,39.09,104.68,107.44,261.87,95.21,95.3,4.2,14.55,19.2,3.83,102.16,145.4,3.157,3
MOES-TRN-0332,2018-07-12T09:00:00Z,GRID-CHE-04,Coastal_Squall_Line,248.08,54.82,49.28,18.39,51.96,47.54,159.45,91.95,80.49,5.8,13.35,55.62,4.21,49.21,62.45,1.448,3
MOES-TRN-0333,2018-07-12T12:00:00Z,GRID-GUW-02,Valley_Monsoon_Shower,200.29,115.28,54.05,39.38,117.32,135.14,217.35,88.8,89.29,51.4,13.1,35.84,0.24,109.82,124.8,2.322,3
MOES-TRN-0334,2018-07-12T15:00:00Z,GRID-WAY-03,Light_Orographic_Spell,201.05,112.84,54.2,36.66,113.91,105.23,159.82,86.79,92.65,780.0,15.11,44.98,0.09,104.57,102.08,1.88,3
MOES-TRN-0335,2018-07-12T18:00:00Z,GRID-DEL-05,Urban_Heat_Island_Downpour,256.79,24.0,45.67,16.28,32.06,35.06,41.69,87.09,59.1,212.0,10.84,63.21,0.27,29.28,13.95,0.103,0
MOES-TRN-0336,2018-07-12T21:00:00Z,GRID-KOL-06,Monsoon_Trough_Pass,215.86,102.04,53.21,31.77,98.0,89.65,184.97,93.21,94.79,6.1,15.31,18.52,3.41,90.8,111.63,2.496,3
MOES-TRN-0337,2018-07-13T00:00:00Z,GRID-MUM-01,Arabian_Sea_Monsoon_Surge,267.65,14.1,41.0,9.77,14.07,19.95,1.65,87.94,45.96,4.2,15.16,71.81,1.5,14.66,1.51,0.227,0
MOES-TRN-0338,2018-07-13T03:00:00Z,GRID-CHE-04,Northeast_Monsoon_Depression,262.26,27.9,46.57,12.84,31.36,25.68,30.6,91.36,72.68,5.8,13.76,66.44,2.23,29.47,17.79,0.233,0
MOES-TRN-0339,2018-07-13T06:00:00Z,GRID-GUW-02,Valley_Monsoon_Shower,188.0,161.03,56.27,40.52,153.46,137.33,148.1,89.51,99.39,51.4,13.85,42.2,0.29,141.64,142.97,2.308,3
MOES-TRN-0340,2018-07-13T09:00:00Z,GRID-WAY-03,Western_Ghats_Orographic_Surge,264.57,20.63,45.79,12.02,16.34,16.63,18.69,81.0,35.44,780.0,15.37,89.54,0.19,20.33,2.18,0.23,0
MOES-TRN-0341,2018-07-13T12:00:00Z,GRID-DEL-05,Yamuna_Catchment_Surge,237.91,66.61,52.34,21.34,63.64,79.31,116.98,90.24,86.7,212.0,11.47,57.95,0.07,67.74,67.04,0.975,2
MOES-TRN-0342,2018-07-13T15:00:00Z,GRID-KOL-06,Bay_Cyclone_Spiral_Band,253.99,35.06,49.99,18.37,36.32,47.85,56.13,89.99,68.57,6.1,14.22,74.49,3.68,41.64,30.51,0.568,1
MOES-TRN-0343,2018-07-13T18:00:00Z,GRID-MUM-01,Arabian_Sea_Monsoon_Surge,276.32,4.93,31.98,12.14,5.88,12.36,32.69,87.5,36.66,4.2,14.61,91.25,4.28,5.92,0.81,0.627,2
MOES-TRN-0344,2018-07-13T21:00:00Z,GRID-CHE-04,Coastal_Squall_Line,235.56,58.53,52.89,22.46,64.79,63.2,151.68,90.12,84.9,5.8,14.13,55.34,1.28,66.41,72.7,1.293,3
MOES-TRN-0345,2018-07-14T00:00:00Z,GRID-GUW-02,Brahmaputra_Trough_Convection,254.3,24.96,45.79,16.63,31.53,32.72,32.76,85.34,69.58,51.4,12.61,70.47,0.05,29.05,10.65,0.176,0
MOES-TRN-0346,2018-07-14T03:00:00Z,GRID-WAY-03,Low_Level_Jet_Extreme_Rain,256.42,36.69,48.96,15.1,35.21,33.88,48.54,84.84,61.18,780.0,15.29,57.69,0.3,37.39,18.01,0.302,1
MOES-TRN-0347,2018-07-14T06:00:00Z,GRID-DEL-05,Urban_Heat_Island_Downpour,249.39,51.04,48.6,17.21,41.61,49.5,63.92,90.28,75.0,212.0,11.54,59.96,0.35,43.63,34.27,0.346,1
MOES-TRN-0348,2018-07-14T09:00:00Z,GRID-KOL-06,Monsoon_Trough_Pass,204.6,108.32,53.31,34.24,121.62,117.87,164.43,92.48,94.01,6.1,13.79,28.7,3.99,105.09,119.2,2.486,3
MOES-TRN-0349,2018-07-14T12:00:00Z,GRID-MUM-01,Offshore_Trough_Cloudburst,245.96,43.89,52.61,19.28,48.31,56.34,54.8,91.02,74.99,4.2,14.97,63.84,2.65,55.91,45.03,0.66,2
MOES-TRN-0350,2018-07-14T15:00:00Z,GRID-CHE-04,Stratiform_Monsoon_Rain,208.78,116.82,56.77,35.99,114.7,97.56,158.58,94.04,89.08,5.8,13.7,31.46,1.41,117.16,134.3,2.28,3
MOES-TRN-0351,2018-07-14T18:00:00Z,GRID-GUW-02,Valley_Monsoon_Shower,193.17,113.83,57.39,41.62,130.52,144.21,224.67,89.45,99.49,51.4,13.52,42.02,0.04,133.04,150.87,2.655,3
MOES-TRN-0352,2018-07-14T21:00:00Z,GRID-WAY-03,Low_Level_Jet_Extreme_Rain,258.37,24.78,44.07,14.36,22.18,24.18,83.7,83.87,59.99,780.0,14.96,69.83,0.13,22.41,12.07,0.456,1
MOES-TRN-0353,2018-07-15T00:00:00Z,GRID-DEL-05,Urban_Heat_Island_Downpour,258.71,34.69,46.53,17.29,33.2,21.67,55.9,89.58,76.32,212.0,10.96,67.65,0.33,30.65,20.61,0.11,0
MOES-TRN-0354,2018-07-15T03:00:00Z,GRID-KOL-06,Hooghly_Spring_Tide_Downpour,239.91,61.98,52.22,25.99,57.71,71.54,104.98,91.71,76.82,6.1,14.28,45.33,2.07,63.29,63.87,1.1,2
MOES-TRN-0355,2018-07-15T06:00:00Z,GRID-MUM-01,Mesoscale_Convective_System,253.02,55.82,50.37,18.77,58.34,48.06,76.76,93.35,78.45,4.2,15.06,55.89,3.23,54.24,53.25,0.974,2
MOES-TRN-0356,2018-07-15T09:00:00Z,GRID-CHE-04,Bay_of_Bengal_Cyclonic_Landfall,259.03,20.75,44.24,15.13,21.84,25.45,33.49,88.64,57.51,5.8,13.86,70.9,3.27,21.97,9.42,0.387,1
MOES-TRN-0357,2018-07-15T12:00:00Z,GRID-GUW-02,Pre_Monsoon_Norwester,237.95,62.79,51.36,26.98,66.11,67.16,97.47,87.93,75.08,51.4,12.83,38.7,0.17,63.49,53.86,0.913,2
MOES-TRN-0358,2018-07-15T15:00:00Z,GRID-WAY-03,Monsoon_Vortex_Feeder_Band,247.15,56.6,52.63,18.88,55.49,56.41,105.17,84.03,75.33,780.0,15.56,60.9,0.15,60.76,44.99,0.776,2
MOES-TRN-0359,2018-07-15T18:00:00Z,GRID-DEL-05,Urban_Heat_Island_Downpour,261.41,30.05,46.65,18.54,29.32,31.36,84.54,89.28,76.63,212.0,12.19,72.02,0.28,29.95,24.7,0.279,1
MOES-TRN-0360,2018-07-15T21:00:00Z,GRID-KOL-06,Bay_Cyclone_Spiral_Band,252.15,53.17,47.12,19.16,47.19,52.48,34.61,89.66,64.15,6.1,13.85,76.18,2.86,44.07,27.96,0.335,1
MOES-TRN-0361,2018-07-16T00:00:00Z,GRID-MUM-01,Mesoscale_Convective_System,232.61,60.17,54.14,26.38,63.53,75.76,102.92,95.58,89.93,4.2,14.85,45.3,3.86,72.61,82.47,1.632,3
MOES-TRN-0362,2018-07-16T03:00:00Z,GRID-CHE-04,Bay_of_Bengal_Cyclonic_Landfall,269.2,19.29,43.16,12.92,16.74,17.54,28.69,90.47,64.21,5.8,14.0,76.93,3.38,17.72,7.67,0.406,1
MOES-TRN-0363,2018-07-16T06:00:00Z,GRID-GUW-02,Valley_Monsoon_Shower,220.47,88.61,56.13,31.29,93.25,81.92,145.76,87.99,89.64,51.4,12.8,23.66,0.15,98.66,96.71,1.818,3
MOES-TRN-0364,2018-07-16T09:00:00Z,GRID-WAY-03,Low_Level_Jet_Extreme_Rain,262.57,27.74,45.41,15.8,22.36,29.99,60.79,85.54,73.85,780.0,15.47,68.09,0.03,25.17,12.31,0.357,1
MOES-TRN-0365,2018-07-16T12:00:00Z,GRID-DEL-05,Yamuna_Catchment_Surge,241.5,52.1,47.83,22.12,44.98,59.99,129.17,90.62,88.34,212.0,11.05,48.16,0.14,45.21,49.39,0.79,2
MOES-TRN-0366,2018-07-16T15:00:00Z,GRID-KOL-06,Hooghly_Spring_Tide_Downpour,230.26,89.03,53.0,27.72,74.47,96.7,147.51,92.41,90.3,6.1,14.26,41.7,2.34,80.06,90.86,1.652,3
MOES-TRN-0367,2018-07-16T18:00:00Z,GRID-MUM-01,Mesoscale_Convective_System,231.73,70.48,52.39,22.99,73.31,68.59,73.83,92.47,77.21,4.2,14.76,39.53,3.05,70.7,66.25,1.199,3
MOES-TRN-0368,2018-07-16T21:00:00Z,GRID-CHE-04,Bay_of_Bengal_Cyclonic_Landfall,275.6,9.59,38.9,6.67,7.0,11.08,4.82,87.84,42.92,5.8,14.04,78.26,4.22,8.89,0.22,0.501,1
MOES-TRN-0369,2018-07-17T00:00:00Z,GRID-GUW-02,Meghalaya_Orographic_Cloudburst,269.68,11.78,40.36,11.4,13.56,12.63,3.86,82.87,48.88,51.4,13.29,81.65,0.28,12.69,0.17,0.116,0
MOES-TRN-0370,2018-07-17T03:00:00Z,GRID-WAY-03,Monsoon_Vortex_Feeder_Band,237.41,51.1,49.41,19.44,63.77,61.05,75.18,87.55,82.52,780.0,14.71,58.41,0.17,55.25,41.4,0.624,2
MOES-TRN-0371,2018-07-17T06:00:00Z,GRID-DEL-05,Yamuna_Catchment_Surge,234.74,55.61,50.9,20.23,60.79,65.47,96.93,88.93,82.36,212.0,11.75,37.57,0.37,58.88,51.74,0.823,2
MOES-TRN-0372,2018-07-17T09:00:00Z,GRID-KOL-06,Gangetic_West_Bengal_Deep_Depression,262.86,21.7,45.04,12.23,22.19,13.83,32.18,86.83,47.29,6.1,14.37,84.17,1.37,21.46,7.31,0.287,1
MOES-TRN-0373,2018-07-17T12:00:00Z,GRID-MUM-01,Arabian_Sea_Monsoon_Surge,278.99,10.81,36.84,5.93,8.94,14.99,13.35,87.93,54.18,4.2,15.22,87.55,4.36,9.57,0.76,0.553,1
MOES-TRN-0374,2018-07-17T15:00:00Z,GRID-CHE-04,Stratiform_Monsoon_Rain,203.15,117.69,53.89,34.25,115.59,96.27,190.2,92.19,88.03,5.8,13.71,34.91,1.51,103.49,122.36,2.181,3
MOES-TRN-0375,2018-07-17T18:00:00Z,GRID-GUW-02,Meghalaya_Orographic_Cloudburst,273.92,2.51,37.47,12.55,7.13,11.84,7.38,85.21,61.55,51.4,13.53,73.33,0.26,7.33,0.0,0.136,0
MOES-TRN-0376,2018-07-17T21:00:00Z,GRID-WAY-03,Light_Orographic_Spell,207.21,113.57,55.84,31.33,109.82,121.24,253.03,88.15,98.29,780.0,15.57,41.78,0.09,112.91,133.55,2.566,3
MOES-TRN-0377,2018-07-18T00:00:00Z,GRID-DEL-05,Yamuna_Catchment_Surge,236.45,75.67,53.01,26.62,64.33,66.94,164.76,91.04,91.54,212.0,11.86,48.8,0.3,69.9,81.11,1.399,3
MOES-TRN-0378,2018-07-18T03:00:00Z,GRID-KOL-06,Bay_Cyclone_Spiral_Band,263.5,27.55,46.98,15.35,26.46,21.95,33.85,89.11,61.56,6.1,14.22,68.85,3.13,27.62,13.9,0.449,1
MOES-TRN-0379,2018-07-18T06:00:00Z,GRID-MUM-01,Mesoscale_Convective_System,234.43,59.14,55.55,27.79,75.8,62.28,163.32,94.76,91.0,4.2,14.89,60.68,2.41,81.58,102.19,1.796,3
MOES-TRN-0380,2018-07-18T09:00:00Z,GRID-CHE-04,Stratiform_Monsoon_Rain,213.66,84.41,53.02,33.76,97.45,92.07,224.73,92.21,89.2,5.8,14.41,28.74,1.96,87.47,114.16,2.24,3
MOES-TRN-0381,2018-07-18T12:00:00Z,GRID-GUW-02,Pre_Monsoon_Norwester,230.65,66.81,54.32,27.24,80.7,76.78,161.96,88.98,86.26,51.4,13.25,47.99,0.35,81.08,85.93,1.56,3
MOES-TRN-0382,2018-07-18T15:00:00Z,GRID-WAY-03,Light_Orographic_Spell,188.0,156.33,57.39,47.13,155.29,150.49,242.55,89.77,98.66,780.0,15.04,33.16,0.22,150.18,172.5,3.138,3
MOES-TRN-0383,2018-07-18T18:00:00Z,GRID-DEL-05,Western_Disturbance_Monsoon_Interaction,262.93,18.8,42.44,6.48,15.52,22.78,0.88,85.59,40.44,212.0,11.38,80.6,0.38,17.34,1.56,0.081,0
MOES-TRN-0384,2018-07-18T21:00:00Z,GRID-KOL-06,Monsoon_Trough_Pass,199.05,134.18,56.35,36.05,129.77,128.94,188.23,92.57,91.16,6.1,14.04,44.54,2.41,127.65,146.84,2.569,3
MOES-TRN-0385,2018-07-19T00:00:00Z,GRID-MUM-01,Mesoscale_Convective_System,237.27,72.33,54.13,23.52,62.74,65.1,96.11,95.1,92.08,4.2,14.74,45.29,2.73,72.71,79.78,1.409,3
MOES-TRN-0386,2018-07-19T03:00:00Z,GRID-CHE-04,Northeast_Monsoon_Depression,254.12,32.97,49.07,13.96,32.42,33.4,42.13,90.94,81.51,5.8,13.43,55.02,1.42,35.88,24.56,0.284,1
MOES-TRN-0387,2018-07-19T06:00:00Z,GRID-GUW-02,Brahmaputra_Trough_Convection,249.71,34.42,50.02,17.26,43.29,44.08,61.78,87.62,78.58,51.4,13.06,61.91,0.02,43.74,29.23,0.272,1
MOES-TRN-0388,2018-07-19T09:00:00Z,GRID-WAY-03,Low_Level_Jet_Extreme_Rain,255.63,35.38,49.16,11.57,29.33,38.14,49.05,84.72,64.69,780.0,14.66,59.78,0.38,35.92,16.92,0.3,1
MOES-TRN-0389,2018-07-19T12:00:00Z,GRID-DEL-05,Yamuna_Catchment_Surge,245.95,52.23,48.95,18.22,58.39,49.22,143.26,90.58,85.96,212.0,11.94,38.86,0.04,50.81,57.38,1.036,2
MOES-TRN-0390,2018-07-19T15:00:00Z,GRID-KOL-06,Bay_Cyclone_Spiral_Band,251.53,46.17,48.61,17.32,44.33,44.63,76.31,90.11,73.1,6.1,14.79,52.51,4.48,43.23,36.0,0.995,2
MOES-TRN-0391,2018-07-19T18:00:00Z,GRID-MUM-01,Offshore_Trough_Cloudburst,267.43,24.77,44.6,11.55,21.16,22.45,54.59,90.83,73.47,4.2,13.96,74.96,4.38,22.3,15.52,0.679,2
MOES-TRN-0392,2018-07-19T21:00:00Z,GRID-CHE-04,Bay_of_Bengal_Cyclonic_Landfall,268.65,24.02,43.88,12.71,20.27,15.11,28.04,87.21,43.82,5.8,14.25,89.54,1.87,20.11,6.32,0.257,1
MOES-TRN-0393,2018-07-20T00:00:00Z,GRID-GUW-02,Meghalaya_Orographic_Cloudburst,259.46,21.67,44.75,13.88,21.75,15.41,16.82,86.33,61.65,51.4,13.82,71.17,0.11,21.2,4.98,0.151,0
MOES-TRN-0394,2018-07-20T03:00:00Z,GRID-WAY-03,Western_Ghats_Orographic_Surge,269.15,5.85,35.39,10.33,7.67,5.93,18.53,84.01,59.49,780.0,14.65,73.22,0.22,6.58,0.02,0.173,0
MOES-TRN-0395,2018-07-20T06:00:00Z,GRID-DEL-05,Urban_Heat_Island_Downpour,252.0,40.65,49.64,13.58,44.29,45.88,27.17,85.05,58.45,212.0,11.63,76.8,0.04,44.53,20.04,0.093,0
MOES-TRN-0396,2018-07-20T09:00:00Z,GRID-KOL-06,Gangetic_West_Bengal_Deep_Depression,264.42,14.36,39.48,10.01,11.83,15.56,10.78,87.75,43.9,6.1,14.67,86.58,3.62,12.39,1.36,0.519,1
MOES-TRN-0397,2018-07-20T12:00:00Z,GRID-MUM-01,Moderate_Monsoon_Spell,188.0,153.87,59.03,42.4,148.78,137.48,230.7,92.75,93.69,4.2,14.59,30.6,3.17,157.46,186.14,3.5,3
MOES-TRN-0398,2018-07-20T15:00:00Z,GRID-CHE-04,Northeast_Monsoon_Depression,258.92,37.68,47.39,17.0,37.42,34.28,78.54,90.59,81.11,5.8,14.49,68.36,2.47,35.73,30.75,0.457,1
MOES-TRN-0399,2018-07-20T18:00:00Z,GRID-GUW-02,Meghalaya_Orographic_Cloudburst,277.68,5.4,34.57,10.9,8.43,11.6,22.65,84.38,50.72,51.4,13.19,69.29,0.04,7.38,0.18,0.146,0
MOES-TRN-0400,2018-07-20T21:00:00Z,GRID-WAY-03,Monsoon_Vortex_Feeder_Band,239.78,71.46,51.6,22.82,67.44,71.6,95.2,85.95,82.33,780.0,14.9,56.15,0.06,66.66,52.05,0.892,2
MOES-TRN-0401,2018-07-21T00:00:00Z,GRID-DEL-05,Scattered_Convective_Cell,203.69,109.74,55.08,39.5,117.65,119.78,263.6,90.57,97.79,212.0,12.46,35.93,0.11,111.35,141.27,2.651,3
MOES-TRN-0402,2018-07-21T03:00:00Z,GRID-KOL-06,Bay_Cyclone_Spiral_Band,255.8,31.71,47.76,14.66,34.29,40.39,36.7,91.2,73.43,6.1,14.63,76.06,2.89,35.03,23.27,0.392,1
MOES-TRN-0403,2018-07-21T06:00:00Z,GRID-MUM-01,Moderate_Monsoon_Spell,194.81,141.93,57.81,38.39,123.46,116.79,295.61,95.27,98.36,4.2,14.85,20.05,1.62,133.84,184.5,3.627,3
MOES-TRN-0404,2018-07-21T09:00:00Z,GRID-CHE-04,Coastal_Squall_Line,230.23,85.79,54.25,24.39,75.45,80.63,96.11,90.89,77.09,5.8,13.81,43.35,3.61,82.37,78.2,1.536,3
MOES-TRN-0405,2018-07-21T12:00:00Z,GRID-GUW-02,Pre_Monsoon_Norwester,233.11,62.36,53.35,22.57,66.07,69.03,126.86,89.76,92.51,51.4,13.11,59.66,0.32,69.95,70.03,1.108,2
MOES-TRN-0406,2018-07-21T15:00:00Z,GRID-WAY-03,Monsoon_Vortex_Feeder_Band,240.28,56.78,51.43,18.65,52.84,59.86,92.09,86.59,85.76,780.0,15.11,39.58,0.02,56.65,43.99,0.831,2
MOES-TRN-0407,2018-07-21T18:00:00Z,GRID-DEL-05,Western_Disturbance_Monsoon_Interaction,274.96,2.9,33.3,7.15,7.22,2.36,33.33,85.34,37.88,212.0,11.73,89.26,0.12,4.95,0.27,0.121,0
MOES-TRN-0408,2018-07-21T21:00:00Z,GRID-KOL-06,Hooghly_Spring_Tide_Downpour,241.33,56.37,49.13,23.96,53.02,55.51,88.28,92.82,87.25,6.1,14.4,51.34,2.61,50.66,51.01,0.885,2
MOES-TRN-0409,2018-07-22T00:00:00Z,GRID-MUM-01,Offshore_Trough_Cloudburst,268.36,20.62,45.0,15.38,20.38,26.45,79.04,89.89,70.57,4.2,14.79,70.68,1.52,22.33,18.47,0.413,1
MOES-TRN-0410,2018-07-22T03:00:00Z,GRID-CHE-04,Northeast_Monsoon_Depression,258.64,28.48,44.55,12.81,24.43,19.53,59.95,90.72,69.57,5.8,14.08,66.13,3.3,23.68,17.4,0.452,1
MOES-TRN-0411,2018-07-22T06:00:00Z,GRID-GUW-02,Brahmaputra_Trough_Convection,253.78,44.78,49.77,18.87,37.42,49.81,39.8,85.73,61.36,51.4,12.86,63.43,0.39,43.42,22.22,0.192,0
MOES-TRN-0412,2018-07-22T09:00:00Z,GRID-WAY-03,Western_Ghats_Orographic_Surge,274.83,2.31,32.49,4.83,5.69,11.86,2.56,84.42,62.91,780.0,15.53,71.06,0.27,5.45,0.0,0.273,1
MOES-TRN-0413,2018-07-22T12:00:00Z,GRID-DEL-05,Urban_Heat_Island_Downpour,265.16,20.32,44.77,15.39,22.38,24.71,75.98,90.47,80.21,212.0,11.43,76.95,0.01,22.54,18.95,0.221,0
MOES-TRN-0414,2018-07-22T15:00:00Z,GRID-KOL-06,Hooghly_Spring_Tide_Downpour,232.32,63.31,53.81,21.78,72.27,77.86,130.91,93.44,90.03,6.1,13.88,55.41,2.26,75.41,85.48,1.438,3
MOES-TRN-0415,2018-07-22T18:00:00Z,GRID-MUM-01,Moderate_Monsoon_Spell,203.13,124.63,57.19,36.92,117.71,122.52,235.3,93.46,93.44,4.2,15.16,43.39,3.2,125.62,157.69,3.047,3
MOES-TRN-0416,2018-07-22T21:00:00Z,GRID-CHE-04,Coastal_Squall_Line,240.1,51.99,50.0,20.57,60.6,54.48,91.23,90.6,75.25,5.8,14.42,61.06,4.56,54.53,50.23,1.188,3
MOES-TRN-0417,2018-07-23T00:00:00Z,GRID-GUW-02,Meghalaya_Orographic_Cloudburst,266.69,17.13,43.6,10.49,16.32,7.4,19.16,85.29,53.23,51.4,13.61,81.35,0.06,16.17,2.44,0.12,0
MOES-TRN-0418,2018-07-23T03:00:00Z,GRID-WAY-03,Western_Ghats_Orographic_Surge,262.6,12.56,39.42,8.78,15.44,20.02,1.31,82.44,51.31,780.0,14.57,73.98,0.08,14.08,0.22,0.134,0
MOES-TRN-0419,2018-07-23T06:00:00Z,GRID-DEL-05,Yamuna_Catchment_Surge,243.8,58.33,51.25,22.43,57.2,51.83,126.83,90.83,90.84,212.0,11.73,51.84,0.3,56.96,60.33,0.976,2
MOES-TRN-0420,2018-07-23T09:00:00Z,GRID-KOL-06,Monsoon_Trough_Pass,209.69,112.55,54.29,31.39,107.56,108.62,243.91,94.38,96.81,6.1,13.82,25.16,3.52,102.94,139.82,2.921,3
MOES-TRN-0421,2018-07-23T12:00:00Z,GRID-MUM-01,Mesoscale_Convective_System,238.01,54.78,50.12,20.28,50.51,46.66,147.95,93.59,91.04,4.2,14.78,39.12,2.82,50.32,65.11,1.364,3
MOES-TRN-0422,2018-07-23T15:00:00Z,GRID-CHE-04,Coastal_Squall_Line,237.68,50.0,51.04,21.37,51.75,54.04,76.28,92.75,88.56,5.8,13.7,59.51,2.3,53.3,50.84,0.747,2
MOES-TRN-0423,2018-07-23T18:00:00Z,GRID-GUW-02,Pre_Monsoon_Norwester,234.49,69.51,50.56,26.1,77.02,63.14,115.42,89.53,89.13,51.4,12.78,57.57,0.18,66.1,63.49,0.967,2
MOES-TRN-0424,2018-07-23T21:00:00Z,GRID-WAY-03,Low_Level_Jet_Extreme_Rain,256.17,34.97,48.26,18.21,35.25,39.71,26.27,83.99,65.21,780.0,14.89,64.49,0.03,36.67,13.22,0.232,0
MOES-TRN-0425,2018-07-24T00:00:00Z,GRID-DEL-05,Western_Disturbance_Monsoon_Interaction,277.5,9.1,36.51,8.51,9.47,7.53,33.11,85.88,52.09,212.0,11.65,83.39,0.08,8.34,1.08,0.151,0
MOES-TRN-0426,2018-07-24T03:00:00Z,GRID-KOL-06,Gangetic_West_Bengal_Deep_Depression,264.94,12.45,41.79,11.05,11.89,14.22,12.94,88.74,56.71,6.1,14.2,69.27,2.85,13.28,2.23,0.295,1
MOES-TRN-0427,2018-07-24T06:00:00Z,GRID-MUM-01,Arabian_Sea_Monsoon_Surge,274.27,10.28,36.95,14.12,9.67,14.16,26.99,89.4,51.58,4.2,14.7,83.99,2.8,9.68,2.32,0.317,1
MOES-TRN-0428,2018-07-24T09:00:00Z,GRID-CHE-04,Stratiform_Monsoon_Rain,214.91,117.41,56.4,33.76,104.57,98.11,226.25,93.32,96.69,5.8,13.99,33.64,2.76,111.33,141.18,2.71,3
MOES-TRN-0429,2018-07-24T12:00:00Z,GRID-GUW-02,Pre_Monsoon_Norwester,233.02,67.52,52.38,23.61,72.18,78.15,150.65,88.9,84.75,51.4,13.77,50.74,0.24,71.09,73.94,1.328,3
MOES-TRN-0430,2018-07-24T15:00:00Z,GRID-WAY-03,Monsoon_Vortex_Feeder_Band,242.83,65.1,49.79,22.13,58.48,51.57,98.29,85.27,76.52,780.0,15.47,50.42,0.03,54.96,41.18,0.79,2
MOES-TRN-0431,2018-07-24T18:00:00Z,GRID-DEL-05,Western_Disturbance_Monsoon_Interaction,260.73,18.83,44.67,9.57,20.61,19.86,25.1,86.64,59.49,212.0,12.26,70.77,0.03,20.86,5.96,0.117,0
MOES-TRN-0432,2018-07-24T21:00:00Z,GRID-KOL-06,Hooghly_Spring_Tide_Downpour,245.98,49.73,49.26,21.37,51.04,49.23,109.51,91.44,81.86,6.1,14.86,57.97,2.01,48.23,49.98,0.805,2
MOES-TRN-0433,2018-07-25T00:00:00Z,GRID-MUM-01,Moderate_Monsoon_Spell,214.92,108.01,54.04,32.99,108.53,108.3,286.14,92.85,91.8,4.2,14.95,25.94,3.06,101.52,143.13,3.099,3
MOES-TRN-0434,2018-07-25T03:00:00Z,GRID-CHE-04,Northeast_Monsoon_Depression,248.12,42.25,51.97,19.75,45.88,41.86,51.79,90.19,73.22,5.8,13.92,72.51,2.84,50.71,38.01,0.445,1
MOES-TRN-0435,2018-07-25T06:00:00Z,GRID-GUW-02,Meghalaya_Orographic_Cloudburst,271.15,6.54,34.47,8.65,7.14,4.89,19.94,82.51,36.96,51.4,13.22,84.45,0.18,6.11,0.0,0.157,0
MOES-TRN-0436,2018-07-25T09:00:00Z,GRID-WAY-03,Low_Level_Jet_Extreme_Rain,253.5,30.84,46.95,21.6,39.8,41.66,39.17,82.77,61.37,780.0,16.01,61.15,0.04,35.92,13.28,0.366,1
MOES-TRN-0437,2018-07-25T12:00:00Z,GRID-DEL-05,Yamuna_Catchment_Surge,237.16,77.61,53.57,27.76,72.16,77.27,65.24,90.82,92.08,212.0,11.06,39.53,0.33,76.67,66.11,0.882,2
MOES-TRN-0438,2018-07-25T15:00:00Z,GRID-KOL-06,Gangetic_West_Bengal_Deep_Depression,268.16,18.01,43.49,11.75,18.52,16.57,19.44,87.54,44.49,6.1,14.4,88.72,1.28,18.34,4.6,0.205,0
MOES-TRN-0439,2018-07-25T18:00:00Z,GRID-MUM-01,Mesoscale_Convective_System,246.3,43.84,50.1,23.18,48.83,46.75,138.9,93.44,86.56,4.2,14.8,39.47,1.54,47.9,60.49,1.196,3
MOES-TRN-0440,2018-07-25T21:00:00Z,GRID-CHE-04,Bay_of_Bengal_Cyclonic_Landfall,275.35,6.37,35.95,6.93,6.08,6.84,34.29,89.76,60.24,5.8,14.34,76.8,1.71,6.35,1.77,0.182,0
MOES-TRN-0441,2018-07-26T00:00:00Z,GRID-GUW-02,Meghalaya_Orographic_Cloudburst,276.6,0.23,32.57,7.61,2.93,3.73,32.01,85.51,55.36,51.4,12.86,75.85,0.28,2.94,0.04,0.144,0
MOES-TRN-0442,2018-07-26T03:00:00Z,GRID-WAY-03,Western_Ghats_Orographic_Surge,275.36,0.77,34.42,5.42,4.95,7.56,12.42,81.72,42.01,780.0,15.53,90.31,0.08,4.72,0.0,0.211,0
MOES-TRN-0443,2018-07-26T06:00:00Z,GRID-DEL-05,Western_Disturbance_Monsoon_Interaction,275.98,5.11,35.49,8.97,3.95,7.93,7.14,86.17,42.35,212.0,11.51,69.6,0.3,5.35,0.0,0.089,0
MOES-TRN-0444,2018-07-26T09:00:00Z,GRID-KOL-06,Hooghly_Spring_Tide_Downpour,248.85,58.22,50.44,19.95,56.26,53.78,129.82,91.72,79.91,6.1,14.71,57.73,3.96,54.81,61.03,1.34,3
MOES-TRN-0445,2018-07-26T12:00:00Z,GRID-MUM-01,Moderate_Monsoon_Spell,217.65,82.24,52.54,31.69,89.43,98.57,211.39,94.5,90.51,4.2,14.68,36.71,4.04,83.36,113.67,2.586,3
MOES-TRN-0446,2018-07-26T15:00:00Z,GRID-CHE-04,Bay_of_Bengal_Cyclonic_Landfall,276.42,4.47,30.7,8.5,1.75,5.23,6.91,86.99,43.3,5.8,13.82,74.45,3.61,3.08,0.0,0.385,1
MOES-TRN-0447,2018-07-26T18:00:00Z,GRID-GUW-02,Meghalaya_Orographic_Cloudburst,270.58,13.18,40.83,12.03,17.01,8.08,0.95,82.85,43.11,51.4,13.02,80.56,0.26,13.86,0.23,0.148,0
MOES-TRN-0448,2018-07-26T21:00:00Z,GRID-WAY-03,Western_Ghats_Orographic_Surge,264.29,22.76,43.15,8.56,21.74,19.63,20.68,81.27,39.72,780.0,15.56,82.98,0.12,20.46,2.46,0.284,1
MOES-TRN-0449,2018-07-27T00:00:00Z,GRID-DEL-05,Scattered_Convective_Cell,211.55,115.42,55.78,37.69,112.51,132.25,230.51,91.43,88.7,212.0,11.77,33.35,0.39,115.51,140.7,2.536,3
MOES-TRN-0450,2018-07-27T03:00:00Z,GRID-KOL-06,Hooghly_Spring_Tide_Downpour,241.47,49.57,51.96,22.96,59.27,63.68,144.61,92.42,87.81,6.1,13.82,44.42,2.7,60.01,70.83,1.32,3
MOES-TRN-0451,2018-07-27T06:00:00Z,GRID-MUM-01,Moderate_Monsoon_Spell,208.93,103.27,53.7,32.04,102.57,106.8,211.87,94.66,93.24,4.2,14.92,46.16,1.2,96.97,127.72,2.302,3
MOES-TRN-0452,2018-07-27T09:00:00Z,GRID-CHE-04,Northeast_Monsoon_Depression,247.45,40.39,50.07,17.94,41.69,27.45,70.86,90.87,78.81,5.8,14.08,70.53,2.12,41.86,35.19,0.415,1
MOES-TRN-0453,2018-07-27T12:00:00Z,GRID-GUW-02,Brahmaputra_Trough_Convection,263.88,29.1,46.29,12.95,27.71,29.5,80.92,86.4,72.33,51.4,13.0,56.16,0.25,28.44,18.69,0.376,1
MOES-TRN-0454,2018-07-27T15:00:00Z,GRID-WAY-03,Light_Orographic_Spell,203.46,120.8,57.65,37.04,120.13,144.42,148.71,87.68,90.47,780.0,15.22,21.41,0.28,131.96,128.43,2.342,3
MOES-TRN-0455,2018-07-27T18:00:00Z,GRID-DEL-05,Yamuna_Catchment_Surge,230.34,62.56,52.69,28.0,68.8,64.5,155.41,91.08,87.08,212.0,11.3,52.26,0.21,68.11,77.51,1.299,3
MOES-TRN-0456,2018-07-27T21:00:00Z,GRID-KOL-06,Bay_Cyclone_Spiral_Band,259.46,31.07,45.39,14.03,29.47,26.65,58.9,90.91,62.01,6.1,14.29,53.72,3.94,27.92,20.93,0.663,2
MOES-TRN-0457,2018-07-28T00:00:00Z,GRID-MUM-01,Moderate_Monsoon_Spell,223.84,82.21,56.45,27.67,79.55,84.49,234.38,92.72,90.3,4.2,15.09,46.24,3.58,94.59,124.67,2.638,3
MOES-TRN-0458,2018-07-28T03:00:00Z,GRID-CHE-04,Bay_of_Bengal_Cyclonic_Landfall,271.6,13.08,44.08,9.93,15.45,10.76,4.16,86.49,38.05,5.8,13.95,86.49,3.58,16.11,1.69,0.411,1
MOES-TRN-0459,2018-07-28T06:00:00Z,GRID-GUW-02,Brahmaputra_Trough_Convection,259.06,41.67,49.4,15.25,42.12,32.87,29.15,86.92,73.92,51.4,13.01,66.43,0.08,41.55,20.7,0.137,0
MOES-TRN-0460,2018-07-28T09:00:00Z,GRID-WAY-03,Monsoon_Vortex_Feeder_Band,230.94,67.57,51.82,26.21,74.02,75.37,111.98,87.1,90.4,780.0,15.15,40.38,0.33,69.72,60.58,1.151,3
MOES-TRN-0461,2018-07-28T12:00:00Z,GRID-DEL-05,Yamuna_Catchment_Surge,232.14,56.27,51.77,23.01,72.4,70.6,145.57,91.32,83.24,212.0,11.87,56.02,0.05,66.49,74.49,1.181,3
MOES-TRN-0462,2018-07-28T15:00:00Z,GRID-KOL-06,Gangetic_West_Bengal_Deep_Depression,275.59,3.01,36.29,8.49,7.3,8.94,29.19,87.29,49.27,6.1,14.43,78.73,3.37,6.67,0.76,0.468,1
MOES-TRN-0463,2018-07-28T18:00:00Z,GRID-MUM-01,Moderate_Monsoon_Spell,218.35,95.54,52.86,29.98,93.81,108.36,175.1,95.3,95.34,4.2,15.19,33.21,3.98,89.59,114.21,2.457,3
MOES-TRN-0464,2018-07-28T21:00:00Z,GRID-CHE-04,Stratiform_Monsoon_Rain,189.91,135.92,57.24,45.61,147.16,150.99,269.71,92.12,95.29,5.8,14.3,19.73,2.33,142.94,178.36,3.362,3
MOES-TRN-0465,2018-07-29T00:00:00Z,GRID-GUW-02,Brahmaputra_Trough_Convection,254.25,31.19,47.94,16.66,33.44,28.31,74.49,85.66,64.4,51.4,13.61,68.67,0.01,33.23,20.21,0.316,1
MOES-TRN-0466,2018-07-29T03:00:00Z,GRID-WAY-03,Low_Level_Jet_Extreme_Rain,259.25,32.35,48.29,17.59,35.88,39.85,54.68,84.12,60.61,780.0,15.34,57.84,0.25,36.56,17.49,0.353,1
MOES-TRN-0467,2018-07-29T06:00:00Z,GRID-DEL-05,Scattered_Convective_Cell,189.87,117.14,57.6,36.83,134.61,142.92,291.28,90.98,95.85,212.0,11.39,38.53,0.35,136.34,173.09,3.107,3
MOES-TRN-0468,2018-07-29T09:00:00Z,GRID-KOL-06,Monsoon_Trough_Pass,208.09,130.75,58.26,35.31,122.32,131.55,214.83,93.63,94.41,6.1,14.16,33.59,3.05,136.89,164.93,3.085,3
MOES-TRN-0469,2018-07-29T12:00:00Z,GRID-MUM-01,Mesoscale_Convective_System,227.46,89.22,54.09,26.09,86.93,69.4,151.67,93.31,85.45,4.2,14.8,57.02,3.37,85.06,99.08,1.968,3
MOES-TRN-0470,2018-07-29T15:00:00Z,GRID-CHE-04,Stratiform_Monsoon_Rain,196.98,128.12,57.74,42.67,146.73,149.71,131.41,93.16,95.18,5.8,14.45,33.62,3.22,144.6,152.98,2.696,3
MOES-TRN-0471,2018-07-29T18:00:00Z,GRID-GUW-02,Pre_Monsoon_Norwester,244.94,55.95,52.08,17.78,58.18,69.06,134.88,87.96,77.45,51.4,13.66,40.45,0.21,61.72,59.82,1.139,2
MOES-TRN-0472,2018-07-29T21:00:00Z,GRID-WAY-03,Western_Ghats_Orographic_Surge,267.99,16.44,43.08,11.58,19.5,10.63,12.97,84.29,56.42,780.0,14.43,82.58,0.25,17.28,1.96,0.19,0
MOES-TRN-0473,2018-07-30T00:00:00Z,GRID-DEL-05,Yamuna_Catchment_Surge,230.09,85.06,56.16,27.24,75.44,66.34,84.61,89.47,85.35,212.0,11.69,48.09,0.03,89.3,78.81,1.12,2
MOES-TRN-0474,2018-07-30T03:00:00Z,GRID-KOL-06,Bay_Cyclone_Spiral_Band,258.81,37.09,47.73,14.01,38.05,25.58,64.01,88.97,60.13,6.1,13.73,64.64,2.11,35.19,24.8,0.276,1
MOES-TRN-0475,2018-07-30T06:00:00Z,GRID-MUM-01,Moderate_Monsoon_Spell,188.0,149.8,58.67,44.16,163.44,153.98,142.17,95.24,97.31,4.2,14.89,19.88,1.72,161.83,178.68,3.083,3
MOES-TRN-0476,2018-07-30T09:00:00Z,GRID-CHE-04,Northeast_Monsoon_Depression,249.7,47.16,50.26,20.98,43.67,38.6,36.49,90.84,73.71,5.8,14.36,56.97,3.19,45.71,31.85,0.537,1
MOES-TRN-0477,2018-07-30T12:00:00Z,GRID-GUW-02,Valley_Monsoon_Shower,188.0,137.81,57.57,42.94,149.64,153.8,130.99,89.37,89.89,51.4,12.43,34.95,0.32,146.72,143.84,2.362,3
MOES-TRN-0478,2018-07-30T15:00:00Z,GRID-WAY-03,Monsoon_Vortex_Feeder_Band,236.42,61.96,51.72,22.57,66.27,68.04,163.94,86.95,88.1,780.0,15.18,38.19,0.21,64.56,65.96,1.365,3
MOES-TRN-0479,2018-07-30T18:00:00Z,GRID-DEL-05,Yamuna_Catchment_Surge,227.96,87.46,53.02,26.67,75.01,74.21,135.08,89.11,76.57,212.0,11.8,48.23,0.24,76.93,76.72,1.215,3
MOES-TRN-0480,2018-07-30T21:00:00Z,GRID-KOL-06,Hooghly_Spring_Tide_Downpour,228.28,64.66,53.06,22.13,69.06,70.71,94.92,92.17,90.34,6.1,14.02,38.69,3.48,70.66,69.92,1.468,3
MOES-TRN-0481,2018-07-31T00:00:00Z,GRID-MUM-01,Moderate_Monsoon_Spell,222.86,100.58,52.96,29.32,97.68,89.5,146.2,95.93,96.42,4.2,14.61,35.51,2.4,89.56,109.69,2.005,3
MOES-TRN-0482,2018-07-31T03:00:00Z,GRID-CHE-04,Stratiform_Monsoon_Rain,190.26,143.96,56.22,40.56,140.32,144.72,229.11,92.88,93.48,5.8,13.46,33.32,2.71,134.72,163.66,3.029,3
MOES-TRN-0483,2018-07-31T06:00:00Z,GRID-GUW-02,Pre_Monsoon_Norwester,241.6,52.88,51.17,23.44,55.08,48.84,84.92,87.09,82.96,51.4,13.22,37.41,0.24,54.63,41.83,0.767,2
MOES-TRN-0484,2018-07-31T09:00:00Z,GRID-WAY-03,Light_Orographic_Spell,200.56,110.56,54.88,37.58,122.91,94.86,270.69,88.19,95.69,780.0,15.22,47.38,0.35,109.07,133.73,2.63,3
MOES-TRN-0485,2018-07-31T12:00:00Z,GRID-DEL-05,Yamuna_Catchment_Surge,233.62,66.49,52.56,21.26,71.57,70.13,147.2,90.72,85.69,212.0,11.79,37.6,0.06,70.15,76.83,1.337,3
MOES-TRN-0486,2018-07-31T15:00:00Z,GRID-KOL-06,Gangetic_West_Bengal_Deep_Depression,268.03,10.05,42.29,10.73,14.33,8.11,17.75,89.23,51.96,6.1,13.57,89.03,3.97,13.32,2.95,0.496,1
MOES-TRN-0487,2018-07-31T18:00:00Z,GRID-MUM-01,Offshore_Trough_Cloudburst,253.51,39.13,48.18,19.47,39.53,34.34,74.51,90.62,58.07,4.2,14.9,75.56,2.33,38.06,32.07,0.416,1
MOES-TRN-0488,2018-07-31T21:00:00Z,GRID-CHE-04,Coastal_Squall_Line,241.65,69.8,55.21,26.4,65.31,64.28,144.88,89.89,78.53,5.8,14.31,36.34,3.97,77.94,81.68,1.778,3
MOES-TRN-0489,2018-08-01T00:00:00Z,GRID-GUW-02,Meghalaya_Orographic_Cloudburst,277.86,9.06,33.43,12.17,6.91,6.69,4.6,86.72,64.53,51.4,13.14,70.59,0.25,6.44,0.0,0.107,0
MOES-TRN-0490,2018-08-01T03:00:00Z,GRID-WAY-03,Monsoon_Vortex_Feeder_Band,244.35,43.85,51.1,22.05,52.05,44.89,74.84,87.46,84.12,780.0,15.65,54.27,0.23,51.32,37.77,0.619,2
MOES-TRN-0491,2018-08-01T06:00:00Z,GRID-DEL-05,Western_Disturbance_Monsoon_Interaction,270.9,5.73,39.75,9.18,8.82,14.34,23.08,84.73,50.84,212.0,11.51,88.85,0.26,9.84,0.64,0.064,0
MOES-TRN-0492,2018-08-01T09:00:00Z,GRID-KOL-06,Gangetic_West_Bengal_Deep_Depression,279.67,14.06,40.77,12.76,12.41,18.2,25.29,87.88,39.9,6.1,15.02,77.19,3.12,13.63,3.14,0.444,1
MOES-TRN-0493,2018-08-01T12:00:00Z,GRID-MUM-01,Moderate_Monsoon_Spell,219.46,96.99,52.55,31.8,84.34,97.73,146.8,94.28,96.91,4.2,14.92,35.88,3.11,83.72,99.36,1.939,3
MOES-TRN-0494,2018-08-01T15:00:00Z,GRID-CHE-04,Northeast_Monsoon_Depression,256.3,28.83,49.88,18.97,31.84,33.87,33.74,90.31,77.26,5.8,14.06,57.72,1.84,36.74,22.71,0.209,0
MOES-TRN-0495,2018-08-01T18:00:00Z,GRID-GUW-02,Pre_Monsoon_Norwester,238.42,49.14,49.86,19.71,56.61,43.38,75.36,89.47,88.35,51.4,13.37,61.87,0.13,50.69,41.2,0.596,1
MOES-TRN-0496,2018-08-01T21:00:00Z,GRID-WAY-03,Western_Ghats_Orographic_Surge,265.21,20.17,42.71,13.9,15.33,17.27,33.33,84.47,60.69,780.0,15.01,78.4,0.09,16.92,3.61,0.322,1
MOES-TRN-0497,2018-08-02T00:00:00Z,GRID-DEL-05,Scattered_Convective_Cell,225.48,90.88,53.71,29.32,83.04,88.13,182.82,92.39,92.59,212.0,11.0,19.59,0.08,84.95,103.16,1.891,3
MOES-TRN-0498,2018-08-02T03:00:00Z,GRID-KOL-06,Hooghly_Spring_Tide_Downpour,241.22,65.27,50.51,23.14,61.95,63.27,125.83,94.5,89.15,6.1,14.14,43.35,1.62,59.59,71.73,1.276,3
MOES-TRN-0499,2018-08-02T06:00:00Z,GRID-MUM-01,Moderate_Monsoon_Spell,188.38,132.67,55.76,42.95,141.46,145.22,208.24,93.93,93.32,4.2,15.27,43.55,4.6,130.97,158.5,3.211,3
MOES-TRN-0500,2018-08-02T09:00:00Z,GRID-CHE-04,Northeast_Monsoon_Depression,266.16,24.85,42.27,12.15,23.75,34.77,37.96,90.57,63.74,5.8,14.16,58.56,1.43,22.98,12.93,0.271,1
MOES-TRN-0501,2018-08-02T12:00:00Z,GRID-GUW-02,Brahmaputra_Trough_Convection,257.58,35.96,44.86,17.35,38.21,25.49,33.24,87.92,76.66,51.4,12.94,76.32,0.1,31.26,15.02,0.132,0
MOES-TRN-0502,2018-08-02T15:00:00Z,GRID-WAY-03,Monsoon_Vortex_Feeder_Band,237.41,68.7,53.05,24.73,69.02,58.39,83.44,88.32,88.2,780.0,15.41,59.99,0.26,69.54,57.43,0.874,2
MOES-TRN-0503,2018-08-02T18:00:00Z,GRID-DEL-05,Yamuna_Catchment_Surge,225.61,75.21,53.53,26.81,78.08,83.03,73.73,91.33,89.76,212.0,11.37,41.2,0.16,79.2,71.55,1.013,2
MOES-TRN-0504,2018-08-02T21:00:00Z,GRID-KOL-06,Bay_Cyclone_Spiral_Band,261.03,31.71,47.42,17.55,34.08,28.35,70.68,90.92,71.71,6.1,14.3,53.03,4.19,32.73,27.22,0.792,2
MOES-TRN-0505,2018-08-03T00:00:00Z,GRID-MUM-01,Offshore_Trough_Cloudburst,259.4,36.35,45.9,13.62,37.7,31.99,66.91,91.15,63.28,4.2,14.92,62.5,3.58,33.25,27.35,0.642,2
MOES-TRN-0506,2018-08-03T03:00:00Z,GRID-CHE-04,Stratiform_Monsoon_Rain,188.84,118.66,59.34,36.94,140.33,150.0,141.48,92.79,97.35,5.8,14.45,39.51,3.4,152.97,162.37,2.844,3
MOES-TRN-0507,2018-08-03T06:00:00Z,GRID-GUW-02,Pre_Monsoon_Norwester,236.18,69.02,52.01,25.41,68.7,70.42,126.5,88.11,78.39,51.4,13.19,35.3,0.15,67.79,64.05,1.176,3
MOES-TRN-0508,2018-08-03T09:00:00Z,GRID-WAY-03,Monsoon_Vortex_Feeder_Band,244.65,69.67,53.7,19.66,62.45,59.96,86.58,86.55,82.07,780.0,14.95,53.37,0.32,69.77,54.38,0.841,2
MOES-TRN-0509,2018-08-03T12:00:00Z,GRID-DEL-05,Urban_Heat_Island_Downpour,255.59,44.19,47.45,13.56,38.2,38.42,70.17,89.51,80.45,212.0,11.33,65.32,0.28,37.74,28.96,0.2,0
MOES-TRN-0510,2018-08-03T15:00:00Z,GRID-KOL-06,Monsoon_Trough_Pass,204.63,110.36,56.99,35.77,115.37,111.92,297.63,93.25,97.35,6.1,14.07,20.36,1.47,119.73,164.84,3.254,3
MOES-TRN-0511,2018-08-03T18:00:00Z,GRID-MUM-01,Mesoscale_Convective_System,230.66,65.52,53.29,28.69,79.98,75.93,146.47,94.02,91.31,4.2,14.98,37.47,2.03,76.49,91.48,1.647,3
MOES-TRN-0512,2018-08-03T21:00:00Z,GRID-CHE-04,Bay_of_Bengal_Cyclonic_Landfall,276.61,0.35,32.9,10.41,6.3,4.42,4.9,88.83,53.59,5.8,14.02,79.55,3.14,4.4,0.0,0.298,1
MOES-TRN-0513,2018-08-04T00:00:00Z,GRID-GUW-02,Brahmaputra_Trough_Convection,251.81,33.23,48.36,20.15,37.53,47.94,57.55,87.96,74.73,51.4,13.23,63.55,0.23,38.58,24.81,0.215,0
MOES-TRN-0514,2018-08-04T03:00:00Z,GRID-WAY-03,Western_Ghats_Orographic_Surge,265.46,17.47,43.0,16.22,19.67,21.47,14.2,83.4,48.59,780.0,15.08,77.14,0.14,18.96,2.29,0.214,0
MOES-TRN-0515,2018-08-04T06:00:00Z,GRID-DEL-05,Western_Disturbance_Monsoon_Interaction,269.77,14.91,43.33,10.8,17.28,19.63,20.58,86.13,43.13,212.0,12.3,71.1,0.29,17.66,3.57,0.119,0
MOES-TRN-0516,2018-08-04T09:00:00Z,GRID-KOL-06,Bay_Cyclone_Spiral_Band,266.83,23.65,43.2,18.02,22.0,26.33,38.82,90.39,58.0,6.1,14.05,57.42,2.68,21.68,11.89,0.324,1
MOES-TRN-0517,2018-08-04T12:00:00Z,GRID-MUM-01,Arabian_Sea_Monsoon_Surge,270.4,7.1,39.75,10.51,6.09,14.48,24.92,89.04,49.81,4.2,14.55,83.79,4.54,9.04,1.73,0.669,2
MOES-TRN-0518,2018-08-04T15:00:00Z,GRID-CHE-04,Stratiform_Monsoon_Rain,201.65,126.59,55.19,39.45,135.79,128.36,201.55,92.9,91.71,5.8,13.76,45.58,1.87,122.68,145.81,2.507,3
MOES-TRN-0519,2018-08-04T18:00:00Z,GRID-GUW-02,Valley_Monsoon_Shower,189.18,145.01,60.0,45.59,146.01,160.59,213.05,88.9,95.21,51.4,13.36,19.37,0.39,166.75,179.77,3.201,3
MOES-TRN-0520,2018-08-04T21:00:00Z,GRID-WAY-03,Low_Level_Jet_Extreme_Rain,255.8,25.95,48.28,17.48,32.6,37.06,65.38,84.35,60.46,780.0,14.81,63.48,0.33,33.87,17.54,0.348,1
MOES-TRN-0521,2018-08-05T00:00:00Z,GRID-DEL-05,Western_Disturbance_Monsoon_Interaction,271.89,2.78,27.77,8.27,3.05,0.12,3.8,85.74,50.86,212.0,11.38,88.45,0.36,2.26,0.0,0.027,0
MOES-TRN-0522,2018-08-05T03:00:00Z,GRID-KOL-06,Monsoon_Trough_Pass,223.9,87.43,55.48,28.02,90.64,86.42,250.47,93.49,90.34,6.1,14.06,40.68,2.28,94.78,130.55,2.519,3
MOES-TRN-0523,2018-08-05T06:00:00Z,GRID-MUM-01,Offshore_Trough_Cloudburst,258.37,31.72,44.46,16.5,29.07,18.39,39.95,92.14,70.89,4.2,14.97,58.03,4.14,25.71,17.56,0.671,2
MOES-TRN-0524,2018-08-05T09:00:00Z,GRID-CHE-04,Coastal_Squall_Line,247.46,44.25,51.94,17.24,49.88,42.54,80.86,92.78,92.29,5.8,14.49,53.38,3.05,52.56,51.17,0.959,2
MOES-TRN-0525,2018-08-05T12:00:00Z,GRID-GUW-02,Brahmaputra_Trough_Convection,266.97,15.31,44.46,11.47,23.27,30.93,49.68,89.73,81.24,51.4,13.33,71.16,0.21,22.64,13.56,0.275,1
MOES-TRN-0526,2018-08-05T15:00:00Z,GRID-WAY-03,Low_Level_Jet_Extreme_Rain,252.27,41.81,48.31,16.92,40.84,51.59,46.03,83.76,60.75,780.0,14.97,74.83,0.19,41.63,19.27,0.344,1
MOES-TRN-0527,2018-08-05T18:00:00Z,GRID-DEL-05,Western_Disturbance_Monsoon_Interaction,270.63,10.34,38.61,8.06,9.26,0.82,14.81,88.42,56.75,212.0,11.55,69.79,0.02,8.31,0.63,0.096,0
MOES-TRN-0528,2018-08-05T21:00:00Z,GRID-KOL-06,Monsoon_Trough_Pass,207.2,111.47,57.38,37.2,105.46,101.33,155.71,94.07,95.08,6.1,14.05,46.27,2.32,117.07,133.69,2.277,3
MOES-TRN-0529,2018-08-06T00:00:00Z,GRID-MUM-01,Arabian_Sea_Monsoon_Surge,275.11,0.0,29.98,9.76,2.12,5.8,11.72,89.69,52.58,4.2,14.58,81.68,1.78,2.49,0.0,0.225,0
MOES-TRN-0530,2018-08-06T03:00:00Z,GRID-CHE-04,Coastal_Squall_Line,232.63,78.51,52.57,25.94,78.62,87.62,73.86,93.02,89.45,5.8,13.51,41.62,3.14,77.21,73.93,1.265,3
MOES-TRN-0531,2018-08-06T06:00:00Z,GRID-GUW-02,Brahmaputra_Trough_Convection,262.85,27.33,46.55,14.39,28.56,26.94,40.43,88.53,77.41,51.4,13.28,53.0,0.2,28.47,14.87,0.155,0
MOES-TRN-0532,2018-08-06T09:00:00Z,GRID-WAY-03,Light_Orographic_Spell,196.17,146.73,58.1,37.39,143.06,136.63,186.42,87.72,99.13,780.0,15.49,25.49,0.39,146.91,151.09,2.763,3
MOES-TRN-0533,2018-08-06T12:00:00Z,GRID-DEL-05,Yamuna_Catchment_Surge,246.82,44.72,51.75,20.92,49.93,48.39,116.03,91.23,85.81,212.0,11.79,44.48,0.2,52.93,55.24,0.902,2
MOES-TRN-0534,2018-08-06T15:00:00Z,GRID-KOL-06,Hooghly_Spring_Tide_Downpour,243.35,61.64,51.49,24.53,63.27,50.76,152.38,92.61,84.07,6.1,13.68,50.64,3.65,60.29,73.21,1.588,3
MOES-TRN-0535,2018-08-06T18:00:00Z,GRID-MUM-01,Arabian_Sea_Monsoon_Surge,276.61,3.24,34.54,5.71,7.99,6.27,6.52,86.27,36.44,4.2,15.45,73.92,3.01,6.12,0.0,0.321,1
MOES-TRN-0536,2018-08-06T21:00:00Z,GRID-CHE-04,Coastal_Squall_Line,226.76,79.8,54.76,26.27,84.3,86.32,96.22,92.29,88.16,5.8,14.15,53.35,3.48,87.74,87.02,1.633,3
MOES-TRN-0537,2018-08-07T00:00:00Z,GRID-GUW-02,Meghalaya_Orographic_Cloudburst,267.99,6.04,35.01,8.25,5.75,9.18,27.7,85.8,62.15,51.4,12.85,70.52,0.16,6.24,0.33,0.142,0
MOES-TRN-0538,2018-08-07T03:00:00Z,GRID-WAY-03,Low_Level_Jet_Extreme_Rain,256.39,35.67,51.72,14.08,35.23,33.04,82.57,86.19,79.74,780.0,14.49,70.4,0.06,43.65,30.53,0.39,1
MOES-TRN-0539,2018-08-07T06:00:00Z,GRID-DEL-05,Western_Disturbance_Monsoon_Interaction,272.42,6.19,38.37,11.72,8.75,13.56,24.26,87.17,53.14,212.0,11.07,85.18,0.21,9.13,1.1,0.059,0
MOES-TRN-0540,2018-08-07T09:00:00Z,GRID-KOL-06,Hooghly_Spring_Tide_Downpour,244.9,65.25,50.9,22.27,60.27,68.8,105.15,91.18,85.39,6.1,14.19,53.45,4.28,60.69,60.19,1.342,3
MOES-TRN-0541,2018-08-07T12:00:00Z,GRID-MUM-01,Offshore_Trough_Cloudburst,253.67,26.87,48.43,13.69,33.51,28.77,42.92,93.69,75.05,4.2,15.01,57.85,1.25,33.48,27.56,0.295,1
MOES-TRN-0542,2018-08-07T15:00:00Z,GRID-CHE-04,Stratiform_Monsoon_Rain,226.29,84.68,54.5,27.38,80.28,84.64,294.56,92.27,92.63,5.8,13.89,26.28,2.7,85.64,127.62,2.745,3
MOES-TRN-0543,2018-08-07T18:00:00Z,GRID-GUW-02,Valley_Monsoon_Shower,199.82,132.17,56.43,35.14,125.26,122.43,202.78,89.7,99.14,51.4,13.04,43.56,0.31,125.16,139.16,2.372,3
MOES-TRN-0544,2018-08-07T21:00:00Z,GRID-WAY-03,Light_Orographic_Spell,188.0,135.01,56.97,40.48,161.5,141.4,201.43,87.62,96.14,780.0,15.76,41.94,0.39,145.17,152.32,2.729,3
MOES-TRN-0545,2018-08-08T00:00:00Z,GRID-DEL-05,Western_Disturbance_Monsoon_Interaction,264.79,24.04,45.23,13.48,20.95,24.36,33.14,85.08,49.54,212.0,11.56,73.29,0.35,23.05,6.97,0.126,0
MOES-TRN-0546,2018-08-08T03:00:00Z,GRID-KOL-06,Hooghly_Spring_Tide_Downpour,240.76,49.93,51.35,17.76,54.72,44.18,138.82,91.5,75.66,6.1,13.8,54.61,2.74,53.87,61.48,1.179,3
MOES-TRN-0547,2018-08-08T06:00:00Z,GRID-MUM-01,Arabian_Sea_Monsoon_Surge,264.18,18.07,42.43,6.64,16.25,17.23,18.33,87.78,39.63,4.2,15.42,86.2,2.76,16.71,3.81,0.311,1
MOES-TRN-0548,2018-08-08T09:00:00Z,GRID-CHE-04,Stratiform_Monsoon_Rain,222.59,99.71,54.72,32.03,90.13,84.42,210.56,92.82,91.12,5.8,13.84,31.09,1.71,92.74,117.98,2.221,3
MOES-TRN-0549,2018-08-08T12:00:00Z,GRID-GUW-02,Pre_Monsoon_Norwester,241.4,74.23,52.43,24.56,64.99,69.49,87.94,89.36,89.65,51.4,13.37,49.74,0.4,68.39,59.62,0.919,2
MOES-TRN-0550,2018-08-08T15:00:00Z,GRID-WAY-03,Monsoon_Vortex_Feeder_Band,233.58,74.89,50.75,21.33,71.65,78.95,102.52,84.65,77.19,780.0,14.6,41.64,0.09,67.61,51.59,0.912,2
MOES-TRN-0551,2018-08-08T18:00:00Z,GRID-DEL-05,Scattered_Convective_Cell,200.87,111.56,58.39,38.42,129.82,131.39,152.15,93.17,98.39,212.0,11.51,24.34,0.0,137.61,150.6,2.487,3
MOES-TRN-0552,2018-08-08T21:00:00Z,GRID-KOL-06,Monsoon_Trough_Pass,219.24,94.74,54.08,33.93,88.14,87.83,144.18,94.31,96.08,6.1,14.48,32.42,1.34,88.94,104.03,1.84,3
MOES-TRN-0553,2018-08-09T00:00:00Z,GRID-MUM-01,Moderate_Monsoon_Spell,213.09,117.39,55.1,36.89,111.85,96.42,300.83,94.29,98.82,4.2,14.99,44.46,3.69,107.2,156.21,3.303,3
MOES-TRN-0554,2018-08-09T03:00:00Z,GRID-CHE-04,Northeast_Monsoon_Depression,247.94,39.42,50.42,17.48,35.13,25.03,49.82,88.12,59.89,5.8,14.06,59.1,3.7,39.69,24.58,0.527,1
MOES-TRN-0555,2018-08-09T06:00:00Z,GRID-GUW-02,Pre_Monsoon_Norwester,230.79,74.61,52.86,21.33,70.59,75.56,114.59,89.95,91.87,51.4,13.05,45.41,0.23,72.83,70.66,1.148,2
MOES-TRN-0556,2018-08-09T09:00:00Z,GRID-WAY-03,Western_Ghats_Orographic_Surge,276.86,6.17,34.3,10.72,6.41,6.27,16.47,81.48,46.16,780.0,15.11,82.8,0.24,5.92,0.0,0.21,0
MOES-TRN-0557,2018-08-09T12:00:00Z,GRID-DEL-05,Urban_Heat_Island_Downpour,251.83,40.56,47.92,17.27,37.02,37.37,53.88,87.15,60.78,212.0,11.44,77.68,0.26,37.33,21.97,0.177,0
MOES-TRN-0558,2018-08-09T15:00:00Z,GRID-KOL-06,Hooghly_Spring_Tide_Downpour,230.29,80.01,54.91,26.8,81.97,88.12,161.35,92.43,90.84,6.1,14.27,40.48,3.05,87.85,101.49,1.99,3
MOES-TRN-0559,2018-08-09T18:00:00Z,GRID-MUM-01,Moderate_Monsoon_Spell,188.0,138.51,59.23,44.81,162.01,169.1,225.53,93.77,91.86,4.2,14.15,43.13,2.77,166.09,196.71,3.492,3
MOES-TRN-0560,2018-08-09T21:00:00Z,GRID-CHE-04,Coastal_Squall_Line,230.16,76.45,50.48,26.12,78.9,85.04,68.35,91.07,84.85,5.8,14.39,51.46,4.06,70.79,61.81,1.259,3
MOES-TRN-0561,2018-08-10T00:00:00Z,GRID-GUW-02,Pre_Monsoon_Norwester,237.71,72.22,54.4,24.34,70.08,75.53,148.02,88.29,79.37,51.4,13.09,59.79,0.38,78.06,78.45,1.212,3
MOES-TRN-0562,2018-08-10T03:00:00Z,GRID-WAY-03,Monsoon_Vortex_Feeder_Band,231.58,81.0,52.54,26.73,77.63,80.49,111.89,85.54,78.25,780.0,14.61,35.38,0.1,76.14,62.87,1.144,2
MOES-TRN-0563,2018-08-10T06:00:00Z,GRID-DEL-05,Scattered_Convective_Cell,188.0,143.32,56.51,44.73,157.38,173.76,293.18,91.11,89.48,212.0,11.07,18.4,0.4,146.78,184.2,3.389,3
MOES-TRN-0564,2018-08-10T09:00:00Z,GRID-KOL-06,Monsoon_Trough_Pass,197.5,119.18,55.72,40.87,129.48,116.67,304.53,93.89,92.73,6.1,13.95,27.14,3.34,120.03,168.57,3.424,3
MOES-TRN-0565,2018-08-10T12:00:00Z,GRID-MUM-01,Offshore_Trough_Cloudburst,256.98,27.05,44.81,16.46,31.2,31.79,75.24,91.16,66.13,4.2,14.36,75.72,1.4,28.01,24.45,0.387,1
MOES-TRN-0566,2018-08-10T15:00:00Z,GRID-CHE-04,Stratiform_Monsoon_Rain,201.09,136.21,56.19,40.63,124.67,118.36,299.04,92.23,92.4,5.8,14.06,24.34,1.52,123.68,165.99,3.268,3
MOES-TRN-0567,2018-08-10T18:00:00Z,GRID-GUW-02,Valley_Monsoon_Shower,188.0,144.03,57.36,48.18,147.92,167.63,233.9,89.61,91.65,51.4,13.1,45.73,0.1,147.63,167.63,2.903,3
MOES-TRN-0568,2018-08-10T21:00:00Z,GRID-WAY-03,Light_Orographic_Spell,207.4,99.98,56.24,31.86,101.61,117.25,217.5,86.87,91.48,780.0,14.79,21.62,0.23,109.25,118.87,2.346,3
MOES-TRN-0569,2018-08-11T00:00:00Z,GRID-DEL-05,Yamuna_Catchment_Surge,238.87,57.7,49.32,22.91,52.34,59.27,125.95,90.17,81.15,212.0,11.82,40.37,0.25,51.53,53.58,0.904,2
MOES-TRN-0570,2018-08-11T03:00:00Z,GRID-KOL-06,Monsoon_Trough_Pass,211.9,106.06,54.36,36.3,116.81,131.89,145.38,92.96,90.3,6.1,14.03,21.77,2.48,108.95,120.21,2.26,3
MOES-TRN-0571,2018-08-11T06:00:00Z,GRID-MUM-01,Arabian_Sea_Monsoon_Surge,274.95,8.37,40.14,9.86,9.94,4.49,12.27,90.56,54.12,4.2,14.51,73.36,1.55,9.51,1.43,0.251,1
MOES-TRN-0572,2018-08-11T09:00:00Z,GRID-CHE-04,Coastal_Squall_Line,238.72,74.1,51.01,26.56,75.31,72.56,65.15,89.87,76.0,5.8,14.13,41.67,3.58,68.63,56.34,1.156,3
MOES-TRN-0573,2018-08-11T12:00:00Z,GRID-GUW-02,Valley_Monsoon_Shower,206.3,98.81,56.04,31.86,115.58,129.38,234.18,90.22,98.03,51.4,12.86,18.67,0.3,114.95,137.44,2.527,3
MOES-TRN-0574,2018-08-11T15:00:00Z,GRID-WAY-03,Monsoon_Vortex_Feeder_Band,238.95,57.46,48.81,20.35,55.14,66.44,162.44,86.57,84.78,780.0,15.13,53.89,0.21,52.55,53.96,1.105,2
MOES-TRN-0575,2018-08-11T18:00:00Z,GRID-DEL-05,Western_Disturbance_Monsoon_Interaction,267.13,18.73,41.94,16.95,18.38,17.34,7.37,87.89,59.41,212.0,11.6,89.61,0.21,17.28,3.02,0.084,0
MOES-TRN-0576,2018-08-11T21:00:00Z,GRID-KOL-06,Bay_Cyclone_Spiral_Band,247.04,47.0,50.45,17.26,44.07,45.99,26.82,88.85,63.12,6.1,14.42,72.72,2.26,47.3,27.87,0.258,1
MOES-TRN-0577,2018-08-12T00:00:00Z,GRID-MUM-01,Arabian_Sea_Monsoon_Surge,269.96,18.75,41.91,15.66,19.88,19.37,30.35,90.53,60.07,4.2,14.97,88.77,3.15,18.12,8.24,0.4,1
MOES-TRN-0578,2018-08-12T03:00:00Z,GRID-CHE-04,Northeast_Monsoon_Depression,262.09,32.81,47.47,17.76,34.31,37.74,66.65,90.54,80.59,5.8,13.03,64.07,3.92,34.38,27.22,0.611,2
MOES-TRN-0579,2018-08-12T06:00:00Z,GRID-GUW-02,Pre_Monsoon_Norwester,244.77,61.26,51.48,21.87,56.76,51.26,147.09,87.64,79.52,51.4,13.76,52.0,0.04,57.8,57.99,1.042,2
MOES-TRN-0580,2018-08-12T09:00:00Z,GRID-WAY-03,Light_Orographic_Spell,214.09,100.71,53.47,32.49,96.34,104.7,224.09,87.63,88.27,780.0,14.46,43.73,0.03,93.02,106.81,2.102,3
MOES-TRN-0581,2018-08-12T12:00:00Z,GRID-DEL-05,Western_Disturbance_Monsoon_Interaction,269.17,20.01,42.42,14.49,18.66,21.34,31.7,87.76,60.88,212.0,11.26,91.57,0.17,18.5,6.28,0.108,0
MOES-TRN-0582,2018-08-12T15:00:00Z,GRID-KOL-06,Bay_Cyclone_Spiral_Band,260.97,29.51,47.0,15.13,31.45,38.19,70.52,90.61,73.42,6.1,14.45,65.75,4.25,32.13,26.13,0.728,2
MOES-TRN-0583,2018-08-12T18:00:00Z,GRID-MUM-01,Mesoscale_Convective_System,231.91,81.99,51.06,26.73,71.9,54.12,161.78,92.11,80.32,4.2,14.7,44.5,1.88,66.13,79.59,1.531,3
MOES-TRN-0584,2018-08-12T21:00:00Z,GRID-CHE-04,Coastal_Squall_Line,236.54,60.18,49.89,22.09,69.19,64.19,107.81,91.32,91.81,5.8,14.34,35.28,3.81,60.22,60.62,1.411,3
MOES-TRN-0585,2018-08-13T00:00:00Z,GRID-GUW-02,Meghalaya_Orographic_Cloudburst,267.52,3.46,34.32,12.35,4.51,9.57,8.21,84.07,41.21,51.4,13.08,79.27,0.19,5.24,0.0,0.09,0
MOES-TRN-0586,2018-08-13T03:00:00Z,GRID-WAY-03,Light_Orographic_Spell,213.81,99.73,54.86,32.12,100.87,113.17,263.21,87.14,92.64,780.0,15.18,24.11,0.08,101.45,121.79,2.517,3
MOES-TRN-0587,2018-08-13T06:00:00Z,GRID-DEL-05,Western_Disturbance_Monsoon_Interaction,267.59,22.88,41.98,10.55,18.25,17.53,22.1,85.18,48.36,212.0,11.92,70.06,0.28,17.95,3.36,0.065,0
MOES-TRN-0588,2018-08-13T09:00:00Z,GRID-KOL-06,Bay_Cyclone_Spiral_Band,261.59,23.43,44.78,11.55,26.0,21.36,34.18,91.15,75.28,6.1,14.07,60.82,1.28,23.96,13.76,0.175,0
MOES-TRN-0589,2018-08-13T12:00:00Z,GRID-MUM-01,Mesoscale_Convective_System,244.11,46.86,51.99,21.51,45.7,44.11,91.86,91.49,76.98,4.2,14.79,57.75,4.41,51.75,49.75,1.199,3
MOES-TRN-0590,2018-08-13T15:00:00Z,GRID-CHE-04,Bay_of_Bengal_Cyclonic_Landfall,276.55,4.94,33.45,8.17,4.97,4.36,20.94,89.26,63.73,5.8,13.38,91.84,2.84,4.73,0.31,0.31,1
MOES-TRN-0591,2018-08-13T18:00:00Z,GRID-GUW-02,Pre_Monsoon_Norwester,248.48,59.77,52.06,19.52,60.12,62.23,147.94,87.79,84.05,51.4,12.81,44.74,0.39,62.06,62.38,1.11,2
MOES-TRN-0592,2018-08-13T21:00:00Z,GRID-WAY-03,Monsoon_Vortex_Feeder_Band,236.44,70.72,52.9,22.81,63.56,66.24,120.99,86.73,81.82,780.0,15.32,44.86,0.02,68.38,60.34,1.136,2
MOES-TRN-0593,2018-08-14T00:00:00Z,GRID-DEL-05,Urban_Heat_Island_Downpour,254.41,38.25,47.46,18.72,35.72,38.04,47.63,89.16,61.49,212.0,11.05,61.61,0.12,35.81,22.66,0.17,0
MOES-TRN-0594,2018-08-14T03:00:00Z,GRID-KOL-06,Gangetic_West_Bengal_Deep_Depression,274.12,4.35,36.33,9.44,6.13,9.36,8.27,88.51,55.13,6.1,14.25,69.68,3.43,6.51,0.09,0.399,1
MOES-TRN-0595,2018-08-14T06:00:00Z,GRID-MUM-01,Mesoscale_Convective_System,220.73,71.67,52.72,29.0,85.44,75.79,100.74,93.98,91.66,4.2,15.22,37.32,1.23,77.56,82.56,1.438,3
MOES-TRN-0596,2018-08-14T09:00:00Z,GRID-CHE-04,Coastal_Squall_Line,235.1,63.51,51.06,23.64,66.61,56.32,122.92,90.75,76.9,5.8,14.06,47.51,3.83,61.48,63.59,1.385,3
MOES-TRN-0597,2018-08-14T12:00:00Z,GRID-GUW-02,Valley_Monsoon_Shower,206.42,125.51,56.65,36.74,111.42,118.81,190.86,89.84,90.98,51.4,12.92,22.8,0.3,119.54,131.55,2.421,3
MOES-TRN-0598,2018-08-14T15:00:00Z,GRID-WAY-03,Low_Level_Jet_Extreme_Rain,243.76,44.69,48.61,20.01,47.81,52.38,47.69,87.63,81.28,780.0,15.53,77.05,0.26,45.39,28.06,0.308,1
MOES-TRN-0599,2018-08-14T18:00:00Z,GRID-DEL-05,Yamuna_Catchment_Surge,235.15,52.77,53.15,20.29,64.18,72.82,90.35,92.14,89.7,212.0,11.83,48.62,0.19,67.51,65.87,0.982,2
MOES-TRN-0600,2018-08-14T21:00:00Z,GRID-KOL-06,Monsoon_Trough_Pass,221.89,99.37,54.37,28.74,83.05,90.05,140.49,92.41,90.68,6.1,13.78,24.42,2.25,89.25,98.3,1.788,3
MOES-TRN-0601,2018-08-15T00:00:00Z,GRID-MUM-01,Arabian_Sea_Monsoon_Surge,266.12,23.18,45.03,12.62,24.0,17.84,5.8,89.48,52.61,4.2,14.97,72.58,1.9,22.94,6.92,0.19,0
MOES-TRN-0602,2018-08-15T03:00:00Z,GRID-CHE-04,Northeast_Monsoon_Depression,256.41,30.73,47.34,18.48,37.98,34.29,72.17,90.58,63.97,5.8,13.62,75.17,3.56,34.77,28.66,0.615,2
MOES-TRN-0603,2018-08-15T06:00:00Z,GRID-GUW-02,Meghalaya_Orographic_Cloudburst,266.49,9.34,41.28,8.02,10.85,17.05,25.63,84.44,52.84,51.4,13.61,91.92,0.32,12.44,1.37,0.145,0
MOES-TRN-0604,2018-08-15T09:00:00Z,GRID-WAY-03,Light_Orographic_Spell,221.85,77.76,51.81,28.4,88.34,91.0,179.09,87.84,95.84,780.0,15.12,36.76,0.09,78.95,84.6,1.685,3
MOES-TRN-0605,2018-08-15T12:00:00Z,GRID-DEL-05,Urban_Heat_Island_Downpour,261.48,25.73,46.29,14.07,29.41,31.71,26.96,88.29,68.04,212.0,11.32,69.82,0.22,28.86,12.74,0.101,0
MOES-TRN-0606,2018-08-15T15:00:00Z,GRID-KOL-06,Bay_Cyclone_Spiral_Band,254.25,42.59,48.76,17.77,42.22,39.77,50.42,90.58,70.8,6.1,14.8,61.31,2.89,41.44,30.3,0.487,1
MOES-TRN-0607,2018-08-15T18:00:00Z,GRID-MUM-01,Mesoscale_Convective_System,244.09,64.5,53.96,24.41,64.47,61.6,126.09,91.06,75.02,4.2,15.36,60.48,4.32,70.95,74.01,1.639,3
MOES-TRN-0608,2018-08-15T21:00:00Z,GRID-CHE-04,Bay_of_Bengal_Cyclonic_Landfall,276.84,4.51,33.27,5.03,5.22,8.61,22.56,87.48,45.17,5.8,14.1,88.36,2.19,5.31,0.23,0.253,1
MOES-TRN-0609,2018-08-16T00:00:00Z,GRID-GUW-02,Meghalaya_Orographic_Cloudburst,264.84,13.0,42.84,13.46,13.16,15.83,13.71,83.95,41.1,51.4,12.94,76.87,0.23,14.85,1.17,0.127,0
MOES-TRN-0610,2018-08-16T03:00:00Z,GRID-WAY-03,Monsoon_Vortex_Feeder_Band,240.88,63.21,52.31,21.01,62.13,58.37,95.59,87.26,79.92,780.0,15.33,51.48,0.16,63.58,52.15,0.891,2
MOES-TRN-0611,2018-08-16T06:00:00Z,GRID-DEL-05,Urban_Heat_Island_Downpour,258.54,27.83,48.74,14.51,29.65,26.52,83.74,89.95,80.37,212.0,11.84,56.65,0.13,32.42,27.73,0.342,1
MOES-TRN-0612,2018-08-16T09:00:00Z,GRID-KOL-06,Hooghly_Spring_Tide_Downpour,241.73,59.03,51.48,18.57,56.81,63.58,83.87,92.05,81.18,6.1,13.8,41.96,2.05,59.2,56.38,0.919,2
MOES-TRN-0613,2018-08-16T12:00:00Z,GRID-MUM-01,Offshore_Trough_Cloudburst,255.57,48.52,46.88,20.32,42.77,35.92,41.02,90.56,65.26,4.2,14.57,60.79,3.17,38.98,26.36,0.482,1
MOES-TRN-0614,2018-08-16T15:00:00Z,GRID-CHE-04,Coastal_Squall_Line,232.95,63.08,53.32,25.65,68.19,60.66,72.33,90.97,79.4,5.8,13.95,49.65,4.48,69.58,61.26,1.324,3
MOES-TRN-0615,2018-08-16T18:00:00Z,GRID-GUW-02,Meghalaya_Orographic_Cloudburst,266.89,16.05,41.18,10.68,16.57,14.0,4.68,86.43,63.05,51.4,13.51,80.45,0.26,15.2,1.41,0.091,0
MOES-TRN-0616,2018-08-16T21:00:00Z,GRID-WAY-03,Monsoon_Vortex_Feeder_Band,237.91,62.82,50.88,25.05,60.57,63.08,108.94,89.25,92.76,780.0,14.8,49.55,0.13,59.55,55.47,1.016,2
MOES-TRN-0617,2018-08-17T00:00:00Z,GRID-DEL-05,Yamuna_Catchment_Surge,229.15,82.98,55.29,25.21,82.82,72.54,132.64,89.73,81.88,212.0,11.55,55.82,0.23,88.2,88.51,1.357,3
MOES-TRN-0618,2018-08-17T03:00:00Z,GRID-KOL-06,Gangetic_West_Bengal_Deep_Depression,268.51,25.2,46.0,13.9,17.3,16.11,14.74,87.95,49.47,6.1,14.69,79.93,1.39,21.61,6.08,0.233,0
MOES-TRN-0619,2018-08-17T06:00:00Z,GRID-MUM-01,Arabian_Sea_Monsoon_Surge,269.52,15.44,38.63,10.68,15.06,15.54,0.23,88.08,44.15,4.2,14.61,68.35,1.62,13.4,1.06,0.153,0
MOES-TRN-0620,2018-08-17T09:00:00Z,GRID-CHE-04,Northeast_Monsoon_Depression,258.2,34.16,46.99,16.8,32.18,32.58,42.03,89.23,65.28,5.8,13.95,77.94,2.12,32.34,19.02,0.247,0
MOES-TRN-0621,2018-08-17T12:00:00Z,GRID-GUW-02,Pre_Monsoon_Norwester,241.99,60.24,48.93,19.83,60.61,65.42,137.93,86.83,77.24,51.4,13.54,40.28,0.14,55.16,52.03,1.072,2
MOES-TRN-0622,2018-08-17T15:00:00Z,GRID-WAY-03,Western_Ghats_Orographic_Surge,275.28,2.5,34.4,11.36,5.45,3.73,23.51,80.7,44.81,780.0,14.6,82.35,0.38,4.64,0.0,0.243,0
MOES-TRN-0623,2018-08-17T18:00:00Z,GRID-DEL-05,Scattered_Convective_Cell,207.51,105.88,54.59,37.3,111.68,107.94,216.78,91.39,93.18,212.0,12.12,29.41,0.15,104.61,126.93,2.334,3
MOES-TRN-0624,2018-08-17T21:00:00Z,GRID-KOL-06,Hooghly_Spring_Tide_Downpour,229.24,69.86,53.3,29.55,74.21,86.48,83.2,92.23,86.74,6.1,14.08,57.49,1.78,76.51,73.24,1.085,2
MOES-TRN-0625,2018-08-18T00:00:00Z,GRID-MUM-01,Arabian_Sea_Monsoon_Surge,261.87,15.56,43.59,17.21,16.6,18.48,5.58,88.8,59.91,4.2,15.15,72.55,1.46,17.57,3.46,0.204,0
MOES-TRN-0626,2018-08-18T03:00:00Z,GRID-CHE-04,Bay_of_Bengal_Cyclonic_Landfall,274.8,14.24,42.75,14.21,18.23,21.45,29.05,87.28,54.15,5.8,13.79,90.33,2.03,17.69,5.18,0.212,0
MOES-TRN-0627,2018-08-18T06:00:00Z,GRID-GUW-02,Valley_Monsoon_Shower,214.05,92.6,55.53,31.17,102.5,116.1,134.17,89.58,98.38,51.4,12.8,33.95,0.27,104.5,104.11,1.76,3
MOES-TRN-0628,2018-08-18T09:00:00Z,GRID-WAY-03,Low_Level_Jet_Extreme_Rain,263.83,18.66,45.58,14.49,23.27,24.56,25.99,85.57,73.04,780.0,16.07,57.86,0.16,23.5,6.72,0.342,1
MOES-TRN-0629,2018-08-18T12:00:00Z,GRID-DEL-05,Scattered_Convective_Cell,188.0,135.14,58.3,40.66,156.56,175.9,220.35,92.27,97.34,212.0,11.43,38.7,0.14,157.12,182.09,3.073,3
MOES-TRN-0630,2018-08-18T15:00:00Z,GRID-KOL-06,Bay_Cyclone_Spiral_Band,246.43,41.86,48.69,14.77,45.83,47.44,62.31,89.32,65.0,6.1,14.25,56.27,4.23,43.63,32.2,0.83,2
MOES-TRN-0631,2018-08-18T18:00:00Z,GRID-MUM-01,Moderate_Monsoon_Spell,198.72,142.34,54.97,40.54,132.62,141.96,258.53,94.73,93.0,4.2,14.46,37.22,3.21,124.84,165.79,3.218,3
MOES-TRN-0632,2018-08-18T21:00:00Z,GRID-CHE-04,Stratiform_Monsoon_Rain,202.57,108.82,58.51,37.37,116.78,97.96,228.16,94.39,96.92,5.8,14.06,39.57,1.98,128.48,161.76,2.842,3
MOES-TRN-0633,2018-08-19T00:00:00Z,GRID-GUW-02,Meghalaya_Orographic_Cloudburst,271.83,5.06,36.27,6.04,7.27,4.17,34.44,86.21,62.09,51.4,13.03,86.45,0.15,6.31,0.72,0.192,0
MOES-TRN-0634,2018-08-19T03:00:00Z,GRID-WAY-03,Low_Level_Jet_Extreme_Rain,257.82,26.96,44.37,12.79,28.24,31.01,28.73,84.85,68.22,780.0,14.35,65.65,0.19,26.3,8.05,0.233,0
MOES-TRN-0635,2018-08-19T06:00:00Z,GRID-DEL-05,Scattered_Convective_Cell,197.79,138.69,56.84,37.29,131.3,121.19,230.69,91.55,97.96,212.0,11.34,37.13,0.05,130.67,156.04,2.706,3
MOES-TRN-0636,2018-08-19T09:00:00Z,GRID-KOL-06,Hooghly_Spring_Tide_Downpour,236.9,78.02,53.92,24.6,67.51,67.71,139.15,90.8,79.13,6.1,14.05,57.45,4.0,74.95,79.94,1.684,3
MOES-TRN-0637,2018-08-19T12:00:00Z,GRID-MUM-01,Mesoscale_Convective_System,236.82,61.9,52.27,27.19,74.44,65.88,73.73,93.01,82.5,4.2,14.53,41.84,4.38,68.99,65.93,1.5,3
MOES-TRN-0638,2018-08-19T15:00:00Z,GRID-CHE-04,Coastal_Squall_Line,224.84,78.15,53.23,27.46,85.98,74.84,75.09,89.72,82.57,5.8,13.83,53.54,4.01,80.4,69.05,1.386,3
MOES-TRN-0639,2018-08-19T18:00:00Z,GRID-GUW-02,Meghalaya_Orographic_Cloudburst,272.23,12.44,39.54,11.05,11.67,3.14,20.86,84.69,48.05,51.4,13.27,82.53,0.38,10.32,0.63,0.172,0
MOES-TRN-0640,2018-08-19T21:00:00Z,GRID-WAY-03,Western_Ghats_Orographic_Surge,268.97,10.59,42.47,8.89,11.66,9.99,4.35,80.56,43.77,780.0,15.05,91.34,0.31,12.78,0.04,0.182,0
MOES-TRN-0641,2018-08-20T00:00:00Z,GRID-DEL-05,Urban_Heat_Island_Downpour,257.47,25.65,45.82,13.8,26.48,24.38,63.62,90.19,77.04,212.0,11.35,76.18,0.23,26.1,19.21,0.21,0
MOES-TRN-0642,2018-08-20T03:00:00Z,GRID-KOL-06,Bay_Cyclone_Spiral_Band,251.42,49.32,48.69,18.22,42.68,53.15,29.7,92.08,76.2,6.1,15.18,56.58,1.49,44.43,31.72,0.343,1
MOES-TRN-0643,2018-08-20T06:00:00Z,GRID-MUM-01,Offshore_Trough_Cloudburst,248.53,43.94,48.21,17.11,37.31,33.24,71.12,90.05,66.13,4.2,14.69,66.07,2.58,37.89,30.23,0.481,1
MOES-TRN-0644,2018-08-20T09:00:00Z,GRID-CHE-04,Coastal_Squall_Line,224.79,87.59,53.0,29.83,78.57,78.1,149.51,91.53,82.85,5.8,13.55,42.97,1.53,78.78,87.7,1.546,3
MOES-TRN-0645,2018-08-20T12:00:00Z,GRID-GUW-02,Brahmaputra_Trough_Convection,255.03,40.61,47.14,17.08,35.36,38.52,36.03,86.25,80.63,51.4,13.18,77.03,0.39,35.63,16.56,0.213,0
MOES-TRN-0646,2018-08-20T15:00:00Z,GRID-WAY-03,Western_Ghats_Orographic_Surge,278.24,9.13,39.23,8.94,8.02,7.82,7.08,83.54,50.45,780.0,14.55,84.13,0.25,8.9,0.0,0.175,0
MOES-TRN-0647,2018-08-20T18:00:00Z,GRID-DEL-05,Yamuna_Catchment_Surge,242.88,55.57,48.92,22.11,53.14,63.31,139.45,88.69,79.85,212.0,11.97,42.77,0.18,51.27,52.8,0.943,2
MOES-TRN-0648,2018-08-20T21:00:00Z,GRID-KOL-06,Gangetic_West_Bengal_Deep_Depression,267.94,14.2,41.66,8.91,17.63,17.74,2.18,87.15,41.95,6.1,14.49,68.96,2.18,16.14,1.79,0.145,0
MOES-TRN-0649,2018-08-21T00:00:00Z,GRID-MUM-01,Moderate_Monsoon_Spell,202.81,114.28,55.31,35.65,127.91,96.07,248.24,94.91,91.88,4.2,15.52,43.66,2.98,113.74,153.03,2.962,3
MOES-TRN-0650,2018-08-21T03:00:00Z,GRID-CHE-04,Bay_of_Bengal_Cyclonic_Landfall,273.53,10.94,42.14,12.4,15.76,18.01,11.76,88.01,47.18,5.8,13.48,83.61,3.12,15.28,2.63,0.303,1
MOES-TRN-0651,2018-08-21T06:00:00Z,GRID-GUW-02,Brahmaputra_Trough_Convection,254.18,45.5,47.83,17.49,40.52,30.25,71.57,86.23,66.16,51.4,13.39,70.85,0.15,38.29,24.39,0.295,1
MOES-TRN-0652,2018-08-21T09:00:00Z,GRID-WAY-03,Monsoon_Vortex_Feeder_Band,224.47,84.66,53.93,25.12,82.63,68.87,148.91,87.9,90.93,780.0,15.38,60.78,0.29,81.97,81.33,1.419,3
MOES-TRN-0653,2018-08-21T12:00:00Z,GRID-DEL-05,Urban_Heat_Island_Downpour,256.29,33.15,50.12,20.09,38.13,33.84,46.08,88.16,60.81,212.0,11.54,73.8,0.15,40.36,24.52,0.197,0
MOES-TRN-0654,2018-08-21T15:00:00Z,GRID-KOL-06,Monsoon_Trough_Pass,188.0,137.74,60.14,47.99,152.38,161.21,180.95,92.66,91.71,6.1,13.87,46.89,4.46,169.48,186.94,3.575,3
MOES-TRN-0655,2018-08-21T18:00:00Z,GRID-MUM-01,Arabian_Sea_Monsoon_Surge,263.92,20.19,42.85,10.28,15.26,19.58,3.0,89.93,58.53,4.2,15.12,86.39,4.03,17.33,3.71,0.515,1
MOES-TRN-0656,2018-08-21T21:00:00Z,GRID-CHE-04,Bay_of_Bengal_Cyclonic_Landfall,265.55,15.76,42.92,11.56,17.2,14.0,30.15,88.18,61.09,5.8,13.8,75.17,3.75,16.63,5.36,0.492,1
MOES-TRN-0657,2018-08-22T00:00:00Z,GRID-GUW-02,Pre_Monsoon_Norwester,238.73,75.39,53.49,25.69,76.25,74.52,95.66,89.4,92.15,51.4,13.05,45.96,0.22,77.18,69.5,1.117,2
MOES-TRN-0658,2018-08-22T03:00:00Z,GRID-WAY-03,Low_Level_Jet_Extreme_Rain,252.5,34.9,46.9,20.39,37.41,33.14,73.73,84.59,67.68,780.0,14.83,58.43,0.26,34.39,19.52,0.442,1
MOES-TRN-0659,2018-08-22T06:00:00Z,GRID-DEL-05,Western_Disturbance_Monsoon_Interaction,263.49,18.36,46.01,9.89,20.91,19.22,24.07,86.04,51.37,212.0,11.8,73.3,0.1,22.34,6.21,0.116,0
MOES-TRN-0660,2018-08-22T09:00:00Z,GRID-KOL-06,Gangetic_West_Bengal_Deep_Depression,267.67,16.45,42.23,12.07,14.75,19.66,2.29,87.72,48.94,6.1,14.62,89.89,2.03,16.07,1.99,0.195,0
MOES-TRN-0661,2018-08-22T12:00:00Z,GRID-MUM-01,Moderate_Monsoon_Spell,195.12,150.35,59.69,46.0,137.97,155.79,241.78,95.63,94.44,4.2,14.58,27.7,1.81,161.04,200.92,3.579,3
MOES-TRN-0662,2018-08-22T15:00:00Z,GRID-CHE-04,Northeast_Monsoon_Depression,252.26,42.03,50.03,15.77,41.93,43.31,31.02,90.17,67.43,5.8,13.49,72.94,3.66,44.36,28.41,0.462,1
MOES-TRN-0663,2018-08-22T18:00:00Z,GRID-GUW-02,Valley_Monsoon_Shower,201.75,98.98,57.32,36.77,114.95,125.27,154.95,89.26,97.26,51.4,13.3,38.56,0.04,121.66,124.26,2.078,3
MOES-TRN-0664,2018-08-22T21:00:00Z,GRID-WAY-03,Monsoon_Vortex_Feeder_Band,234.48,76.08,53.28,20.32,65.9,84.95,77.94,86.29,81.51,780.0,14.78,51.43,0.09,74.06,55.98,0.839,2
MOES-TRN-0665,2018-08-23T00:00:00Z,GRID-DEL-05,Yamuna_Catchment_Surge,243.27,65.89,50.02,22.27,62.92,63.82,132.39,90.64,84.81,212.0,11.66,41.26,0.02,59.0,62.97,1.041,2
MOES-TRN-0666,2018-08-23T03:00:00Z,GRID-KOL-06,Monsoon_Trough_Pass,188.0,141.76,56.35,45.9,153.05,145.47,216.45,91.37,90.53,6.1,14.54,33.88,4.56,140.0,161.6,3.336,3
MOES-TRN-0667,2018-08-23T06:00:00Z,GRID-MUM-01,Arabian_Sea_Monsoon_Surge,269.58,11.07,41.03,9.62,13.71,7.89,28.83,87.0,39.57,4.2,15.04,79.7,4.06,12.37,2.52,0.612,2
MOES-TRN-0668,2018-08-23T09:00:00Z,GRID-CHE-04,Bay_of_Bengal_Cyclonic_Landfall,276.46,3.29,30.71,9.6,5.01,2.85,32.78,86.31,39.48,5.8,13.73,71.06,1.44,3.8,0.2,0.234,0
MOES-TRN-0669,2018-08-23T12:00:00Z,GRID-GUW-02,Meghalaya_Orographic_Cloudburst,265.7,18.53,39.87,13.68,17.32,16.78,14.11,83.02,38.28,51.4,13.26,81.93,0.03,15.52,1.13,0.147,0
MOES-TRN-0670,2018-08-23T15:00:00Z,GRID-WAY-03,Monsoon_Vortex_Feeder_Band,239.23,66.97,53.44,27.2,67.71,68.7,130.53,86.57,78.69,780.0,14.33,59.69,0.21,71.6,64.8,1.062,2
MOES-TRN-0671,2018-08-23T18:00:00Z,GRID-DEL-05,Western_Disturbance_Monsoon_Interaction,265.21,11.68,39.66,8.96,14.44,15.15,29.51,86.37,56.41,212.0,11.44,70.25,0.24,12.99,2.55,0.113,0
MOES-TRN-0672,2018-08-23T21:00:00Z,GRID-KOL-06,Monsoon_Trough_Pass,221.64,91.98,53.23,29.8,87.55,89.61,227.91,91.7,91.19,6.1,14.18,20.03,3.58,85.3,111.28,2.539,3
MOES-TRN-0673,2018-08-24T00:00:00Z,GRID-MUM-01,Moderate_Monsoon_Spell,221.28,79.04,54.77,28.99,79.33,86.77,247.02,94.96,90.48,4.2,15.37,30.4,2.39,85.85,125.21,2.51,3
MOES-TRN-0674,2018-08-24T03:00:00Z,GRID-CHE-04,Coastal_Squall_Line,233.43,74.41,53.26,24.52,67.1,70.35,100.9,92.55,91.84,5.8,13.67,44.22,2.63,72.14,73.58,1.274,3
MOES-TRN-0675,2018-08-24T06:00:00Z,GRID-GUW-02,Meghalaya_Orographic_Cloudburst,270.17,17.79,43.9,9.97,16.99,5.28,28.63,82.12,41.52,51.4,13.77,70.62,0.12,16.51,2.06,0.195,0
MOES-TRN-0676,2018-08-24T09:00:00Z,GRID-WAY-03,Low_Level_Jet_Extreme_Rain,260.43,21.65,45.07,11.3,22.8,20.45,35.29,84.36,61.14,780.0,14.96,69.13,0.15,22.65,6.47,0.267,1
MOES-TRN-0677,2018-08-24T12:00:00Z,GRID-DEL-05,Yamuna_Catchment_Surge,243.84,54.43,50.72,21.72,53.99,57.15,151.57,89.27,82.06,212.0,12.14,46.82,0.01,54.48,59.5,1.064,2
MOES-TRN-0678,2018-08-24T15:00:00Z,GRID-KOL-06,Bay_Cyclone_Spiral_Band,254.03,33.08,48.72,15.3,36.4,33.13,72.55,89.87,59.04,6.1,14.27,63.59,3.39,36.7,29.16,0.597,1
MOES-TRN-0679,2018-08-24T18:00:00Z,GRID-MUM-01,Arabian_Sea_Monsoon_Surge,270.27,10.61,39.5,9.95,10.08,17.01,16.92,88.19,37.54,4.2,14.56,69.19,3.68,11.34,1.61,0.482,1
MOES-TRN-0680,2018-08-24T21:00:00Z,GRID-CHE-04,Northeast_Monsoon_Depression,250.7,53.1,51.26,18.59,46.51,46.29,75.04,90.93,66.99,5.8,14.84,76.57,3.6,51.3,44.68,0.868,2
MOES-TRN-0681,2018-08-25T00:00:00Z,GRID-GUW-02,Brahmaputra_Trough_Convection,263.54,21.92,46.89,14.3,27.37,28.04,42.25,87.21,67.74,51.4,13.36,73.37,0.22,27.78,13.12,0.266,1
MOES-TRN-0682,2018-08-25T03:00:00Z,GRID-WAY-03,Low_Level_Jet_Extreme_Rain,246.02,30.55,47.26,13.57,39.22,33.42,47.59,85.12,67.41,780.0,15.48,65.52,0.02,34.96,16.5,0.392,1
MOES-TRN-0683,2018-08-25T06:00:00Z,GRID-DEL-05,Yamuna_Catchment_Surge,229.64,67.08,51.48,24.68,71.45,59.78,70.81,90.61,89.59,212.0,11.37,56.75,0.18,65.5,56.27,0.678,2
MOES-TRN-0684,2018-08-25T09:00:00Z,GRID-KOL-06,Bay_Cyclone_Spiral_Band,258.25,29.78,44.79,16.33,29.51,24.6,38.74,89.76,68.43,6.1,13.78,62.54,3.2,26.78,14.88,0.407,1
MOES-TRN-0685,2018-08-25T12:00:00Z,GRID-MUM-01,Arabian_Sea_Monsoon_Surge,267.86,10.94,40.72,10.81,11.89,23.2,17.6,88.06,55.3,4.2,15.18,88.9,2.77,13.61,2.49,0.348,1
MOES-TRN-0686,2018-08-25T15:00:00Z,GRID-CHE-04,Stratiform_Monsoon_Rain,188.0,155.9,57.42,40.36,149.81,165.74,235.33,93.77,93.19,5.8,14.18,31.82,3.05,150.34,183.2,3.415,3
MOES-TRN-0687,2018-08-25T18:00:00Z,GRID-GUW-02,Brahmaputra_Trough_Convection,252.95,45.54,48.63,21.93,43.69,49.86,27.98,87.04,65.49,51.4,12.82,63.92,0.02,43.65,22.29,0.202,0
MOES-TRN-0688,2018-08-25T21:00:00Z,GRID-WAY-03,Light_Orographic_Spell,207.41,105.44,54.49,32.58,109.8,103.04,218.79,87.6,89.32,780.0,14.71,45.05,0.23,102.69,114.88,2.141,3
MOES-TRN-0689,2018-08-26T00:00:00Z,GRID-DEL-05,Urban_Heat_Island_Downpour,260.45,22.06,43.38,13.71,25.68,23.63,77.66,88.42,59.36,212.0,10.87,59.34,0.04,22.6,16.46,0.225,0
MOES-TRN-0690,2018-08-26T03:00:00Z,GRID-KOL-06,Gangetic_West_Bengal_Deep_Depression,268.47,15.77,43.97,11.29,12.03,18.08,6.58,86.56,41.21,6.1,14.44,88.02,4.47,16.16,1.92,0.56,1
MOES-TRN-0691,2018-08-26T06:00:00Z,GRID-MUM-01,Mesoscale_Convective_System,234.24,69.28,50.21,24.37,74.7,66.79,117.38,93.86,91.31,4.2,14.96,42.73,4.29,64.85,73.4,1.702,3
MOES-TRN-0692,2018-08-26T09:00:00Z,GRID-CHE-04,Stratiform_Monsoon_Rain,188.0,171.23,58.25,46.52,155.59,146.74,236.14,93.18,95.58,5.8,14.11,44.21,2.3,158.06,189.24,3.291,3
MOES-TRN-0693,2018-08-26T12:00:00Z,GRID-GUW-02,Meghalaya_Orographic_Cloudburst,271.75,15.39,41.1,11.78,12.7,15.87,11.77,85.69,58.69,51.4,13.29,73.74,0.18,13.83,1.25,0.151,0
MOES-TRN-0694,2018-08-26T15:00:00Z,GRID-WAY-03,Low_Level_Jet_Extreme_Rain,256.31,28.6,46.59,15.83,28.26,26.29,58.35,85.02,78.53,780.0,14.19,55.66,0.07,28.53,13.62,0.279,1
MOES-TRN-0695,2018-08-26T18:00:00Z,GRID-DEL-05,Urban_Heat_Island_Downpour,261.53,35.77,46.9,15.81,41.49,42.35,76.6,86.97,65.8,212.0,11.63,52.61,0.23,37.39,25.67,0.276,1
MOES-TRN-0696,2018-08-26T21:00:00Z,GRID-KOL-06,Monsoon_Trough_Pass,204.6,112.46,56.54,33.26,110.94,120.59,202.64,93.49,89.52,6.1,14.08,30.68,1.61,116.92,142.06,2.543,3
MOES-TRN-0697,2018-08-27T00:00:00Z,GRID-MUM-01,Mesoscale_Convective_System,231.18,69.78,53.35,23.32,72.22,73.31,116.32,93.57,83.06,4.2,14.35,36.62,1.32,74.07,81.4,1.483,3
MOES-TRN-0698,2018-08-27T03:00:00Z,GRID-CHE-04,Bay_of_Bengal_Cyclonic_Landfall,263.28,22.72,45.84,12.1,19.95,24.45,15.38,85.61,41.98,5.8,14.29,69.94,2.48,23.19,5.35,0.217,0
MOES-TRN-0699,2018-08-27T06:00:00Z,GRID-GUW-02,Pre_Monsoon_Norwester,221.29,96.13,56.64,28.3,83.53,99.92,142.74,86.79,77.82,51.4,13.93,56.8,0.15,101.57,95.71,1.549,3
MOES-TRN-0700,2018-08-27T09:00:00Z,GRID-WAY-03,Monsoon_Vortex_Feeder_Band,226.33,70.83,50.73,27.61,70.92,64.56,131.32,86.78,85.67,780.0,14.84,47.25,0.22,64.59,59.07,1.062,2
MOES-TRN-0701,2018-08-27T12:00:00Z,GRID-DEL-05,Yamuna_Catchment_Surge,239.86,53.91,52.54,21.64,64.13,60.11,138.45,91.29,88.76,212.0,11.19,36.44,0.13,63.82,70.38,1.202,3
MOES-TRN-0702,2018-08-27T15:00:00Z,GRID-KOL-06,Bay_Cyclone_Spiral_Band,254.67,41.22,46.73,19.4,34.71,28.62,28.16,89.11,70.1,6.1,14.54,64.33,4.1,33.51,17.39,0.599,1
MOES-TRN-0703,2018-08-27T18:00:00Z,GRID-MUM-01,Arabian_Sea_Monsoon_Surge,265.04,18.65,42.67,9.76,15.6,21.41,31.73,90.7,62.05,4.2,14.75,76.7,1.38,17.33,8.08,0.264,1
MOES-TRN-0704,2018-08-27T21:00:00Z,GRID-CHE-04,Bay_of_Bengal_Cyclonic_Landfall,267.93,23.08,41.39,12.09,15.36,9.39,3.38,90.47,63.84,5.8,13.74,72.63,1.97,15.35,3.08,0.122,0
MOES-TRN-0705,2018-08-28T00:00:00Z,GRID-GUW-02,Pre_Monsoon_Norwester,227.23,86.23,55.8,25.81,88.09,84.37,128.07,87.92,91.09,51.4,13.21,37.43,0.36,94.94,89.3,1.509,3
MOES-TRN-0706,2018-08-28T03:00:00Z,GRID-WAY-03,Light_Orographic_Spell,191.16,149.52,59.55,42.53,144.76,153.95,281.92,87.47,94.71,780.0,15.35,34.87,0.38,161.96,185.55,3.474,3
MOES-TRN-0707,2018-08-28T06:00:00Z,GRID-DEL-05,Western_Disturbance_Monsoon_Interaction,269.22,12.71,43.13,10.03,14.96,19.33,26.7,86.71,52.91,212.0,11.47,70.62,0.12,16.21,3.84,0.075,0
MOES-TRN-0708,2018-08-28T09:00:00Z,GRID-KOL-06,Hooghly_Spring_Tide_Downpour,244.44,65.17,53.73,21.38,61.37,76.75,89.4,91.63,75.99,6.1,14.53,36.38,4.38,71.11,67.86,1.592,3
MOES-TRN-0709,2018-08-28T12:00:00Z,GRID-MUM-01,Mesoscale_Convective_System,240.6,65.23,51.29,26.17,68.54,72.45,73.1,93.82,86.54,4.2,14.72,43.62,3.99,65.36,64.31,1.344,3
MOES-TRN-0710,2018-08-28T15:00:00Z,GRID-CHE-04,Northeast_Monsoon_Depression,250.85,41.47,49.23,17.91,44.63,40.86,79.71,91.1,73.7,5.8,13.78,63.72,4.05,43.25,38.64,0.829,2
MOES-TRN-0711,2018-08-28T18:00:00Z,GRID-GUW-02,Pre_Monsoon_Norwester,232.89,77.42,53.88,27.06,74.34,79.88,92.49,89.3,86.02,51.4,13.35,47.43,0.1,79.02,70.32,1.086,2
MOES-TRN-0712,2018-08-28T21:00:00Z,GRID-WAY-03,Western_Ghats_Orographic_Surge,273.9,19.31,42.5,9.3,12.05,12.95,23.8,82.26,39.68,780.0,15.76,81.3,0.21,14.77,1.29,0.29,1
MOES-TRN-0713,2018-08-29T00:00:00Z,GRID-DEL-05,Western_Disturbance_Monsoon_Interaction,267.22,8.98,37.1,12.63,9.81,7.83,21.92,88.9,62.94,212.0,11.84,75.43,0.22,8.69,1.32,0.059,0
MOES-TRN-0714,2018-08-29T03:00:00Z,GRID-KOL-06,Hooghly_Spring_Tide_Downpour,245.99,49.3,49.55,21.67,47.23,49.61,82.57,92.95,88.1,6.1,14.53,38.99,2.53,47.36,46.99,0.906,2
MOES-TRN-0715,2018-08-29T06:00:00Z,GRID-MUM-01,Offshore_Trough_Cloudburst,259.33,35.32,46.88,17.58,31.55,40.19,51.27,90.48,67.62,4.2,14.6,60.05,4.34,33.19,23.24,0.717,2
MOES-TRN-0716,2018-08-29T09:00:00Z,GRID-CHE-04,Coastal_Squall_Line,234.84,65.37,52.44,23.74,67.95,83.67,128.79,91.63,90.94,5.8,13.59,51.76,2.79,70.09,75.19,1.429,3
MOES-TRN-0717,2018-08-29T12:00:00Z,GRID-GUW-02,Valley_Monsoon_Shower,188.0,164.61,60.35,41.3,144.47,165.93,261.39,90.16,90.91,51.4,13.55,21.99,0.05,173.45,200.73,3.616,3
MOES-TRN-0718,2018-08-29T15:00:00Z,GRID-WAY-03,Western_Ghats_Orographic_Surge,267.27,15.71,41.27,10.8,19.37,29.44,8.69,82.47,48.82,780.0,15.94,83.35,0.32,18.43,1.43,0.232,0
MOES-TRN-0719,2018-08-29T18:00:00Z,GRID-DEL-05,Yamuna_Catchment_Surge,241.94,59.57,50.58,18.55,60.36,67.37,93.77,91.23,89.87,212.0,11.67,44.98,0.35,58.81,56.16,0.863,2
MOES-TRN-0720,2018-08-29T21:00:00Z,GRID-KOL-06,Hooghly_Spring_Tide_Downpour,230.55,83.66,54.14,28.74,85.33,80.43,120.29,93.17,78.32,6.1,14.63,60.72,2.83,85.28,92.16,1.595,3
MOES-TRN-0721,2018-08-30T00:00:00Z,GRID-MUM-01,Arabian_Sea_Monsoon_Surge,270.99,6.65,33.38,11.25,4.81,0.97,2.35,88.88,57.16,4.2,14.34,77.33,3.38,4.45,0.0,0.421,1
MOES-TRN-0722,2018-08-30T03:00:00Z,GRID-CHE-04,Stratiform_Monsoon_Rain,204.69,120.48,57.65,34.99,113.4,106.38,161.04,91.88,88.42,5.8,14.25,47.75,3.64,124.06,135.4,2.551,3
MOES-TRN-0723,2018-08-30T06:00:00Z,GRID-GUW-02,Valley_Monsoon_Shower,197.53,125.93,55.63,38.8,124.19,138.68,221.41,90.05,89.7,51.4,13.56,41.2,0.37,121.76,140.86,2.492,3
MOES-TRN-0724,2018-08-30T09:00:00Z,GRID-WAY-03,Light_Orographic_Spell,191.75,116.28,58.4,38.51,131.27,140.87,249.97,86.83,89.63,780.0,15.42,33.08,0.06,140.31,155.65,2.968,3
MOES-TRN-0725,2018-08-30T12:00:00Z,GRID-DEL-05,Urban_Heat_Island_Downpour,256.89,26.95,46.25,16.94,28.35,27.37,71.95,89.77,73.62,212.0,11.73,73.38,0.11,27.99,21.59,0.23,0
MOES-TRN-0726,2018-08-30T15:00:00Z,GRID-KOL-06,Bay_Cyclone_Spiral_Band,251.84,33.45,47.47,14.88,32.88,25.55,47.69,91.17,65.56,6.1,14.19,73.27,1.55,32.24,22.91,0.288,1
MOES-TRN-0727,2018-08-30T18:00:00Z,GRID-MUM-01,Mesoscale_Convective_System,241.66,63.48,52.82,20.03,65.37,50.25,83.55,92.55,76.7,4.2,14.53,58.73,1.81,65.38,63.42,0.924,2
MOES-TRN-0728,2018-08-30T21:00:00Z,GRID-CHE-04,Bay_of_Bengal_Cyclonic_Landfall,265.43,17.54,42.08,13.18,19.72,18.18,17.99,87.61,56.24,5.8,13.84,90.87,1.55,17.82,4.22,0.164,0
MOES-TRN-0729,2018-08-31T00:00:00Z,GRID-GUW-02,Valley_Monsoon_Shower,208.83,121.4,55.5,30.06,101.52,104.27,259.17,87.56,89.22,51.4,13.13,38.25,0.02,106.91,127.37,2.474,3
MOES-TRN-0730,2018-08-31T03:00:00Z,GRID-WAY-03,Light_Orographic_Spell,195.33,119.3,56.73,39.61,130.11,114.87,199.74,87.89,90.66,780.0,15.37,32.98,0.21,125.61,133.75,2.491,3
MOES-TRN-0731,2018-08-31T06:00:00Z,GRID-DEL-05,Western_Disturbance_Monsoon_Interaction,276.01,9.08,33.07,9.47,6.77,0.0,10.17,86.09,39.36,212.0,11.04,72.53,0.17,5.39,0.0,0.02,0
MOES-TRN-0732,2018-08-31T09:00:00Z,GRID-KOL-06,Gangetic_West_Bengal_Deep_Depression,270.02,3.07,34.33,11.16,6.56,7.66,33.12,90.02,56.19,6.1,14.29,68.68,3.02,5.69,1.52,0.369,1
MOES-TRN-0733,2018-08-31T12:00:00Z,GRID-MUM-01,Mesoscale_Convective_System,231.71,85.01,51.92,27.07,84.77,66.04,141.86,92.96,91.96,4.2,14.93,44.71,2.09,75.57,86.74,1.561,3
MOES-TRN-0734,2018-08-31T15:00:00Z,GRID-CHE-04,Northeast_Monsoon_Depression,259.74,36.13,46.26,19.13,35.42,24.94,73.74,88.37,65.67,5.8,13.71,63.75,3.91,31.82,22.87,0.617,2
MOES-TRN-0735,2018-08-31T18:00:00Z,GRID-GUW-02,Meghalaya_Orographic_Cloudburst,267.71,17.93,42.84,15.68,17.04,26.16,28.63,84.34,48.33,51.4,12.18,81.59,0.11,18.55,3.8,0.123,0
MOES-TRN-0736,2018-08-31T21:00:00Z,GRID-WAY-03,Light_Orographic_Spell,188.0,134.15,59.92,43.27,149.15,126.41,186.58,87.68,97.25,780.0,15.07,44.21,0.38,160.7,164.45,2.797,3
MOES-TRN-0737,2018-09-01T00:00:00Z,GRID-DEL-05,Scattered_Convective_Cell,212.82,116.43,56.01,34.08,113.49,126.72,192.72,91.47,88.85,212.0,11.51,19.49,0.07,116.43,133.55,2.369,3
MOES-TRN-0738,2018-09-01T03:00:00Z,GRID-KOL-06,Gangetic_West_Bengal_Deep_Depression,273.74,3.73,37.83,10.04,8.13,11.6,21.83,88.1,52.82,6.1,14.74,79.46,1.94,8.01,0.88,0.225,0
MOES-TRN-0739,2018-09-01T06:00:00Z,GRID-MUM-01,Mesoscale_Convective_System,239.68,54.84,52.06,22.19,56.0,54.84,155.92,94.26,91.03,4.2,15.05,47.31,2.25,58.66,76.68,1.52,3
MOES-TRN-0740,2018-09-01T09:00:00Z,GRID-CHE-04,Coastal_Squall_Line,232.1,71.6,51.29,24.9,70.9,75.52,106.99,89.71,85.89,5.8,14.32,49.08,3.47,67.72,63.7,1.341,3
MOES-TRN-0741,2018-09-01T12:00:00Z,GRID-GUW-02,Valley_Monsoon_Shower,196.23,124.33,58.34,40.49,129.48,140.92,203.1,90.48,92.25,51.4,12.71,38.14,0.03,140.53,156.6,2.673,3
MOES-TRN-0742,2018-09-01T15:00:00Z,GRID-WAY-03,Light_Orographic_Spell,201.81,123.45,54.1,34.8,118.89,126.38,169.1,87.96,88.12,780.0,15.02,37.44,0.19,110.68,113.03,2.096,3
MOES-TRN-0743,2018-09-01T18:00:00Z,GRID-DEL-05,Urban_Heat_Island_Downpour,253.87,31.63,48.21,17.28,34.09,23.22,52.58,89.4,67.4,212.0,11.09,54.92,0.32,33.3,21.88,0.162,0
MOES-TRN-0744,2018-09-01T21:00:00Z,GRID-KOL-06,Bay_Cyclone_Spiral_Band,260.19,26.94,45.85,14.47,31.51,34.29,29.72,88.78,61.11,6.1,14.64,52.45,1.78,29.65,14.32,0.278,1
MOES-TRN-0745,2018-09-02T00:00:00Z,GRID-MUM-01,Offshore_Trough_Cloudburst,257.25,22.97,45.78,16.96,22.89,27.61,47.44,92.32,73.82,4.2,15.33,55.08,1.39,24.72,18.38,0.317,1
MOES-TRN-0746,2018-09-02T03:00:00Z,GRID-CHE-04,Bay_of_Bengal_Cyclonic_Landfall,268.01,20.41,43.89,10.38,21.03,24.8,21.26,86.93,44.96,5.8,13.31,76.72,2.19,21.19,5.89,0.21,0
MOES-TRN-0747,2018-09-02T06:00:00Z,GRID-GUW-02,Pre_Monsoon_Norwester,235.94,65.16,54.11,23.93,73.2,67.34,102.22,88.66,91.33,51.4,13.76,42.05,0.14,75.77,67.76,1.095,2
MOES-TRN-0748,2018-09-02T09:00:00Z,GRID-WAY-03,Monsoon_Vortex_Feeder_Band,249.07,59.8,53.13,19.73,56.64,62.01,116.27,86.86,77.46,780.0,14.6,51.94,0.0,64.19,55.91,0.947,2
MOES-TRN-0749,2018-09-02T12:00:00Z,GRID-DEL-05,Urban_Heat_Island_Downpour,260.25,22.66,44.42,12.93,20.72,28.18,31.33,88.77,71.86,212.0,11.92,75.56,0.02,22.42,9.52,0.149,0
MOES-TRN-0750,2018-09-02T15:00:00Z,GRID-KOL-06,Bay_Cyclone_Spiral_Band,251.99,39.88,48.97,22.07,45.43,47.07,66.31,91.34,80.3,6.1,14.2,70.62,1.64,43.65,36.81,0.456,1
MOES-TRN-0751,2018-09-02T18:00:00Z,GRID-MUM-01,Arabian_Sea_Monsoon_Surge,273.84,13.71,39.63,12.51,16.13,9.85,16.54,90.52,54.26,4.2,14.98,82.82,2.33,13.2,3.48,0.254,1
MOES-TRN-0752,2018-09-02T21:00:00Z,GRID-CHE-04,Coastal_Squall_Line,235.09,65.65,53.13,27.99,65.42,61.73,142.96,91.74,76.61,5.8,14.18,40.43,4.08,68.41,76.85,1.724,3
MOES-TRN-0753,2018-09-03T00:00:00Z,GRID-GUW-02,Valley_Monsoon_Shower,206.8,108.54,55.41,34.19,108.65,115.69,276.02,88.84,92.76,51.4,13.08,37.94,0.32,108.74,136.39,2.621,3
MOES-TRN-0754,2018-09-03T03:00:00Z,GRID-WAY-03,Western_Ghats_Orographic_Surge,266.2,11.49,38.07,9.5,10.39,7.71,17.66,85.0,59.26,780.0,15.0,72.09,0.23,9.66,0.42,0.257,1
MOES-TRN-0755,2018-09-03T06:00:00Z,GRID-DEL-05,Scattered_Convective_Cell,188.0,154.45,55.47,43.53,150.0,130.86,291.45,90.89,99.13,212.0,11.68,43.73,0.2,134.22,170.77,3.048,3
MOES-TRN-0756,2018-09-03T09:00:00Z,GRID-KOL-06,Hooghly_Spring_Tide_Downpour,250.43,50.8,48.52,19.34,45.84,43.54,139.23,91.37,77.09,6.1,14.98,38.62,2.01,44.23,52.19,1.043,2
MOES-TRN-0757,2018-09-03T12:00:00Z,GRID-MUM-01,Mesoscale_Convective_System,234.96,62.34,51.36,22.1,61.36,55.04,79.9,93.31,85.58,4.2,15.27,58.19,2.56,59.93,59.26,0.981,2
MOES-TRN-0758,2018-09-03T15:00:00Z,GRID-CHE-04,Bay_of_Bengal_Cyclonic_Landfall,274.35,10.89,38.54,6.14,5.61,0.0,29.84,89.14,51.27,5.8,13.62,85.16,3.06,6.87,1.37,0.393,1
MOES-TRN-0759,2018-09-03T18:00:00Z,GRID-GUW-02,Valley_Monsoon_Shower,195.93,142.33,54.11,40.25,140.69,123.64,201.59,90.23,95.14,51.4,13.55,20.87,0.13,121.67,137.05,2.522,3
MOES-TRN-0760,2018-09-03T21:00:00Z,GRID-WAY-03,Western_Ghats_Orographic_Surge,270.72,14.98,39.53,9.98,11.82,12.19,4.91,85.41,60.87,780.0,14.61,83.97,0.04,12.04,0.41,0.146,0
MOES-TRN-0761,2018-09-04T00:00:00Z,GRID-DEL-05,Western_Disturbance_Monsoon_Interaction,276.35,4.93,28.96,13.41,2.93,0.0,26.04,87.48,61.65,212.0,11.52,69.77,0.3,2.65,0.03,0.114,0
MOES-TRN-0762,2018-09-04T03:00:00Z,GRID-KOL-06,Monsoon_Trough_Pass,211.52,105.7,53.03,35.87,109.53,123.89,144.45,93.24,90.09,6.1,14.43,37.35,4.49,99.95,111.96,2.402,3
MOES-TRN-0763,2018-09-04T06:00:00Z,GRID-MUM-01,Mesoscale_Convective_System,233.67,64.27,54.7,24.91,69.09,57.37,113.52,95.37,83.34,4.2,14.95,36.39,2.87,75.19,86.75,1.642,3
MOES-TRN-0764,2018-09-04T09:00:00Z,GRID-CHE-04,Coastal_Squall_Line,249.05,48.36,52.09,25.1,53.48,62.82,156.12,90.98,76.84,5.8,14.37,51.0,3.04,57.89,67.66,1.437,3
MOES-TRN-0765,2018-09-04T12:00:00Z,GRID-GUW-02,Brahmaputra_Trough_Convection,250.01,38.27,48.72,15.02,45.7,44.56,52.62,86.02,70.69,51.4,13.33,68.65,0.29,42.67,24.24,0.257,1
MOES-TRN-0766,2018-09-04T15:00:00Z,GRID-WAY-03,Light_Orographic_Spell,188.0,144.22,57.89,43.8,138.45,137.77,280.46,86.19,89.74,780.0,15.33,24.93,0.16,143.39,163.22,3.228,3
MOES-TRN-0767,2018-09-04T18:00:00Z,GRID-DEL-05,Western_Disturbance_Monsoon_Interaction,277.06,9.03,38.11,8.23,8.47,4.58,26.09,86.3,42.78,212.0,10.94,86.43,0.1,8.11,0.73,0.101,0
MOES-TRN-0768,2018-09-04T21:00:00Z,GRID-KOL-06,Hooghly_Spring_Tide_Downpour,236.2,53.89,49.02,20.04,56.26,50.74,120.55,92.67,85.32,6.1,14.53,37.92,3.15,50.61,57.36,1.268,3
MOES-TRN-0769,2018-09-05T00:00:00Z,GRID-MUM-01,Arabian_Sea_Monsoon_Surge,263.6,11.73,36.81,10.36,7.49,10.75,19.88,90.94,54.89,4.2,14.69,73.08,1.21,8.56,1.87,0.249,0
MOES-TRN-0770,2018-09-05T03:00:00Z,GRID-CHE-04,Stratiform_Monsoon_Rain,224.43,93.19,50.97,30.55,95.97,75.85,215.14,93.6,98.58,5.8,14.64,38.6,2.35,79.89,108.52,2.178,3
MOES-TRN-0771,2018-09-05T06:00:00Z,GRID-GUW-02,Valley_Monsoon_Shower,188.0,140.7,56.4,47.81,159.02,156.93,273.59,89.55,97.65,51.4,13.59,46.39,0.3,143.97,172.44,3.115,3
MOES-TRN-0772,2018-09-05T09:00:00Z,GRID-WAY-03,Monsoon_Vortex_Feeder_Band,230.83,93.51,53.71,28.07,80.01,80.98,164.47,86.1,81.03,780.0,15.78,56.26,0.08,83.23,81.26,1.481,3
MOES-TRN-0773,2018-09-05T12:00:00Z,GRID-DEL-05,Yamuna_Catchment_Surge,233.94,63.06,50.66,21.72,60.59,47.44,90.24,90.32,84.04,212.0,11.28,44.48,0.36,56.88,51.58,0.758,2
MOES-TRN-0774,2018-09-05T15:00:00Z,GRID-KOL-06,Monsoon_Trough_Pass,195.41,119.97,57.75,43.88,128.39,107.52,276.67,92.5,90.17,6.1,14.21,39.92,2.28,130.48,168.67,3.156,3
MOES-TRN-0775,2018-09-05T18:00:00Z,GRID-MUM-01,Offshore_Trough_Cloudburst,247.96,44.36,49.03,20.36,50.6,51.66,57.04,90.51,70.21,4.2,14.38,63.04,2.59,47.08,36.44,0.517,1
MOES-TRN-0776,2018-09-05T21:00:00Z,GRID-CHE-04,Coastal_Squall_Line,244.87,54.65,49.79,25.38,52.56,60.2,128.17,90.32,80.96,5.8,14.25,61.75,1.22,52.24,55.03,0.919,2
MOES-TRN-0777,2018-09-06T00:00:00Z,GRID-GUW-02,Pre_Monsoon_Norwester,226.44,79.41,53.49,26.73,82.8,84.25,151.14,88.65,83.76,51.4,12.99,59.04,0.34,81.68,83.4,1.324,3
MOES-TRN-0778,2018-09-06T03:00:00Z,GRID-WAY-03,Low_Level_Jet_Extreme_Rain,262.07,27.7,46.8,13.61,32.34,30.66,50.26,85.54,76.1,780.0,14.75,75.16,0.39,30.84,14.55,0.303,1
MOES-TRN-0779,2018-09-06T06:00:00Z,GRID-DEL-05,Scattered_Convective_Cell,212.27,105.04,54.19,30.4,107.23,91.53,219.59,91.53,94.51,212.0,11.66,25.01,0.25,98.8,122.25,2.241,3
MOES-TRN-0780,2018-09-06T09:00:00Z,GRID-KOL-06,Bay_Cyclone_Spiral_Band,252.86,36.64,45.83,16.15,33.44,33.18,68.22,89.85,72.34,6.1,14.21,62.33,2.37,31.75,24.13,0.372,1
MOES-TRN-0781,2018-09-06T12:00:00Z,GRID-MUM-01,Mesoscale_Convective_System,227.8,83.73,52.7,26.49,73.63,65.83,154.91,93.53,75.29,4.2,14.77,44.92,3.9,73.54,89.08,1.932,3
MOES-TRN-0782,2018-09-06T15:00:00Z,GRID-CHE-04,Stratiform_Monsoon_Rain,205.52,110.75,54.55,39.41,116.19,121.25,240.48,93.48,90.75,5.8,14.11,19.43,1.82,108.79,142.22,2.778,3
MOES-TRN-0783,2018-09-06T18:00:00Z,GRID-GUW-02,Brahmaputra_Trough_Convection,260.72,32.55,48.52,15.44,29.3,36.85,72.73,88.78,78.47,51.4,12.94,61.06,0.28,34.07,25.16,0.299,1
MOES-TRN-0784,2018-09-06T21:00:00Z,GRID-WAY-03,Light_Orographic_Spell,195.69,130.68,56.5,39.56,130.62,127.55,155.21,88.82,97.96,780.0,14.96,32.87,0.24,128.03,129.24,2.263,3
MOES-TRN-0785,2018-09-07T00:00:00Z,GRID-DEL-05,Western_Disturbance_Monsoon_Interaction,276.63,8.51,41.52,10.36,8.51,11.51,2.88,83.33,37.83,212.0,11.78,78.23,0.08,10.8,0.03,0.112,0
MOES-TRN-0786,2018-09-07T03:00:00Z,GRID-KOL-06,Bay_Cyclone_Spiral_Band,257.25,35.12,48.01,16.76,34.91,35.44,48.16,91.2,75.44,6.1,14.85,58.79,3.61,35.54,25.85,0.528,1
MOES-TRN-0787,2018-09-07T06:00:00Z,GRID-MUM-01,Moderate_Monsoon_Spell,191.79,124.37,56.28,42.53,140.83,161.41,174.58,93.79,95.61,4.2,14.27,27.07,2.19,134.43,154.17,2.716,3
MOES-TRN-0788,2018-09-07T09:00:00Z,GRID-CHE-04,Coastal_Squall_Line,243.67,50.14,51.35,22.56,51.78,52.56,163.89,89.91,76.85,5.8,13.4,57.84,3.8,53.97,63.01,1.463,3
MOES-TRN-0789,2018-09-07T12:00:00Z,GRID-GUW-02,Meghalaya_Orographic_Cloudburst,275.99,12.94,34.29,8.63,5.18,7.83,11.5,85.12,64.85,51.4,13.55,85.45,0.31,6.76,0.0,0.155,0
MOES-TRN-0790,2018-09-07T15:00:00Z,GRID-WAY-03,Light_Orographic_Spell,188.0,143.01,58.83,43.6,137.89,115.29,285.31,87.45,90.93,780.0,15.47,44.54,0.13,146.85,171.43,3.252,3
MOES-TRN-0791,2018-09-07T18:00:00Z,GRID-DEL-05,Scattered_Convective_Cell,196.46,116.45,55.73,35.84,131.84,134.14,260.94,88.81,93.88,212.0,11.56,47.36,0.12,123.03,147.01,2.618,3
MOES-TRN-0792,2018-09-07T21:00:00Z,GRID-KOL-06,Bay_Cyclone_Spiral_Band,253.59,32.86,49.24,19.04,40.94,36.78,48.23,88.63,59.31,6.1,14.41,68.16,2.95,39.92,25.28,0.447,1
MOES-TRN-0793,2018-09-08T00:00:00Z,GRID-MUM-01,Offshore_Trough_Cloudburst,251.04,37.77,45.53,15.11,40.02,45.08,40.09,91.66,70.98,4.2,15.12,62.51,2.97,35.74,25.29,0.451,1
MOES-TRN-0794,2018-09-08T03:00:00Z,GRID-CHE-04,Stratiform_Monsoon_Rain,201.81,118.3,56.36,37.56,113.87,111.89,277.0,92.7,92.37,5.8,13.68,34.01,2.68,116.72,155.71,3.025,3
MOES-TRN-0795,2018-09-08T06:00:00Z,GRID-GUW-02,Valley_Monsoon_Shower,202.74,133.0,56.06,37.65,122.28,100.51,282.51,89.46,91.07,51.4,13.3,18.12,0.04,119.05,149.65,2.936,3
MOES-TRN-0796,2018-09-08T09:00:00Z,GRID-WAY-03,Low_Level_Jet_Extreme_Rain,252.01,38.73,50.89,12.06,39.66,34.23,62.77,84.95,62.53,780.0,15.16,60.53,0.18,43.74,25.2,0.358,1
MOES-TRN-0797,2018-09-08T12:00:00Z,GRID-DEL-05,Scattered_Convective_Cell,188.0,146.75,58.59,44.15,141.54,128.15,232.99,90.67,91.83,212.0,11.08,28.93,0.19,148.76,171.74,2.955,3
MOES-TRN-0798,2018-09-08T15:00:00Z,GRID-KOL-06,Hooghly_Spring_Tide_Downpour,247.06,47.1,49.75,21.54,52.6,42.12,131.26,91.51,77.4,6.1,14.29,39.99,3.15,48.42,54.79,1.198,3
MOES-TRN-0799,2018-09-08T18:00:00Z,GRID-MUM-01,Mesoscale_Convective_System,250.09,51.01,51.1,22.95,47.62,49.62,145.7,94.05,81.8,4.2,14.84,49.93,2.23,51.44,66.88,1.244,3
MOES-TRN-0800,2018-09-08T21:00:00Z,GRID-CHE-04,Bay_of_Bengal_Cyclonic_Landfall,272.36,13.44,39.27,5.81,9.17,10.1,9.67,85.96,39.19,5.8,13.99,83.58,2.13,10.37,0.39,0.196,0
MOES-TRN-0801,2018-09-09T00:00:00Z,GRID-GUW-02,Valley_Monsoon_Shower,224.78,83.28,54.26,29.29,84.97,99.46,274.69,88.98,90.8,51.4,13.06,31.82,0.17,88.25,116.62,2.31,3
MOES-TRN-0802,2018-09-09T03:00:00Z,GRID-WAY-03,Monsoon_Vortex_Feeder_Band,250.68,42.83,49.26,20.34,52.36,49.89,146.46,87.23,83.43,780.0,15.19,37.27,0.18,47.71,47.92,0.983,2
MOES-TRN-0803,2018-09-09T06:00:00Z,GRID-DEL-05,Scattered_Convective_Cell,194.2,117.7,57.68,39.92,133.81,148.02,251.1,89.37,90.94,212.0,12.0,33.26,0.36,137.41,160.6,2.841,3
MOES-TRN-0804,2018-09-09T09:00:00Z,GRID-KOL-06,Hooghly_Spring_Tide_Downpour,237.78,67.09,50.56,21.4,56.43,55.71,76.99,91.05,77.49,6.1,13.95,39.92,2.6,56.85,50.47,0.887,2
MOES-TRN-0805,2018-09-09T12:00:00Z,GRID-MUM-01,Mesoscale_Convective_System,241.05,59.97,53.56,26.42,63.89,58.12,94.32,93.29,76.51,4.2,14.81,58.07,4.04,67.97,70.02,1.465,3
MOES-TRN-0806,2018-09-09T15:00:00Z,GRID-CHE-04,Coastal_Squall_Line,235.11,76.67,53.4,25.48,66.28,85.58,118.12,91.13,82.67,5.8,13.75,56.03,3.23,74.81,76.21,1.34,3
MOES-TRN-0807,2018-09-09T18:00:00Z,GRID-GUW-02,Meghalaya_Orographic_Cloudburst,261.01,20.66,45.33,13.72,19.99,20.76,5.96,81.38,48.17,51.4,13.47,73.14,0.3,21.76,1.88,0.07,0
MOES-TRN-0808,2018-09-09T21:00:00Z,GRID-WAY-03,Low_Level_Jet_Extreme_Rain,248.32,39.15,49.58,19.01,46.42,39.79,80.53,85.15,66.11,780.0,15.27,75.1,0.07,44.12,28.85,0.366,1
MOES-TRN-0809,2018-09-10T00:00:00Z,GRID-DEL-05,Urban_Heat_Island_Downpour,246.98,38.76,47.37,20.13,39.97,45.8,67.78,90.43,80.26,212.0,10.99,71.9,0.25,38.46,30.76,0.197,0
MOES-TRN-0810,2018-09-10T03:00:00Z,GRID-KOL-06,Gangetic_West_Bengal_Deep_Depression,278.42,0.0,25.73,7.85,1.89,0.0,13.01,87.73,50.85,6.1,14.72,76.49,2.28,1.19,0.0,0.221,0
MOES-TRN-0811,2018-09-10T06:00:00Z,GRID-MUM-01,Mesoscale_Convective_System,226.41,84.45,52.98,28.56,77.33,67.44,141.22,92.15,81.32,4.2,15.03,46.76,2.08,76.24,85.09,1.521,3
MOES-TRN-0812,2018-09-10T09:00:00Z,GRID-CHE-04,Bay_of_Bengal_Cyclonic_Landfall,266.58,17.43,44.22,11.63,21.5,22.49,15.44,87.93,45.61,5.8,14.4,80.74,1.49,20.89,5.74,0.201,0
MOES-TRN-0813,2018-09-10T12:00:00Z,GRID-GUW-02,Brahmaputra_Trough_Convection,259.06,20.59,46.85,11.39,20.14,24.95,58.45,86.63,68.86,51.4,13.09,61.05,0.1,24.34,12.57,0.251,1
MOES-TRN-0814,2018-09-10T15:00:00Z,GRID-WAY-03,Monsoon_Vortex_Feeder_Band,230.4,67.73,50.38,24.48,72.4,69.38,126.62,84.98,78.17,780.0,14.88,42.37,0.36,64.49,54.19,1.049,2
MOES-TRN-0815,2018-09-10T18:00:00Z,GRID-DEL-05,Western_Disturbance_Monsoon_Interaction,272.74,19.63,46.84,10.5,19.27,17.69,5.13,87.3,60.57,212.0,11.04,81.36,0.23,22.81,5.12,0.02,0
MOES-TRN-0816,2018-09-10T21:00:00Z,GRID-KOL-06,Monsoon_Trough_Pass,188.25,166.32,58.39,45.1,143.95,157.4,199.13,93.31,89.37,6.1,14.16,35.96,2.94,155.37,178.87,3.248,3
MOES-TRN-0817,2018-09-11T00:00:00Z,GRID-MUM-01,Mesoscale_Convective_System,234.69,74.56,54.68,27.72,75.32,69.26,140.91,91.84,81.13,4.2,14.57,57.49,2.47,80.75,88.6,1.581,3
MOES-TRN-0818,2018-09-11T03:00:00Z,GRID-CHE-04,Coastal_Squall_Line,244.09,53.77,52.91,22.4,61.82,64.25,155.24,93.46,90.15,5.8,13.71,39.21,3.77,64.75,80.37,1.769,3
MOES-TRN-0819,2018-09-11T06:00:00Z,GRID-GUW-02,Pre_Monsoon_Norwester,230.3,82.75,52.65,26.7,75.66,86.74,145.57,89.03,83.45,51.4,13.17,35.55,0.4,76.91,78.7,1.47,3
MOES-TRN-0820,2018-09-11T09:00:00Z,GRID-WAY-03,Low_Level_Jet_Extreme_Rain,253.79,37.07,47.92,17.04,37.23,35.64,50.03,86.07,80.37,780.0,15.44,65.02,0.16,36.6,19.27,0.318,1
MOES-TRN-0821,2018-09-11T12:00:00Z,GRID-DEL-05,Scattered_Convective_Cell,223.69,84.06,56.83,29.94,90.22,75.31,211.15,91.77,98.8,212.0,11.98,41.7,0.32,99.86,122.12,2.095,3
MOES-TRN-0822,2018-09-11T15:00:00Z,GRID-KOL-06,Monsoon_Trough_Pass,188.0,145.04,57.84,46.59,142.88,170.87,294.63,94.17,88.26,6.1,15.11,47.25,2.19,149.51,196.55,3.577,3
MOES-TRN-0823,2018-09-11T18:00:00Z,GRID-MUM-01,Offshore_Trough_Cloudburst,256.42,24.46,47.03,11.63,24.2,33.73,80.32,88.73,60.53,4.2,15.21,77.77,1.54,27.97,21.49,0.438,1
MOES-TRN-0824,2018-09-11T21:00:00Z,GRID-CHE-04,Coastal_Squall_Line,238.92,62.52,47.8,21.65,57.73,55.81,116.07,90.96,77.78,5.8,14.24,40.78,3.35,51.09,52.9,1.197,3
MOES-TRN-0825,2018-09-12T00:00:00Z,GRID-GUW-02,Pre_Monsoon_Norwester,247.71,47.6,50.08,18.37,47.62,46.56,111.67,89.01,88.87,51.4,12.72,55.72,0.14,47.97,44.98,0.784,2
MOES-TRN-0826,2018-09-12T03:00:00Z,GRID-WAY-03,Light_Orographic_Spell,223.54,71.13,55.31,27.89,83.44,96.95,239.9,87.25,97.42,780.0,15.01,46.49,0.34,90.07,106.3,2.132,3
MOES-TRN-0827,2018-09-12T06:00:00Z,GRID-DEL-05,Western_Disturbance_Monsoon_Interaction,267.32,7.72,40.34,13.41,11.22,14.71,2.79,84.09,49.65,212.0,11.11,76.56,0.29,11.43,0.12,0.038,0
MOES-TRN-0828,2018-09-12T09:00:00Z,GRID-KOL-06,Hooghly_Spring_Tide_Downpour,224.43,76.62,50.54,26.97,79.15,63.25,90.3,92.66,83.22,6.1,14.53,55.34,2.78,68.0,67.63,1.239,3
MOES-TRN-0829,2018-09-12T12:00:00Z,GRID-MUM-01,Arabian_Sea_Monsoon_Surge,268.03,18.9,44.54,14.64,20.3,13.63,13.87,89.94,56.31,4.2,15.19,79.79,2.09,19.73,6.43,0.223,0
MOES-TRN-0830,2018-09-12T15:00:00Z,GRID-CHE-04,Northeast_Monsoon_Depression,257.51,36.9,48.29,19.72,33.44,38.26,63.97,89.45,61.7,5.8,13.8,64.26,3.32,36.13,26.35,0.5,1
MOES-TRN-0831,2018-09-12T18:00:00Z,GRID-GUW-02,Meghalaya_Orographic_Cloudburst,274.58,7.2,32.67,9.79,4.1,8.15,13.42,84.03,38.43,51.4,13.83,72.33,0.06,5.14,0.0,0.152,0
MOES-TRN-0832,2018-09-12T21:00:00Z,GRID-WAY-03,Low_Level_Jet_Extreme_Rain,259.77,27.28,45.83,14.75,31.84,30.83,75.54,83.68,59.03,780.0,15.06,66.44,0.25,29.32,15.18,0.347,1
MOES-TRN-0833,2018-09-13T00:00:00Z,GRID-DEL-05,Yamuna_Catchment_Surge,235.95,64.1,52.01,24.16,72.54,77.63,133.97,89.72,87.23,212.0,12.21,35.09,0.24,69.46,70.94,1.252,3
MOES-TRN-0834,2018-09-13T03:00:00Z,GRID-KOL-06,Bay_Cyclone_Spiral_Band,259.14,31.97,46.23,19.2,26.0,26.18,55.57,90.21,75.47,6.1,14.36,57.93,1.48,27.7,19.11,0.297,1
MOES-TRN-0835,2018-09-13T06:00:00Z,GRID-MUM-01,Offshore_Trough_Cloudburst,262.23,23.95,46.64,15.24,26.79,22.06,49.3,94.21,79.9,4.2,14.71,73.71,2.4,26.69,23.68,0.348,1
MOES-TRN-0836,2018-09-13T09:00:00Z,GRID-CHE-04,Northeast_Monsoon_Depression,254.82,27.35,47.16,14.28,31.21,26.89,27.04,91.19,80.8,5.8,14.02,54.96,2.79,30.34,17.62,0.326,1
MOES-TRN-0837,2018-09-13T12:00:00Z,GRID-GUW-02,Pre_Monsoon_Norwester,228.57,76.07,51.86,25.99,78.16,65.78,137.42,88.35,87.66,51.4,13.65,40.64,0.02,71.42,70.19,1.268,3
MOES-TRN-0838,2018-09-13T15:00:00Z,GRID-WAY-03,Monsoon_Vortex_Feeder_Band,246.54,49.6,50.59,18.87,53.46,60.57,134.83,87.86,90.17,780.0,14.88,39.65,0.01,53.66,52.26,1.116,2
MOES-TRN-0839,2018-09-13T18:00:00Z,GRID-DEL-05,Urban_Heat_Island_Downpour,248.12,42.9,48.25,19.59,50.08,48.25,73.39,87.09,60.18,212.0,12.2,53.93,0.25,44.75,31.29,0.354,1
MOES-TRN-0840,2018-09-13T21:00:00Z,GRID-KOL-06,Monsoon_Trough_Pass,188.0,141.66,56.97,42.64,154.83,143.17,170.53,93.49,93.6,6.1,14.41,45.31,4.35,143.95,161.85,3.105,3
MOES-TRN-0841,2018-09-14T00:00:00Z,GRID-MUM-01,Mesoscale_Convective_System,236.05,60.28,53.96,26.9,69.27,62.78,119.04,94.11,87.77,4.2,14.72,50.13,2.16,72.27,81.67,1.353,3
MOES-TRN-0842,2018-09-14T03:00:00Z,GRID-CHE-04,Bay_of_Bengal_Cyclonic_Landfall,269.76,22.96,42.28,12.39,20.51,18.38,31.61,88.14,55.95,5.8,13.53,69.82,4.48,19.16,6.96,0.617,2
MOES-TRN-0843,2018-09-14T06:00:00Z,GRID-GUW-02,Pre_Monsoon_Norwester,242.72,52.02,48.38,18.75,54.92,51.14,158.12,89.43,92.23,51.4,12.72,36.26,0.19,48.67,55.82,1.137,2
MOES-TRN-0844,2018-09-14T09:00:00Z,GRID-WAY-03,Low_Level_Jet_Extreme_Rain,268.25,24.27,43.64,15.52,22.51,27.77,82.55,82.81,64.95,780.0,14.58,69.49,0.04,22.56,10.98,0.369,1
MOES-TRN-0845,2018-09-14T12:00:00Z,GRID-DEL-05,Urban_Heat_Island_Downpour,262.76,20.2,44.22,12.8,21.23,20.15,82.67,89.33,80.95,212.0,11.41,70.05,0.23,20.9,17.21,0.282,1
MOES-TRN-0846,2018-09-14T15:00:00Z,GRID-KOL-06,Hooghly_Spring_Tide_Downpour,238.76,65.22,52.43,23.68,63.6,59.6,127.46,94.2,91.69,6.1,14.73,59.94,2.48,65.04,76.63,1.288,3
MOES-TRN-0847,2018-09-14T18:00:00Z,GRID-MUM-01,Arabian_Sea_Monsoon_Surge,265.57,14.21,41.01,10.52,18.51,16.65,15.32,90.66,60.52,4.2,14.71,76.65,3.26,15.9,4.9,0.444,1
MOES-TRN-0848,2018-09-14T21:00:00Z,GRID-CHE-04,Northeast_Monsoon_Depression,249.19,35.97,48.71,18.55,48.33,43.42,77.99,89.02,59.44,5.8,14.06,60.3,3.78,43.11,34.17,0.741,2
MOES-TRN-0849,2018-09-15T00:00:00Z,GRID-GUW-02,Valley_Monsoon_Shower,208.96,107.0,57.68,34.15,100.01,111.68,291.29,89.26,93.81,51.4,12.92,41.82,0.09,117.75,149.68,2.82,3
MOES-TRN-0850,2018-09-15T03:00:00Z,GRID-WAY-03,Monsoon_Vortex_Feeder_Band,242.15,53.3,47.54,20.76,55.53,52.69,68.65,85.6,84.69,780.0,15.25,45.17,0.29,47.94,30.54,0.54,1
MOES-TRN-0851,2018-09-15T06:00:00Z,GRID-DEL-05,Yamuna_Catchment_Surge,242.73,60.75,48.74,20.12,53.98,58.29,137.27,89.23,82.17,212.0,11.91,42.5,0.06,51.37,53.65,0.954,2
MOES-TRN-0852,2018-09-15T09:00:00Z,GRID-KOL-06,Hooghly_Spring_Tide_Downpour,228.4,73.97,53.7,25.25,77.92,77.34,132.89,92.16,78.55,6.1,14.0,37.69,3.08,78.77,85.8,1.662,3
MOES-TRN-0853,2018-09-15T12:00:00Z,GRID-MUM-01,Offshore_Trough_Cloudburst,250.38,47.83,50.28,21.3,45.75,38.4,38.37,92.25,73.72,4.2,15.15,75.73,2.55,46.61,35.75,0.43,1
MOES-TRN-0854,2018-09-15T15:00:00Z,GRID-CHE-04,Stratiform_Monsoon_Rain,220.13,108.07,53.33,31.61,101.78,106.37,256.59,92.3,93.63,5.8,14.12,45.68,2.64,95.98,129.64,2.549,3
MOES-TRN-0855,2018-09-15T18:00:00Z,GRID-GUW-02,Brahmaputra_Trough_Convection,248.38,52.54,50.67,20.22,46.53,47.83,57.92,86.01,67.27,51.4,13.85,74.87,0.11,49.92,30.92,0.336,1
MOES-TRN-0856,2018-09-15T21:00:00Z,GRID-WAY-03,Light_Orographic_Spell,194.46,139.15,54.74,35.57,131.21,113.89,220.91,86.39,92.62,780.0,14.75,26.01,0.29,118.83,127.43,2.429,3
MOES-TRN-0857,2018-09-16T00:00:00Z,GRID-DEL-05,Yamuna_Catchment_Surge,244.08,53.28,49.52,22.5,59.29,67.58,136.14,91.76,90.45,212.0,11.23,45.58,0.03,55.04,62.66,0.994,2
MOES-TRN-0858,2018-09-16T03:00:00Z,GRID-KOL-06,Gangetic_West_Bengal_Deep_Depression,265.74,20.15,43.54,10.95,16.53,11.3,24.19,89.31,55.19,6.1,14.25,76.83,3.22,17.22,5.79,0.359,1
MOES-TRN-0859,2018-09-16T06:00:00Z,GRID-MUM-01,Arabian_Sea_Monsoon_Surge,273.89,15.17,43.5,11.69,15.63,16.99,15.14,91.06,60.21,4.2,15.46,87.44,1.42,16.85,5.75,0.188,0
MOES-TRN-0860,2018-09-16T09:00:00Z,GRID-CHE-04,Stratiform_Monsoon_Rain,188.0,159.2,60.93,47.92,144.42,140.02,276.6,92.3,88.1,5.8,14.03,47.46,1.54,174.98,212.19,3.732,3
MOES-TRN-0861,2018-09-16T12:00:00Z,GRID-GUW-02,Brahmaputra_Trough_Convection,251.3,30.75,48.72,15.09,32.77,33.82,82.91,85.48,60.97,51.4,12.77,65.37,0.3,35.06,22.72,0.326,1
MOES-TRN-0862,2018-09-16T15:00:00Z,GRID-WAY-03,Western_Ghats_Orographic_Surge,270.76,8.14,37.73,11.26,4.78,10.8,25.61,81.85,48.7,780.0,15.44,71.18,0.1,7.29,0.05,0.358,1
MOES-TRN-0863,2018-09-16T18:00:00Z,GRID-DEL-05,Urban_Heat_Island_Downpour,258.77,31.77,45.67,14.16,26.41,28.62,62.65,87.21,70.99,212.0,11.53,71.14,0.25,27.48,16.08,0.246,0
MOES-TRN-0864,2018-09-16T21:00:00Z,GRID-KOL-06,Hooghly_Spring_Tide_Downpour,249.43,40.11,49.0,17.51,49.89,57.66,133.4,92.43,87.18,6.1,13.78,52.61,3.25,46.91,55.96,1.153,3
MOES-TRN-0865,2018-09-17T00:00:00Z,GRID-MUM-01,Arabian_Sea_Monsoon_Surge,263.21,17.76,40.81,11.67,16.66,17.53,14.54,87.82,45.73,4.2,15.1,79.89,2.96,15.78,3.02,0.393,1
MOES-TRN-0866,2018-09-17T03:00:00Z,GRID-CHE-04,Bay_of_Bengal_Cyclonic_Landfall,273.17,11.42,40.59,8.99,13.89,15.49,6.16,86.77,37.9,5.8,13.77,71.65,4.34,13.29,1.04,0.525,1
MOES-TRN-0867,2018-09-17T06:00:00Z,GRID-GUW-02,Meghalaya_Orographic_Cloudburst,269.14,9.86,42.37,11.72,16.07,17.03,1.39,84.32,48.43,51.4,12.95,68.37,0.04,15.26,0.7,0.094,0
MOES-TRN-0868,2018-09-17T09:00:00Z,GRID-WAY-03,Light_Orographic_Spell,188.0,158.74,57.85,47.9,149.3,127.91,171.64,88.51,93.63,780.0,15.32,33.52,0.23,148.17,151.49,2.653,3
MOES-TRN-0869,2018-09-17T12:00:00Z,GRID-DEL-05,Urban_Heat_Island_Downpour,258.18,38.66,51.25,18.24,40.7,42.86,31.35,86.84,67.1,212.0,10.71,72.83,0.09,46.29,24.64,0.079,0
MOES-TRN-0870,2018-09-17T15:00:00Z,GRID-KOL-06,Gangetic_West_Bengal_Deep_Depression,271.56,15.45,40.34,10.26,12.87,12.42,23.24,88.43,50.51,6.1,14.67,79.29,4.24,12.98,2.93,0.592,1
MOES-TRN-0871,2018-09-17T18:00:00Z,GRID-MUM-01,Mesoscale_Convective_System,235.26,80.16,55.71,25.91,71.75,81.16,144.14,92.25,83.37,4.2,15.1,56.98,3.06,86.82,96.29,1.78,3
MOES-TRN-0872,2018-09-17T21:00:00Z,GRID-CHE-04,Northeast_Monsoon_Depression,248.27,41.94,49.24,22.08,44.23,42.39,34.22,90.77,73.56,5.8,13.61,65.84,4.19,43.41,29.26,0.619,2
MOES-TRN-0873,2018-09-18T00:00:00Z,GRID-GUW-02,Meghalaya_Orographic_Cloudburst,276.27,5.85,34.33,8.84,3.6,4.82,13.16,85.33,51.77,51.4,13.86,80.85,0.28,4.61,0.0,0.112,0
MOES-TRN-0874,2018-09-18T03:00:00Z,GRID-WAY-03,Western_Ghats_Orographic_Surge,264.15,17.49,43.9,10.44,14.12,17.91,34.42,84.07,56.5,780.0,15.16,86.33,0.36,17.14,3.6,0.311,1
MOES-TRN-0875,2018-09-18T06:00:00Z,GRID-DEL-05,Scattered_Convective_Cell,194.31,115.43,56.47,37.98,132.42,113.47,221.04,91.35,89.47,212.0,11.6,46.36,0.28,124.15,146.94,2.543,3
MOES-TRN-0876,2018-09-18T09:00:00Z,GRID-KOL-06,Hooghly_Spring_Tide_Downpour,234.8,68.27,53.04,25.8,67.77,61.5,156.18,92.16,82.27,6.1,14.25,56.72,4.47,69.38,81.68,1.844,3
MOES-TRN-0877,2018-09-18T12:00:00Z,GRID-MUM-01,Moderate_Monsoon_Spell,221.93,93.85,55.36,31.23,98.09,117.37,173.62,94.32,89.65,4.2,15.21,39.42,4.39,102.37,123.74,2.627,3
MOES-TRN-0878,2018-09-18T15:00:00Z,GRID-CHE-04,Northeast_Monsoon_Depression,254.58,48.76,49.73,17.78,44.65,37.58,39.13,88.64,67.32,5.8,14.29,66.25,2.73,45.01,27.85,0.371,1
MOES-TRN-0879,2018-09-18T18:00:00Z,GRID-GUW-02,Meghalaya_Orographic_Cloudburst,276.51,0.72,26.5,12.94,1.57,0.0,28.79,81.27,36.53,51.4,12.71,89.53,0.04,1.24,0.0,0.142,0
MOES-TRN-0880,2018-09-18T21:00:00Z,GRID-WAY-03,Western_Ghats_Orographic_Surge,270.26,14.53,40.07,13.84,14.36,13.46,8.67,83.47,52.71,780.0,14.92,87.93,0.33,13.4,0.49,0.175,0
MOES-TRN-0881,2018-09-19T00:00:00Z,GRID-DEL-05,Western_Disturbance_Monsoon_Interaction,264.84,19.53,45.43,10.09,22.79,23.96,20.27,86.89,58.6,212.0,12.01,75.13,0.26,23.2,6.85,0.08,0
MOES-TRN-0882,2018-09-19T03:00:00Z,GRID-KOL-06,Gangetic_West_Bengal_Deep_Depression,277.65,7.18,33.52,8.77,6.6,3.46,28.67,87.6,40.76,6.1,13.99,82.64,4.43,5.59,0.55,0.633,2
MOES-TRN-0883,2018-09-19T06:00:00Z,GRID-MUM-01,Moderate_Monsoon_Spell,193.15,116.08,57.07,41.17,139.67,126.77,303.66,93.56,97.94,4.2,15.0,26.04,2.66,132.45,179.71,3.607,3
MOES-TRN-0884,2018-09-19T09:00:00Z,GRID-CHE-04,Northeast_Monsoon_Depression,252.16,38.93,50.19,15.05,38.53,37.9,78.55,90.47,75.55,5.8,14.06,63.72,2.58,42.16,36.2,0.55,1
MOES-TRN-0885,2018-09-19T12:00:00Z,GRID-GUW-02,Valley_Monsoon_Shower,196.11,123.31,57.9,43.81,138.18,123.54,152.82,88.67,92.18,51.4,13.29,36.05,0.03,138.02,138.02,2.313,3
MOES-TRN-0886,2018-09-19T15:00:00Z,GRID-WAY-03,Western_Ghats_Orographic_Surge,275.76,2.71,35.61,8.74,8.11,7.37,7.88,80.48,39.41,780.0,15.79,77.82,0.05,6.51,0.0,0.217,0
MOES-TRN-0887,2018-09-19T18:00:00Z,GRID-DEL-05,Urban_Heat_Island_Downpour,247.18,48.18,50.05,19.72,46.71,49.24,61.54,87.12,62.31,212.0,12.64,53.26,0.07,48.02,31.88,0.368,1
MOES-TRN-0888,2018-09-19T21:00:00Z,GRID-KOL-06,Monsoon_Trough_Pass,213.63,104.03,53.77,33.18,103.76,90.74,157.85,95.0,95.53,6.1,13.87,32.22,2.88,95.56,115.52,2.188,3
MOES-TRN-0889,2018-09-20T00:00:00Z,GRID-MUM-01,Mesoscale_Convective_System,233.13,80.88,54.13,29.78,80.94,65.12,118.83,92.59,83.18,4.2,15.01,57.77,3.31,81.02,86.13,1.59,3
MOES-TRN-0890,2018-09-20T03:00:00Z,GRID-CHE-04,Northeast_Monsoon_Depression,256.71,42.49,47.14,17.23,38.18,37.14,34.58,89.58,69.59,5.8,13.89,52.78,4.42,36.81,21.79,0.686,2
MOES-TRN-0891,2018-09-20T06:00:00Z,GRID-GUW-02,Pre_Monsoon_Norwester,228.59,75.6,55.49,24.04,73.05,74.29,116.43,87.87,82.9,51.4,13.57,51.45,0.33,84.52,76.95,1.207,3
MOES-TRN-0892,2018-09-20T09:00:00Z,GRID-WAY-03,Low_Level_Jet_Extreme_Rain,256.44,27.19,46.17,16.9,30.78,31.45,35.34,85.64,71.77,780.0,14.4,66.09,0.11,29.42,11.54,0.272,1
MOES-TRN-0893,2018-09-20T12:00:00Z,GRID-DEL-05,Scattered_Convective_Cell,214.61,122.09,55.47,36.12,112.01,111.81,149.24,91.5,92.34,212.0,11.79,22.16,0.12,111.92,119.84,2.131,3
MOES-TRN-0894,2018-09-20T15:00:00Z,GRID-KOL-06,Gangetic_West_Bengal_Deep_Depression,268.08,23.1,44.96,12.72,21.41,26.61,7.2,86.56,44.8,6.1,14.15,83.19,3.36,23.1,5.02,0.326,1
MOES-TRN-0895,2018-09-20T18:00:00Z,GRID-MUM-01,Moderate_Monsoon_Spell,208.18,101.28,56.28,38.72,116.18,122.08,144.2,94.89,97.84,4.2,14.31,27.49,2.5,115.86,132.36,2.324,3
MOES-TRN-0896,2018-09-20T21:00:00Z,GRID-CHE-04,Coastal_Squall_Line,242.5,71.58,50.95,24.86,72.14,73.54,161.12,92.05,78.03,5.8,13.75,51.2,2.97,66.99,80.12,1.561,3
MOES-TRN-0897,2018-09-21T00:00:00Z,GRID-GUW-02,Brahmaputra_Trough_Convection,258.7,28.39,47.03,16.84,31.61,33.94,45.13,88.01,73.09,51.4,13.32,74.82,0.27,31.45,17.19,0.202,0
MOES-TRN-0898,2018-09-21T03:00:00Z,GRID-WAY-03,Western_Ghats_Orographic_Surge,269.77,11.48,43.02,11.01,11.86,13.89,13.01,81.53,43.35,780.0,15.4,72.02,0.26,13.99,0.45,0.228,0
MOES-TRN-0899,2018-09-21T06:00:00Z,GRID-DEL-05,Yamuna_Catchment_Surge,240.05,49.99,51.1,18.63,53.47,68.49,110.88,90.58,82.95,212.0,11.49,52.39,0.17,56.13,55.7,0.785,2
MOES-TRN-0900,2018-09-21T09:00:00Z,GRID-KOL-06,Bay_Cyclone_Spiral_Band,249.47,45.15,45.92,18.44,44.36,44.79,66.63,90.4,70.73,6.1,14.2,68.68,1.23,39.0,30.95,0.394,1
MOES-TRN-0901,2018-09-21T12:00:00Z,GRID-MUM-01,Moderate_Monsoon_Spell,195.81,115.14,56.61,38.85,139.25,114.88,277.93,95.18,97.23,4.2,15.33,29.54,4.02,127.71,174.25,3.63,3
MOES-TRN-0902,2018-09-21T15:00:00Z,GRID-CHE-04,Coastal_Squall_Line,242.56,49.56,51.09,22.5,53.66,70.03,77.15,91.38,82.31,5.8,13.22,48.65,3.16,56.34,50.77,0.941,2
MOES-TRN-0903,2018-09-21T18:00:00Z,GRID-GUW-02,Pre_Monsoon_Norwester,243.68,49.23,49.47,20.93,50.23,55.17,66.62,89.37,86.94,51.4,13.34,39.27,0.06,49.11,37.9,0.607,2
MOES-TRN-0904,2018-09-21T21:00:00Z,GRID-WAY-03,Light_Orographic_Spell,217.94,84.3,56.19,32.82,100.61,103.85,203.71,88.65,99.46,780.0,15.03,35.59,0.14,104.16,116.0,2.246,3
MOES-TRN-0905,2018-09-22T00:00:00Z,GRID-DEL-05,Western_Disturbance_Monsoon_Interaction,272.7,10.86,36.06,10.57,8.17,7.78,13.58,85.0,40.9,212.0,11.14,78.96,0.36,8.03,0.09,0.033,0
MOES-TRN-0906,2018-09-22T03:00:00Z,GRID-KOL-06,Gangetic_West_Bengal_Deep_Depression,273.67,12.79,41.06,14.03,12.16,13.05,31.67,88.47,48.46,6.1,14.04,90.32,3.53,12.79,3.73,0.499,1
MOES-TRN-0907,2018-09-22T06:00:00Z,GRID-MUM-01,Moderate_Monsoon_Spell,205.48,119.63,56.04,37.38,131.07,136.95,205.96,93.66,88.88,4.2,14.42,27.52,4.17,125.21,151.49,3.17,3
MOES-TRN-0908,2018-09-22T09:00:00Z,GRID-CHE-04,Northeast_Monsoon_Depression,246.99,46.39,49.29,16.94,46.77,43.02,69.2,90.15,73.28,5.8,13.52,77.72,4.35,45.26,36.49,0.727,2
MOES-TRN-0909,2018-09-22T12:00:00Z,GRID-GUW-02,Valley_Monsoon_Shower,188.0,173.37,56.8,43.87,159.46,177.2,269.82,88.32,93.76,51.4,13.35,36.77,0.04,154.54,178.29,3.18,3
MOES-TRN-0910,2018-09-22T15:00:00Z,GRID-WAY-03,Low_Level_Jet_Extreme_Rain,249.06,58.18,48.97,17.62,45.76,47.55,26.48,84.21,67.09,780.0,14.83,77.15,0.02,46.78,20.45,0.239,0
MOES-TRN-0911,2018-09-22T18:00:00Z,GRID-DEL-05,Urban_Heat_Island_Downpour,261.72,25.18,48.61,16.44,25.77,22.95,67.9,87.91,66.98,212.0,11.71,66.15,0.2,29.78,19.59,0.245,0
MOES-TRN-0912,2018-09-22T21:00:00Z,GRID-KOL-06,Hooghly_Spring_Tide_Downpour,243.86,54.45,49.74,20.94,57.15,55.51,132.34,93.39,91.32,6.1,13.94,38.07,1.54,53.18,64.07,1.148,2
MOES-TRN-0913,2018-09-23T00:00:00Z,GRID-MUM-01,Moderate_Monsoon_Spell,221.55,93.57,54.17,29.62,97.09,100.28,198.08,95.28,94.16,4.2,14.99,47.94,3.51,94.27,123.81,2.448,3
MOES-TRN-0914,2018-09-23T03:00:00Z,GRID-CHE-04,Coastal_Squall_Line,236.98,69.88,51.27,22.53,62.98,49.56,153.04,91.66,84.46,5.8,14.08,58.36,2.64,60.73,71.39,1.276,3
MOES-TRN-0915,2018-09-23T06:00:00Z,GRID-GUW-02,Valley_Monsoon_Shower,221.53,98.32,54.29,29.99,96.99,87.3,198.14,91.42,94.18,51.4,13.08,35.3,0.19,93.67,112.3,2.047,3
MOES-TRN-0916,2018-09-23T09:00:00Z,GRID-WAY-03,Light_Orographic_Spell,214.0,105.8,56.66,32.73,95.58,97.82,298.01,87.93,92.3,780.0,15.61,25.29,0.29,107.54,137.3,2.872,3
MOES-TRN-0917,2018-09-23T12:00:00Z,GRID-DEL-05,Scattered_Convective_Cell,188.0,165.95,58.84,45.22,143.53,148.26,294.66,91.51,97.72,212.0,11.59,35.28,0.09,157.37,196.22,3.454,3
MOES-TRN-0918,2018-09-23T15:00:00Z,GRID-KOL-06,Hooghly_Spring_Tide_Downpour,236.46,63.27,51.37,25.08,71.08,57.89,122.22,90.88,85.06,6.1,14.1,50.1,1.76,64.2,66.34,1.122,2
MOES-TRN-0919,2018-09-23T18:00:00Z,GRID-MUM-01,Mesoscale_Convective_System,248.77,44.9,50.43,20.75,49.88,45.91,107.67,92.88,81.77,4.2,15.33,39.53,2.93,49.13,53.73,1.214,3
MOES-TRN-0920,2018-09-23T21:00:00Z,GRID-CHE-04,Stratiform_Monsoon_Rain,209.01,113.99,56.59,35.09,107.73,99.08,251.27,92.41,90.33,5.8,14.56,47.65,1.68,113.23,145.82,2.7,3
MOES-TRN-0921,2018-09-24T00:00:00Z,GRID-GUW-02,Pre_Monsoon_Norwester,243.32,47.94,48.54,16.67,55.04,39.61,159.02,87.76,79.05,51.4,13.2,50.28,0.29,46.75,50.63,0.959,2
MOES-TRN-0922,2018-09-24T03:00:00Z,GRID-WAY-03,Western_Ghats_Orographic_Surge,264.48,18.0,42.27,10.11,17.86,17.02,32.73,84.31,64.93,780.0,15.03,84.57,0.27,17.17,3.58,0.254,1
MOES-TRN-0923,2018-09-24T06:00:00Z,GRID-DEL-05,Western_Disturbance_Monsoon_Interaction,273.73,11.55,40.16,9.32,10.55,10.45,10.78,84.91,42.27,212.0,11.47,87.9,0.28,11.1,0.4,0.03,0
MOES-TRN-0924,2018-09-24T09:00:00Z,GRID-KOL-06,Bay_Cyclone_Spiral_Band,247.56,47.98,50.92,17.9,46.11,48.47,42.47,90.92,78.96,6.1,14.65,70.43,1.93,49.74,36.75,0.381,1
MOES-TRN-0925,2018-09-24T12:00:00Z,GRID-MUM-01,Offshore_Trough_Cloudburst,262.88,26.29,42.47,16.96,26.84,25.21,82.45,92.13,67.11,4.2,14.8,75.47,3.87,23.2,23.33,0.678,2
MOES-TRN-0926,2018-09-24T15:00:00Z,GRID-CHE-04,Bay_of_Bengal_Cyclonic_Landfall,274.38,8.96,40.71,10.48,12.29,17.44,1.61,89.0,58.99,5.8,14.23,79.32,3.93,12.63,1.18,0.402,1
MOES-TRN-0927,2018-09-24T18:00:00Z,GRID-GUW-02,Pre_Monsoon_Norwester,239.6,49.37,50.64,23.28,59.15,49.84,151.22,88.5,91.0,51.4,13.22,53.66,0.32,54.41,57.63,1.044,2
MOES-TRN-0928,2018-09-24T21:00:00Z,GRID-WAY-03,Monsoon_Vortex_Feeder_Band,225.94,83.41,51.72,28.68,75.67,81.07,98.06,88.16,92.85,780.0,14.91,43.96,0.22,73.37,63.54,1.085,2
MOES-TRN-0929,2018-09-25T00:00:00Z,GRID-DEL-05,Scattered_Convective_Cell,194.0,151.09,57.42,39.65,135.33,145.54,262.85,92.67,96.96,212.0,11.56,25.34,0.31,141.26,176.84,3.118,3
MOES-TRN-0930,2018-09-25T03:00:00Z,GRID-KOL-06,Hooghly_Spring_Tide_Downpour,240.74,71.17,52.74,24.17,66.67,71.91,79.56,91.35,86.12,6.1,14.71,43.19,1.44,69.86,63.93,1.073,2
MOES-TRN-0931,2018-09-25T06:00:00Z,GRID-MUM-01,Arabian_Sea_Monsoon_Surge,261.18,20.41,42.04,14.86,21.24,26.8,12.28,89.27,55.18,4.2,14.38,68.94,2.09,20.04,5.87,0.203,0
MOES-TRN-0932,2018-09-25T09:00:00Z,GRID-CHE-04,Bay_of_Bengal_Cyclonic_Landfall,274.37,15.23,38.54,12.72,11.31,8.47,14.59,89.47,63.87,5.8,13.66,90.57,3.77,10.91,1.74,0.474,1
MOES-TRN-0933,2018-09-25T12:00:00Z,GRID-GUW-02,Valley_Monsoon_Shower,201.71,141.57,57.32,37.51,126.13,130.69,288.43,88.96,91.6,51.4,12.98,47.07,0.25,133.49,163.6,2.982,3
MOES-TRN-0934,2018-09-25T15:00:00Z,GRID-WAY-03,Monsoon_Vortex_Feeder_Band,228.71,92.65,53.85,25.4,84.19,76.35,136.77,86.36,87.03,780.0,15.32,44.24,0.1,84.6,77.52,1.438,3
MOES-TRN-0935,2018-09-25T18:00:00Z,GRID-DEL-05,Urban_Heat_Island_Downpour,253.82,46.29,48.05,18.09,40.06,46.17,66.11,86.92,62.72,212.0,11.51,70.23,0.2,40.85,26.52,0.279,1
MOES-TRN-0936,2018-09-25T21:00:00Z,GRID-KOL-06,Monsoon_Trough_Pass,203.11,124.73,55.07,32.2,118.9,126.46,240.47,92.39,91.77,6.1,14.16,40.83,3.4,115.14,145.3,2.885,3
MOES-TRN-0937,2018-09-26T00:00:00Z,GRID-MUM-01,Arabian_Sea_Monsoon_Surge,270.12,10.74,39.38,13.97,10.99,12.11,23.81,87.87,62.39,4.2,15.0,78.6,2.82,10.96,1.91,0.33,1
MOES-TRN-0938,2018-09-26T03:00:00Z,GRID-CHE-04,Stratiform_Monsoon_Rain,210.07,102.97,54.59,33.25,112.67,102.88,183.53,92.07,94.13,5.8,13.64,42.79,3.79,103.82,120.92,2.424,3
MOES-TRN-0939,2018-09-26T06:00:00Z,GRID-GUW-02,Pre_Monsoon_Norwester,231.93,76.05,52.39,28.52,84.44,85.71,101.31,89.23,91.43,51.4,12.64,40.89,0.21,78.19,71.22,1.154,3
MOES-TRN-0940,2018-09-26T09:00:00Z,GRID-WAY-03,Low_Level_Jet_Extreme_Rain,252.99,37.48,49.5,20.13,33.4,34.65,51.81,86.57,64.62,780.0,14.31,66.3,0.27,38.01,21.31,0.266,1
MOES-TRN-0941,2018-09-26T12:00:00Z,GRID-DEL-05,Urban_Heat_Island_Downpour,253.28,43.57,47.5,17.57,38.82,40.09,56.95,88.69,76.06,212.0,11.57,54.61,0.21,38.19,25.55,0.203,0
MOES-TRN-0942,2018-09-26T15:00:00Z,GRID-KOL-06,Hooghly_Spring_Tide_Downpour,226.54,86.87,51.58,27.47,81.6,91.19,86.41,93.91,90.73,6.1,13.8,51.35,4.48,77.2,78.93,1.629,3
MOES-TRN-0943,2018-09-26T18:00:00Z,GRID-MUM-01,Arabian_Sea_Monsoon_Surge,273.16,9.4,37.94,10.14,9.97,9.6,34.22,89.94,62.04,4.2,14.57,79.5,2.05,9.38,3.18,0.274,1
MOES-TRN-0944,2018-09-26T21:00:00Z,GRID-CHE-04,Stratiform_Monsoon_Rain,197.76,144.29,57.96,38.95,129.68,125.11,212.14,93.14,89.05,5.8,13.66,45.0,3.71,138.8,164.77,3.126,3
MOES-TRN-0945,2018-09-27T00:00:00Z,GRID-GUW-02,Pre_Monsoon_Norwester,229.74,75.8,53.43,24.0,81.51,77.27,75.83,88.73,80.08,51.4,12.74,35.49,0.21,79.39,65.9,0.976,2
MOES-TRN-0946,2018-09-27T03:00:00Z,GRID-WAY-03,Light_Orographic_Spell,188.0,123.65,54.7,42.89,144.7,150.93,176.17,87.77,95.25,780.0,15.32,33.73,0.22,126.49,129.24,2.386,3
MOES-TRN-0947,2018-09-27T06:00:00Z,GRID-DEL-05,Scattered_Convective_Cell,207.49,114.34,56.82,36.23,120.2,108.13,267.8,93.09,93.82,212.0,11.12,41.79,0.39,120.63,158.74,2.777,3
MOES-TRN-0948,2018-09-27T09:00:00Z,GRID-KOL-06,Gangetic_West_Bengal_Deep_Depression,275.56,4.8,37.33,9.07,8.86,10.53,11.76,86.5,47.2,6.1,14.27,84.21,1.89,8.12,0.18,0.131,0
MOES-TRN-0949,2018-09-27T12:00:00Z,GRID-MUM-01,Offshore_Trough_Cloudburst,266.67,24.07,44.26,15.06,23.91,17.7,29.37,90.94,63.23,4.2,14.78,54.84,3.13,22.23,11.41,0.384,1
MOES-TRN-0950,2018-09-27T15:00:00Z,GRID-CHE-04,Bay_of_Bengal_Cyclonic_Landfall,276.09,7.63,36.95,11.39,6.76,0.0,14.28,89.35,58.34,5.8,14.48,87.18,1.45,6.17,0.32,0.224,0
MOES-TRN-0951,2018-09-27T18:00:00Z,GRID-GUW-02,Valley_Monsoon_Shower,188.0,137.75,57.46,44.57,151.38,168.34,188.02,90.09,97.16,51.4,13.63,41.65,0.08,148.64,160.17,2.719,3
MOES-TRN-0952,2018-09-27T21:00:00Z,GRID-WAY-03,Monsoon_Vortex_Feeder_Band,238.58,56.18,54.33,25.31,59.43,54.5,152.53,87.0,85.93,780.0,15.65,60.4,0.26,68.21,67.12,1.224,3
MOES-TRN-0953,2018-09-28T00:00:00Z,GRID-DEL-05,Urban_Heat_Island_Downpour,262.89,26.57,42.51,14.79,23.05,24.95,74.13,88.08,58.0,212.0,11.84,71.67,0.33,21.8,14.87,0.267,1
MOES-TRN-0954,2018-09-28T03:00:00Z,GRID-KOL-06,Gangetic_West_Bengal_Deep_Depression,275.3,15.12,40.71,11.96,14.56,12.81,6.97,86.64,38.95,6.1,14.48,87.21,4.39,13.83,1.21,0.665,2
MOES-TRN-0955,2018-09-28T06:00:00Z,GRID-MUM-01,Mesoscale_Convective_System,240.69,67.94,54.13,23.36,60.87,80.66,65.53,93.24,75.82,4.2,14.39,54.38,1.69,73.49,69.11,0.99,2
MOES-TRN-0956,2018-09-28T09:00:00Z,GRID-CHE-04,Coastal_Squall_Line,241.65,69.56,49.37,23.67,60.84,70.46,145.72,92.68,83.57,5.8,14.1,35.59,3.06,58.31,70.09,1.466,3
MOES-TRN-0957,2018-09-28T12:00:00Z,GRID-GUW-02,Brahmaputra_Trough_Convection,249.49,38.96,49.52,18.81,46.01,40.25,38.89,86.43,73.31,51.4,13.4,70.7,0.16,43.88,23.44,0.169,0
MOES-TRN-0958,2018-09-28T15:00:00Z,GRID-WAY-03,Western_Ghats_Orographic_Surge,273.01,11.26,38.35,11.64,11.51,8.07,4.17,84.84,55.18,780.0,14.9,84.6,0.28,10.21,0.09,0.171,0
MOES-TRN-0959,2018-09-28T18:00:00Z,GRID-DEL-05,Western_Disturbance_Monsoon_Interaction,273.6,11.06,39.06,3.69,11.36,5.27,17.56,87.2,51.76,212.0,11.11,85.85,0.01,10.05,0.95,0.02,0
MOES-TRN-0960,2018-09-28T21:00:00Z,GRID-KOL-06,Bay_Cyclone_Spiral_Band,249.55,42.68,48.7,20.58,45.02,42.47,72.99,90.45,76.88,6.1,14.54,68.5,3.67,42.79,35.63,0.722,2
MOES-TRN-0961,2018-09-29T00:00:00Z,GRID-MUM-01,Moderate_Monsoon_Spell,208.78,116.24,55.48,35.32,114.82,122.88,157.93,94.3,92.84,4.2,14.6,43.2,2.71,113.69,131.5,2.347,3
MOES-TRN-0962,2018-09-29T03:00:00Z,GRID-CHE-04,Stratiform_Monsoon_Rain,197.35,115.52,56.78,43.72,121.98,132.72,307.09,92.24,90.65,5.8,14.25,29.18,2.16,124.7,168.78,3.255,3
MOES-TRN-0963,2018-09-29T06:00:00Z,GRID-GUW-02,Meghalaya_Orographic_Cloudburst,271.71,11.37,40.43,11.52,10.99,4.37,16.75,83.35,41.2,51.4,13.21,90.93,0.1,10.53,0.3,0.11,0
MOES-TRN-0964,2018-09-29T09:00:00Z,GRID-WAY-03,Light_Orographic_Spell,188.0,150.99,61.39,46.0,148.05,125.64,300.55,88.06,89.35,780.0,15.2,45.11,0.02,178.17,207.32,3.748,3
MOES-TRN-0965,2018-09-29T12:00:00Z,GRID-DEL-05,Yamuna_Catchment_Surge,228.93,91.81,53.47,32.08,82.59,72.45,149.31,90.1,85.32,212.0,11.21,57.75,0.14,81.84,86.89,1.295,3
MOES-TRN-0966,2018-09-29T15:00:00Z,GRID-KOL-06,Hooghly_Spring_Tide_Downpour,230.34,64.61,51.66,26.3,74.4,76.37,122.58,93.1,89.19,6.1,14.36,37.39,3.94,69.07,76.62,1.682,3
MOES-TRN-0967,2018-09-29T18:00:00Z,GRID-MUM-01,Moderate_Monsoon_Spell,223.56,91.6,56.28,33.19,90.8,79.5,243.46,93.56,95.53,4.2,14.34,39.61,1.67,98.69,133.1,2.497,3
MOES-TRN-0968,2018-09-29T21:00:00Z,GRID-CHE-04,Bay_of_Bengal_Cyclonic_Landfall,271.09,5.36,35.26,8.5,7.03,0.0,10.66,87.83,42.76,5.8,13.88,69.57,3.3,5.4,0.01,0.373,1
MOES-TRN-0969,2018-09-30T00:00:00Z,GRID-GUW-02,Brahmaputra_Trough_Convection,256.51,32.49,47.64,20.46,36.0,41.25,70.79,86.68,67.31,51.4,13.55,58.83,0.22,35.73,22.92,0.246,0
MOES-TRN-0970,2018-09-30T03:00:00Z,GRID-WAY-03,Monsoon_Vortex_Feeder_Band,241.51,69.58,54.28,21.93,61.32,52.4,158.89,86.28,78.85,780.0,15.35,42.41,0.32,70.57,68.9,1.383,3
MOES-TRN-0971,2018-09-30T06:00:00Z,GRID-DEL-05,Western_Disturbance_Monsoon_Interaction,267.59,15.56,40.81,14.25,20.44,17.12,8.84,86.41,49.9,212.0,11.91,79.41,0.3,16.8,2.28,0.074,0
MOES-TRN-0972,2018-09-30T09:00:00Z,GRID-KOL-06,Bay_Cyclone_Spiral_Band,256.31,39.08,47.36,19.64,35.07,38.34,37.3,90.27,59.42,6.1,14.07,72.28,3.94,35.59,22.35,0.571,1
MOES-TRN-0973,2018-09-30T12:00:00Z,GRID-MUM-01,Arabian_Sea_Monsoon_Surge,261.97,25.47,42.72,11.79,22.45,20.52,23.85,88.88,44.05,4.2,14.74,70.2,4.18,20.94,7.62,0.602,2
MOES-TRN-0974,2018-09-30T15:00:00Z,GRID-CHE-04,Bay_of_Bengal_Cyclonic_Landfall,270.47,14.26,42.49,7.34,9.83,16.24,17.75,88.15,63.4,5.8,13.52,87.74,1.94,13.57,2.53,0.182,0
MOES-TRN-0975,2018-09-30T18:00:00Z,GRID-GUW-02,Brahmaputra_Trough_Convection,255.12,42.35,52.18,17.84,42.58,40.32,40.5,87.28,72.88,51.4,12.91,56.21,0.15,49.9,29.88,0.313,1
MOES-TRN-0976,2018-09-30T21:00:00Z,GRID-WAY-03,Monsoon_Vortex_Feeder_Band,229.48,68.93,53.62,23.77,73.78,77.37,97.32,85.73,82.09,780.0,15.04,38.83,0.04,76.1,60.39,1.143,2
MOES-TRN-0977,2018-10-01T00:00:00Z,GRID-DEL-05,Urban_Heat_Island_Downpour,253.43,35.57,49.05,16.26,34.72,43.31,25.11,87.54,68.7,212.0,11.43,69.37,0.39,38.53,18.57,0.063,0
MOES-TRN-0978,2018-10-01T03:00:00Z,GRID-KOL-06,Bay_Cyclone_Spiral_Band,256.03,43.81,50.4,17.81,40.6,43.0,25.54,90.94,67.9,6.1,14.5,77.42,1.9,44.93,29.22,0.17,0
MOES-TRN-0979,2018-10-01T06:00:00Z,GRID-MUM-01,Offshore_Trough_Cloudburst,254.47,47.74,48.5,18.89,44.01,47.87,47.45,90.27,65.44,4.2,14.88,63.96,3.13,43.6,31.05,0.588,1
MOES-TRN-0980,2018-10-01T09:00:00Z,GRID-CHE-04,Northeast_Monsoon_Depression,258.61,31.92,44.21,17.32,29.11,23.05,27.24,89.36,66.33,5.8,14.24,59.38,4.55,26.15,12.09,0.669,2
MOES-TRN-0981,2018-10-01T12:00:00Z,GRID-GUW-02,Pre_Monsoon_Norwester,245.01,48.12,51.19,21.32,49.3,34.72,139.23,88.65,90.77,51.4,12.55,54.81,0.19,49.75,51.3,0.796,2
MOES-TRN-0982,2018-10-01T15:00:00Z,GRID-WAY-03,Light_Orographic_Spell,223.07,93.17,53.49,30.65,90.46,85.18,176.69,86.75,90.59,780.0,14.79,37.18,0.38,86.92,88.83,1.704,3
MOES-TRN-0983,2018-10-01T18:00:00Z,GRID-DEL-05,Urban_Heat_Island_Downpour,258.27,37.92,48.43,18.09,39.97,35.45,39.87,88.9,74.55,212.0,11.5,60.58,0.02,38.64,23.17,0.098,0
MOES-TRN-0984,2018-10-01T21:00:00Z,GRID-KOL-06,Monsoon_Trough_Pass,200.0,129.65,56.76,43.63,129.45,135.95,150.76,91.88,97.02,6.1,14.8,25.48,1.22,130.16,139.17,2.491,3
MOES-TRN-0985,2018-10-02T00:00:00Z,GRID-MUM-01,Offshore_Trough_Cloudburst,263.48,27.5,46.98,13.42,24.31,21.38,37.43,91.52,75.75,4.2,14.75,67.5,2.92,26.71,17.0,0.373,1
MOES-TRN-0986,2018-10-02T03:00:00Z,GRID-CHE-04,Bay_of_Bengal_Cyclonic_Landfall,265.83,16.67,42.93,17.87,18.5,17.39,11.88,87.2,54.31,5.8,13.97,80.52,2.65,17.76,3.32,0.247,0
MOES-TRN-0987,2018-10-02T06:00:00Z,GRID-GUW-02,Brahmaputra_Trough_Convection,253.35,44.22,49.0,17.23,45.35,38.94,40.02,88.47,79.7,51.4,13.67,53.17,0.11,43.23,26.26,0.222,0
MOES-TRN-0988,2018-10-02T09:00:00Z,GRID-WAY-03,Low_Level_Jet_Extreme_Rain,243.14,47.05,49.6,20.95,42.97,44.39,39.47,83.98,65.98,780.0,15.21,53.17,0.38,44.76,20.77,0.325,1
MOES-TRN-0989,2018-10-02T12:00:00Z,GRID-DEL-05,Western_Disturbance_Monsoon_Interaction,266.0,20.55,43.98,18.23,14.5,13.43,4.58,84.09,37.65,212.0,11.91,75.24,0.06,17.22,1.31,0.02,0
MOES-TRN-0990,2018-10-02T15:00:00Z,GRID-KOL-06,Gangetic_West_Bengal_Deep_Depression,274.96,6.81,32.69,9.57,3.45,0.66,32.29,87.7,52.81,6.1,14.26,81.91,3.35,3.78,0.36,0.458,1
MOES-TRN-0991,2018-10-02T18:00:00Z,GRID-MUM-01,Offshore_Trough_Cloudburst,257.39,29.04,46.5,13.07,25.83,25.1,36.79,90.87,68.3,4.2,14.67,69.62,1.48,27.38,16.5,0.317,1
MOES-TRN-0992,2018-10-02T21:00:00Z,GRID-CHE-04,Northeast_Monsoon_Depression,259.73,31.24,47.27,17.78,30.81,39.38,54.53,87.38,58.41,5.8,13.84,55.46,1.26,32.72,18.87,0.24,0
MOES-TRN-0993,2018-10-03T00:00:00Z,GRID-GUW-02,Brahmaputra_Trough_Convection,267.33,26.7,44.72,17.43,25.11,20.52,82.08,85.28,72.94,51.4,13.64,60.22,0.15,23.96,14.34,0.358,1
MOES-TRN-0994,2018-10-03T03:00:00Z,GRID-WAY-03,Western_Ghats_Orographic_Surge,268.76,15.78,41.45,13.72,18.32,20.24,8.58,83.46,51.62,780.0,15.18,77.42,0.39,16.86,1.28,0.244,0
MOES-TRN-0995,2018-10-03T06:00:00Z,GRID-DEL-05,Yamuna_Catchment_Surge,242.6,66.6,51.54,22.96,63.52,56.83,152.51,89.1,85.12,212.0,11.8,51.59,0.3,62.16,66.43,1.132,2
MOES-TRN-0996,2018-10-03T09:00:00Z,GRID-KOL-06,Hooghly_Spring_Tide_Downpour,237.4,63.48,49.95,24.15,71.56,55.11,158.93,92.67,90.58,6.1,13.52,61.9,2.11,60.52,74.99,1.243,3
MOES-TRN-0997,2018-10-03T12:00:00Z,GRID-MUM-01,Offshore_Trough_Cloudburst,253.65,33.77,49.33,14.88,29.54,31.05,60.42,89.42,65.92,4.2,15.18,69.89,4.37,35.11,24.8,0.724,2
MOES-TRN-0998,2018-10-03T15:00:00Z,GRID-CHE-04,Coastal_Squall_Line,225.81,88.3,53.72,25.49,76.82,72.47,140.61,90.23,77.45,5.8,14.03,57.98,2.05,80.05,83.65,1.363,3
MOES-TRN-0999,2018-10-03T18:00:00Z,GRID-GUW-02,Pre_Monsoon_Norwester,230.82,74.21,55.09,30.3,84.42,71.17,114.09,89.2,84.11,51.4,13.29,36.74,0.2,86.27,81.43,1.361,3
MOES-TRN-1000,2018-10-03T21:00:00Z,GRID-WAY-03,Western_Ghats_Orographic_Surge,272.03,13.44,39.3,13.43,11.78,12.4,22.46,84.06,53.86,780.0,14.6,82.24,0.39,11.7,0.89,0.256,1
MOES-TRN-1001,2018-10-04T00:00:00Z,GRID-DEL-05,Western_Disturbance_Monsoon_Interaction,272.51,18.68,40.15,10.16,9.36,19.87,6.06,86.14,58.1,212.0,11.65,91.31,0.01,13.1,0.83,0.038,0
MOES-TRN-1002,2018-10-04T03:00:00Z,GRID-KOL-06,Bay_Cyclone_Spiral_Band,254.0,28.13,46.71,14.14,31.04,39.05,56.42,90.93,75.84,6.1,14.57,60.99,1.22,31.46,23.47,0.345,1
MOES-TRN-1003,2018-10-04T06:00:00Z,GRID-MUM-01,Offshore_Trough_Cloudburst,250.37,35.38,50.19,23.44,43.5,49.63,68.18,88.41,61.7,4.2,14.33,77.66,2.64,45.14,32.96,0.421,1
MOES-TRN-1004,2018-10-04T09:00:00Z,GRID-CHE-04,Northeast_Monsoon_Depression,251.24,28.76,49.52,15.87,34.03,33.04,84.81,90.72,76.31,5.8,14.13,57.59,1.71,36.69,33.04,0.475,1
MOES-TRN-1005,2018-10-04T12:00:00Z,GRID-GUW-02,Meghalaya_Orographic_Cloudburst,274.68,9.64,35.21,8.87,6.69,6.72,28.79,87.08,61.31,51.4,12.94,84.27,0.05,6.88,0.74,0.186,0
MOES-TRN-1006,2018-10-04T15:00:00Z,GRID-WAY-03,Western_Ghats_Orographic_Surge,261.1,21.03,45.55,13.31,25.77,25.13,16.42,80.27,35.03,780.0,15.28,76.88,0.18,24.88,3.26,0.275,1
MOES-TRN-1007,2018-10-04T18:00:00Z,GRID-DEL-05,Western_Disturbance_Monsoon_Interaction,279.88,2.49,27.1,8.72,2.19,5.51,19.56,85.6,47.79,212.0,11.58,91.93,0.33,2.58,0.0,0.02,0
MOES-TRN-1008,2018-10-04T21:00:00Z,GRID-KOL-06,Gangetic_West_Bengal_Deep_Depression,276.16,6.85,37.8,11.05,8.85,12.81,25.33,85.69,37.47,6.1,14.26,83.94,1.81,8.94,0.75,0.262,1
MOES-TRN-1009,2018-10-05T00:00:00Z,GRID-MUM-01,Arabian_Sea_Monsoon_Surge,260.81,20.54,45.76,9.57,21.63,21.55,27.03,87.06,38.76,4.2,14.53,77.58,2.13,22.98,7.72,0.273,1
MOES-TRN-1010,2018-10-05T03:00:00Z,GRID-CHE-04,Coastal_Squall_Line,226.48,86.74,51.76,24.9,73.08,83.36,81.86,92.32,83.41,5.8,13.73,48.53,1.8,73.37,70.14,1.079,2
MOES-TRN-1011,2018-10-05T06:00:00Z,GRID-GUW-02,Meghalaya_Orographic_Cloudburst,265.25,18.86,44.95,15.03,19.3,20.28,1.06,82.6,38.94,51.4,13.31,81.79,0.07,20.71,1.65,0.158,0
MOES-TRN-1012,2018-10-05T09:00:00Z,GRID-WAY-03,Western_Ghats_Orographic_Surge,270.04,18.94,41.8,9.19,16.06,20.31,12.54,80.83,41.38,780.0,15.14,88.36,0.38,16.76,0.82,0.235,0
MOES-TRN-1013,2018-10-05T12:00:00Z,GRID-DEL-05,Scattered_Convective_Cell,210.22,119.18,55.75,33.93,114.32,107.12,292.87,91.95,93.58,212.0,11.77,29.22,0.04,113.08,153.36,2.881,3
MOES-TRN-1014,2018-10-05T15:00:00Z,GRID-KOL-06,Bay_Cyclone_Spiral_Band,259.22,35.92,46.25,15.32,28.24,26.5,33.85,90.15,69.26,6.1,14.54,77.81,3.86,29.26,16.48,0.593,1
MOES-TRN-1015,2018-10-05T18:00:00Z,GRID-MUM-01,Arabian_Sea_Monsoon_Surge,269.37,12.67,39.58,8.16,17.46,8.29,11.96,86.82,36.6,4.2,14.59,72.97,3.79,13.3,1.44,0.505,1
MOES-TRN-1016,2018-10-05T21:00:00Z,GRID-CHE-04,Stratiform_Monsoon_Rain,214.14,103.75,57.72,28.24,99.71,90.96,246.53,92.27,89.82,5.8,13.38,46.63,3.98,114.51,145.64,2.899,3
MOES-TRN-1017,2018-10-06T00:00:00Z,GRID-GUW-02,Meghalaya_Orographic_Cloudburst,271.74,8.71,37.81,10.95,10.73,8.97,27.96,82.7,40.87,51.4,12.97,88.48,0.24,9.42,0.42,0.168,0
MOES-TRN-1018,2018-10-06T03:00:00Z,GRID-WAY-03,Monsoon_Vortex_Feeder_Band,237.9,57.43,52.91,21.74,59.24,68.09,161.56,86.06,80.47,780.0,15.07,54.09,0.17,64.9,63.77,1.234,3
MOES-TRN-1019,2018-10-06T06:00:00Z,GRID-DEL-05,Western_Disturbance_Monsoon_Interaction,277.31,6.69,32.52,12.16,3.79,4.56,34.49,84.98,41.39,212.0,11.83,73.84,0.35,4.41,0.19,0.164,0
MOES-TRN-1020,2018-10-06T09:00:00Z,GRID-KOL-06,Bay_Cyclone_Spiral_Band,265.61,23.56,44.94,12.96,24.63,24.18,60.75,90.23,69.52,6.1,13.78,77.56,1.9,24.03,17.13,0.309,1
MOES-TRN-1021,2018-10-06T12:00:00Z,GRID-MUM-01,Offshore_Trough_Cloudburst,256.42,30.89,46.62,15.1,25.32,35.76,40.39,92.45,79.45,4.2,15.13,74.67,4.57,29.15,21.02,0.734,2
MOES-TRN-1022,2018-10-06T15:00:00Z,GRID-CHE-04,Northeast_Monsoon_Depression,260.58,25.15,46.67,15.1,33.58,31.5,71.73,88.53,63.31,5.8,14.12,58.97,2.75,30.83,21.97,0.458,1
MOES-TRN-1023,2018-10-06T18:00:00Z,GRID-GUW-02,Meghalaya_Orographic_Cloudburst,278.81,1.57,26.64,10.28,2.62,0.0,23.53,85.17,55.83,51.4,13.38,88.95,0.29,1.79,0.0,0.154,0
MOES-TRN-1024,2018-10-06T21:00:00Z,GRID-WAY-03,Low_Level_Jet_Extreme_Rain,252.26,33.36,47.7,15.87,39.98,55.84,42.28,85.99,73.12,780.0,15.21,64.71,0.08,39.52,20.06,0.294,1
MOES-TRN-1025,2018-10-07T00:00:00Z,GRID-DEL-05,Western_Disturbance_Monsoon_Interaction,268.2,16.68,44.25,10.78,12.48,13.82,14.26,84.41,40.97,212.0,11.41,83.75,0.13,16.14,1.72,0.04,0
MOES-TRN-1026,2018-10-07T03:00:00Z,GRID-KOL-06,Bay_Cyclone_Spiral_Band,255.01,40.7,47.12,13.68,34.43,36.32,74.44,90.64,69.51,6.1,14.78,77.09,3.6,34.96,29.38,0.666,2
MOES-TRN-1027,2018-10-07T06:00:00Z,GRID-MUM-01,Mesoscale_Convective_System,247.46,50.42,52.14,21.73,51.67,48.98,70.93,94.05,92.73,4.2,14.2,39.92,2.31,55.73,55.11,0.89,2
MOES-TRN-1028,2018-10-07T09:00:00Z,GRID-CHE-04,Northeast_Monsoon_Depression,260.38,30.06,42.67,13.84,23.8,28.65,70.38,90.56,77.06,5.8,13.67,52.64,4.15,23.28,18.68,0.64,2
MOES-TRN-1029,2018-10-07T12:00:00Z,GRID-GUW-02,Meghalaya_Orographic_Cloudburst,264.9,14.17,43.28,13.42,13.0,24.55,18.47,83.69,53.72,51.4,13.39,76.65,0.18,16.56,1.91,0.166,0
MOES-TRN-1030,2018-10-07T15:00:00Z,GRID-WAY-03,Light_Orographic_Spell,210.24,111.27,53.76,34.69,105.56,115.98,287.61,87.59,91.0,780.0,14.49,29.3,0.2,100.89,127.7,2.68,3
MOES-TRN-1031,2018-10-07T18:00:00Z,GRID-DEL-05,Western_Disturbance_Monsoon_Interaction,269.04,9.08,41.1,13.68,9.12,5.43,32.22,89.5,64.11,212.0,11.65,82.39,0.3,10.0,3.03,0.102,0
MOES-TRN-1032,2018-10-07T21:00:00Z,GRID-KOL-06,Bay_Cyclone_Spiral_Band,259.94,18.86,47.27,10.92,24.58,21.4,38.61,90.37,78.41,6.1,14.28,54.47,4.41,25.86,14.96,0.66,2
MOES-TRN-1033,2018-10-08T00:00:00Z,GRID-MUM-01,Mesoscale_Convective_System,244.1,65.82,53.09,24.66,65.56,60.6,117.8,92.96,84.0,4.2,14.8,55.61,3.5,68.21,74.42,1.461,3
MOES-TRN-1034,2018-10-08T03:00:00Z,GRID-CHE-04,Northeast_Monsoon_Depression,258.76,30.21,48.09,16.74,32.38,25.3,67.39,89.25,58.16,5.8,13.9,56.74,4.4,32.51,23.66,0.699,2
MOES-TRN-1035,2018-10-08T06:00:00Z,GRID-GUW-02,Brahmaputra_Trough_Convection,253.16,51.78,48.84,21.95,40.84,41.16,37.23,86.74,73.71,51.4,12.64,77.12,0.28,42.74,22.72,0.155,0
MOES-TRN-1036,2018-10-08T09:00:00Z,GRID-WAY-03,Light_Orographic_Spell,227.38,75.74,55.95,26.2,81.25,88.37,186.68,86.67,94.02,780.0,15.17,44.6,0.25,91.98,95.45,1.829,3
MOES-TRN-1037,2018-10-08T12:00:00Z,GRID-DEL-05,Western_Disturbance_Monsoon_Interaction,263.51,20.69,45.03,14.35,21.33,18.1,5.85,87.21,57.03,212.0,11.7,87.91,0.19,21.56,4.5,0.076,0
MOES-TRN-1038,2018-10-08T15:00:00Z,GRID-KOL-06,Bay_Cyclone_Spiral_Band,252.74,30.78,48.89,15.51,36.26,32.88,79.8,89.28,61.67,6.1,14.59,67.65,2.19,36.57,29.38,0.423,1
MOES-TRN-1039,2018-10-08T18:00:00Z,GRID-MUM-01,Moderate_Monsoon_Spell,203.38,118.34,54.06,31.57,110.94,112.23,224.07,93.5,97.74,4.2,15.08,36.72,3.75,104.71,134.67,2.816,3
MOES-TRN-1040,2018-10-08T21:00:00Z,GRID-CHE-04,Coastal_Squall_Line,228.42,71.11,53.99,27.08,72.35,77.31,112.05,92.2,89.49,5.8,13.74,46.76,1.82,77.34,80.09,1.302,3
MOES-TRN-1041,2018-10-09T00:00:00Z,GRID-GUW-02,Pre_Monsoon_Norwester,244.32,60.4,53.4,20.99,55.69,48.93,87.26,86.57,79.44,51.4,12.82,48.32,0.27,63.05,48.6,0.755,2
MOES-TRN-1042,2018-10-09T03:00:00Z,GRID-WAY-03,Monsoon_Vortex_Feeder_Band,253.3,48.71,48.65,18.3,46.84,45.09,72.72,87.25,85.15,780.0,15.0,40.06,0.25,44.72,31.42,0.614,2
MOES-TRN-1043,2018-10-09T06:00:00Z,GRID-DEL-05,Western_Disturbance_Monsoon_Interaction,271.67,10.02,40.93,8.44,8.37,3.99,16.32,86.08,54.08,212.0,12.04,72.48,0.38,9.56,0.53,0.095,0
MOES-TRN-1044,2018-10-09T09:00:00Z,GRID-KOL-06,Bay_Cyclone_Spiral_Band,251.69,44.21,48.48,15.63,37.64,37.05,56.75,93.95,81.92,6.1,14.15,62.27,4.07,39.06,36.07,0.806,2
MOES-TRN-1045,2018-10-09T12:00:00Z,GRID-MUM-01,Mesoscale_Convective_System,228.45,79.59,53.41,27.38,80.98,69.57,127.3,95.15,89.43,4.2,14.83,39.38,2.54,78.68,92.57,1.747,3
MOES-TRN-1046,2018-10-09T15:00:00Z,GRID-CHE-04,Bay_of_Bengal_Cyclonic_Landfall,264.1,9.98,39.23,11.98,14.11,9.04,27.21,88.8,56.21,5.8,14.08,80.0,3.67,11.53,2.86,0.459,1
MOES-TRN-1047,2018-10-09T18:00:00Z,GRID-GUW-02,Brahmaputra_Trough_Convection,255.95,34.43,48.16,14.61,31.24,24.28,57.41,87.47,75.87,51.4,13.53,66.94,0.28,32.71,19.46,0.267,1
MOES-TRN-1048,2018-10-09T21:00:00Z,GRID-WAY-03,Low_Level_Jet_Extreme_Rain,252.96,38.09,47.96,18.24,38.47,30.79,63.72,84.68,76.02,780.0,15.24,61.57,0.1,36.63,19.66,0.375,1
MOES-TRN-1049,2018-10-10T00:00:00Z,GRID-DEL-05,Western_Disturbance_Monsoon_Interaction,273.79,14.28,41.49,11.16,12.19,16.19,33.7,83.75,39.6,212.0,11.35,88.37,0.1,13.75,2.11,0.14,0
MOES-TRN-1050,2018-10-10T03:00:00Z,GRID-KOL-06,Gangetic_West_Bengal_Deep_Depression,278.19,3.64,31.6,9.14,4.1,0.0,21.13,89.18,60.3,6.1,14.55,73.36,3.7,3.24,0.09,0.467,1
MOES-TRN-1051,2018-10-10T06:00:00Z,GRID-MUM-01,Offshore_Trough_Cloudburst,260.37,31.15,47.96,15.82,30.01,29.67,66.84,93.23,81.84,4.2,15.04,63.71,2.1,32.13,30.23,0.419,1
MOES-TRN-1052,2018-10-10T09:00:00Z,GRID-CHE-04,Northeast_Monsoon_Depression,253.9,42.81,47.75,15.84,42.13,38.84,32.76,89.97,72.63,5.8,14.71,71.55,1.45,39.55,24.33,0.293,1
MOES-TRN-1053,2018-10-10T12:00:00Z,GRID-GUW-02,Meghalaya_Orographic_Cloudburst,268.66,9.66,41.96,14.41,11.7,12.05,18.12,82.41,36.39,51.4,13.49,79.07,0.09,12.57,0.54,0.171,0
MOES-TRN-1054,2018-10-10T15:00:00Z,GRID-WAY-03,Monsoon_Vortex_Feeder_Band,239.05,43.89,52.16,22.11,54.14,63.17,120.85,85.63,81.49,780.0,14.86,59.01,0.27,57.68,48.47,0.825,2
MOES-TRN-1055,2018-10-10T18:00:00Z,GRID-DEL-05,Yamuna_Catchment_Surge,228.62,80.46,55.37,24.57,76.72,96.68,100.17,90.73,87.56,212.0,11.37,56.9,0.18,89.26,85.26,1.132,2
MOES-TRN-1056,2018-10-10T21:00:00Z,GRID-KOL-06,Gangetic_West_Bengal_Deep_Depression,272.45,5.57,38.14,8.29,7.97,5.87,11.97,90.09,58.93,6.1,14.95,68.13,1.49,7.57,0.65,0.197,0
MOES-TRN-1057,2018-10-11T00:00:00Z,GRID-MUM-01,Arabian_Sea_Monsoon_Surge,274.27,10.48,39.13,11.82,9.46,13.12,17.61,89.19,41.26,4.2,14.55,88.48,4.08,10.36,1.68,0.525,1
MOES-TRN-1058,2018-10-11T03:00:00Z,GRID-CHE-04,Bay_of_Bengal_Cyclonic_Landfall,271.55,10.81,40.85,10.97,16.93,21.32,21.09,89.67,58.87,5.8,14.13,89.71,1.95,15.32,4.59,0.243,0
MOES-TRN-1059,2018-10-11T06:00:00Z,GRID-GUW-02,Brahmaputra_Trough_Convection,250.42,43.02,49.18,17.86,45.01,39.92,60.02,87.35,75.19,51.4,13.46,64.91,0.33,43.41,28.19,0.297,1
MOES-TRN-1060,2018-10-11T09:00:00Z,GRID-WAY-03,Low_Level_Jet_Extreme_Rain,252.59,34.17,49.08,18.15,39.57,43.45,69.15,81.89,60.54,780.0,14.01,55.7,0.22,40.23,19.46,0.332,1
MOES-TRN-1061,2018-10-11T12:00:00Z,GRID-DEL-05,Western_Disturbance_Monsoon_Interaction,264.04,11.4,40.14,8.16,9.63,7.46,9.68,85.77,47.12,212.0,11.65,89.83,0.22,10.29,0.35,0.064,0
MOES-TRN-1062,2018-10-11T15:00:00Z,GRID-KOL-06,Bay_Cyclone_Spiral_Band,247.0,35.81,48.4,17.83,45.28,50.13,77.3,90.82,69.63,6.1,14.01,59.53,2.17,42.32,36.77,0.525,1
MOES-TRN-1063,2018-10-11T18:00:00Z,GRID-MUM-01,Offshore_Trough_Cloudburst,249.15,42.54,49.37,20.35,48.21,39.29,36.13,90.22,62.91,4.2,14.82,77.08,3.4,44.84,29.87,0.472,1
MOES-TRN-1064,2018-10-11T21:00:00Z,GRID-CHE-04,Bay_of_Bengal_Cyclonic_Landfall,268.82,22.89,43.75,14.63,20.34,18.12,26.17,87.73,53.97,5.8,13.75,74.12,1.83,20.26,6.57,0.21,0
MOES-TRN-1065,2018-10-12T00:00:00Z,GRID-GUW-02,Valley_Monsoon_Shower,203.27,107.97,57.22,33.22,116.98,107.96,136.61,87.94,89.09,51.4,13.09,33.52,0.08,120.83,115.87,1.933,3
MOES-TRN-1066,2018-10-12T03:00:00Z,GRID-WAY-03,Low_Level_Jet_Extreme_Rain,253.16,33.57,49.0,13.25,37.12,29.44,34.93,86.34,74.8,780.0,15.79,70.09,0.09,37.06,17.53,0.305,1
MOES-TRN-1067,2018-10-12T06:00:00Z,GRID-DEL-05,Urban_Heat_Island_Downpour,256.04,31.18,49.4,16.55,29.65,38.42,59.52,86.22,59.84,212.0,11.5,66.73,0.04,35.9,20.51,0.17,0
MOES-TRN-1068,2018-10-12T09:00:00Z,GRID-KOL-06,Gangetic_West_Bengal_Deep_Depression,265.63,12.55,41.8,15.39,16.96,16.4,31.63,89.61,61.69,6.1,14.02,70.91,3.05,15.53,5.98,0.373,1
MOES-TRN-1069,2018-10-12T12:00:00Z,GRID-MUM-01,Arabian_Sea_Monsoon_Surge,274.38,5.09,39.68,13.03,9.52,9.73,16.4,90.41,57.49,4.2,14.77,69.36,4.44,9.32,1.64,0.601,2
MOES-TRN-1070,2018-10-12T15:00:00Z,GRID-CHE-04,Stratiform_Monsoon_Rain,219.36,95.27,55.87,29.57,86.99,76.47,184.32,92.99,92.83,5.8,14.17,29.06,3.08,95.23,115.23,2.402,3
MOES-TRN-1071,2018-10-12T18:00:00Z,GRID-GUW-02,Meghalaya_Orographic_Cloudburst,263.75,20.12,47.41,13.69,19.81,18.4,31.2,82.87,44.53,51.4,13.08,78.44,0.09,24.04,5.71,0.186,0
MOES-TRN-1072,2018-10-12T21:00:00Z,GRID-WAY-03,Low_Level_Jet_Extreme_Rain,261.03,25.36,45.17,10.01,28.86,31.4,35.14,85.79,74.08,780.0,15.14,67.18,0.31,27.19,10.25,0.298,1
MOES-TRN-1073,2018-10-13T00:00:00Z,GRID-DEL-05,Western_Disturbance_Monsoon_Interaction,263.79,14.68,42.0,10.97,12.57,13.81,26.68,86.93,42.37,212.0,11.71,79.09,0.02,13.98,2.96,0.114,0
MOES-TRN-1074,2018-10-13T03:00:00Z,GRID-KOL-06,Hooghly_Spring_Tide_Downpour,227.76,93.54,52.7,28.69,81.55,78.07,131.57,91.2,82.17,6.1,14.54,38.53,3.56,79.84,84.06,1.754,3
MOES-TRN-1075,2018-10-13T06:00:00Z,GRID-MUM-01,Mesoscale_Convective_System,225.39,77.2,55.97,30.07,84.6,67.83,156.7,91.94,77.61,4.2,15.21,39.47,1.91,90.74,101.96,1.844,3
MOES-TRN-1076,2018-10-13T09:00:00Z,GRID-CHE-04,Coastal_Squall_Line,227.7,74.91,53.75,28.83,79.0,71.41,150.22,92.35,82.12,5.8,13.09,49.57,1.3,78.7,89.94,1.515,3
MOES-TRN-1077,2018-10-13T12:00:00Z,GRID-GUW-02,Pre_Monsoon_Norwester,236.08,74.16,52.85,27.25,75.33,69.79,69.14,89.14,88.91,51.4,12.59,57.07,0.05,73.72,60.21,0.836,2
MOES-TRN-1078,2018-10-13T15:00:00Z,GRID-WAY-03,Low_Level_Jet_Extreme_Rain,254.55,32.3,44.59,15.8,24.55,26.65,58.15,85.04,73.33,780.0,15.61,66.24,0.08,25.37,11.56,0.339,1
MOES-TRN-1079,2018-10-13T18:00:00Z,GRID-DEL-05,Urban_Heat_Island_Downpour,261.53,26.58,48.07,11.91,33.35,32.3,38.5,90.63,75.82,212.0,11.6,57.09,0.3,33.23,21.19,0.101,0
MOES-TRN-1080,2018-10-13T21:00:00Z,GRID-KOL-06,Gangetic_West_Bengal_Deep_Depression,272.0,3.76,37.48,9.37,6.3,6.28,23.04,89.96,64.56,6.1,14.42,82.2,2.15,6.44,1.0,0.202,0
MOES-TRN-1081,2018-10-14T00:00:00Z,GRID-MUM-01,Arabian_Sea_Monsoon_Surge,278.11,7.77,32.77,10.89,7.49,7.29,28.56,88.26,40.04,4.2,14.68,85.4,1.47,6.41,0.89,0.257,1
MOES-TRN-1082,2018-10-14T03:00:00Z,GRID-CHE-04,Stratiform_Monsoon_Rain,213.53,107.35,54.82,38.43,107.6,96.31,218.25,93.28,98.21,5.8,13.41,21.55,3.47,102.67,130.75,2.726,3
MOES-TRN-1083,2018-10-14T06:00:00Z,GRID-GUW-02,Pre_Monsoon_Norwester,231.22,88.19,53.94,26.21,79.03,73.73,137.27,88.37,81.76,51.4,13.23,37.1,0.06,81.88,80.0,1.408,3
MOES-TRN-1084,2018-10-14T09:00:00Z,GRID-WAY-03,Low_Level_Jet_Extreme_Rain,262.3,30.71,44.74,11.7,26.87,23.1,51.71,85.45,66.85,780.0,15.21,59.34,0.06,25.66,11.24,0.336,1
MOES-TRN-1085,2018-10-14T12:00:00Z,GRID-DEL-05,Western_Disturbance_Monsoon_Interaction,265.88,23.63,43.28,13.48,18.13,29.44,33.38,84.3,36.98,212.0,11.21,80.16,0.12,20.71,5.24,0.096,0
MOES-TRN-1086,2018-10-14T15:00:00Z,GRID-KOL-06,Gangetic_West_Bengal_Deep_Depression,272.01,1.13,36.64,11.49,10.09,12.36,19.54,88.01,52.2,6.1,15.0,70.0,4.19,8.02,0.73,0.597,1
MOES-TRN-1087,2018-10-14T18:00:00Z,GRID-MUM-01,Mesoscale_Convective_System,244.55,53.16,50.38,21.14,45.13,39.85,133.12,95.06,89.22,4.2,14.67,61.4,4.32,47.67,63.11,1.429,3
MOES-TRN-1088,2018-10-14T21:00:00Z,GRID-CHE-04,Bay_of_Bengal_Cyclonic_Landfall,268.52,18.16,39.39,11.6,14.48,6.57,3.03,87.79,47.61,5.8,13.99,69.59,3.64,12.71,0.96,0.39,1
MOES-TRN-1089,2018-10-15T00:00:00Z,GRID-GUW-02,Valley_Monsoon_Shower,216.22,88.94,54.22,33.66,98.91,84.73,173.8,90.03,93.15,51.4,13.13,21.21,0.12,92.25,101.9,1.93,3
MOES-TRN-1090,2018-10-15T03:00:00Z,GRID-WAY-03,Monsoon_Vortex_Feeder_Band,241.44,61.45,50.82,22.81,55.34,63.46,113.77,86.97,75.44,780.0,15.63,47.57,0.22,57.25,49.47,0.952,2
MOES-TRN-1091,2018-10-15T06:00:00Z,GRID-DEL-05,Western_Disturbance_Monsoon_Interaction,274.32,6.25,37.42,9.15,10.23,1.21,5.83,87.42,54.12,212.0,12.07,79.84,0.38,7.6,0.06,0.02,0
MOES-TRN-1092,2018-10-15T09:00:00Z,GRID-KOL-06,Gangetic_West_Bengal_Deep_Depression,271.28,9.13,41.22,7.55,13.39,10.32,3.94,87.35,42.48,6.1,14.15,88.95,3.79,12.39,0.81,0.477,1
MOES-TRN-1093,2018-10-15T12:00:00Z,GRID-MUM-01,Offshore_Trough_Cloudburst,261.28,38.46,47.33,17.05,31.9,33.01,38.72,91.29,62.16,4.2,14.74,63.83,2.19,33.49,22.49,0.268,1
MOES-TRN-1094,2018-10-15T15:00:00Z,GRID-CHE-04,Coastal_Squall_Line,235.87,76.82,51.98,27.22,71.2,58.25,118.45,94.33,86.58,5.8,14.04,37.98,4.56,68.2,78.12,1.799,3
MOES-TRN-1095,2018-10-15T18:00:00Z,GRID-GUW-02,Meghalaya_Orographic_Cloudburst,262.41,19.38,43.51,11.29,20.52,23.89,33.76,85.7,55.57,51.4,13.17,87.64,0.27,20.35,6.04,0.22,0
MOES-TRN-1096,2018-10-15T21:00:00Z,GRID-WAY-03,Monsoon_Vortex_Feeder_Band,233.69,80.07,50.97,27.35,78.44,64.01,137.04,88.02,92.38,780.0,15.41,59.98,0.12,69.47,67.54,1.178,3
MOES-TRN-1097,2018-10-16T00:00:00Z,GRID-DEL-05,Urban_Heat_Island_Downpour,258.69,31.62,46.98,16.45,30.23,24.83,80.62,89.68,70.65,212.0,12.27,53.64,0.33,30.1,24.76,0.319,1
MOES-TRN-1098,2018-10-16T03:00:00Z,GRID-KOL-06,Gangetic_West_Bengal_Deep_Depression,274.25,8.81,37.95,11.1,7.24,1.51,15.46,87.29,38.41,6.1,14.47,85.22,2.6,7.12,0.24,0.25,1
MOES-TRN-1099,2018-10-16T06:00:00Z,GRID-MUM-01,Arabian_Sea_Monsoon_Surge,265.79,13.41,39.72,14.84,11.25,14.91,11.34,89.9,53.99,4.2,14.68,86.83,4.11,12.05,2.09,0.581,1
MOES-TRN-1100,2018-10-16T09:00:00Z,GRID-CHE-04,Northeast_Monsoon_Depression,262.42,35.92,46.15,19.78,36.01,30.84,26.24,91.01,70.5,5.8,13.84,68.43,2.4,32.68,19.1,0.158,0
MOES-TRN-1101,2018-10-16T12:00:00Z,GRID-GUW-02,Pre_Monsoon_Norwester,238.72,66.39,48.73,24.11,61.99,68.58,65.96,88.19,83.77,51.4,13.18,58.68,0.24,56.74,42.19,0.531,1
MOES-TRN-1102,2018-10-16T15:00:00Z,GRID-WAY-03,Light_Orographic_Spell,215.72,90.73,54.86,32.02,92.21,84.63,275.78,87.83,89.77,780.0,15.18,21.84,0.21,92.71,117.98,2.542,3
MOES-TRN-1103,2018-10-16T18:00:00Z,GRID-DEL-05,Western_Disturbance_Monsoon_Interaction,270.39,11.22,38.85,9.03,11.31,14.36,30.11,87.59,64.37,212.0,11.53,80.6,0.23,11.23,2.43,0.048,0
MOES-TRN-1104,2018-10-16T21:00:00Z,GRID-KOL-06,Gangetic_West_Bengal_Deep_Depression,271.56,5.06,25.14,7.2,0.19,0.92,14.12,89.82,58.75,6.1,13.9,87.34,4.27,1.44,0.0,0.562,1
MOES-TRN-1105,2018-10-17T00:00:00Z,GRID-MUM-01,Arabian_Sea_Monsoon_Surge,269.02,9.73,41.24,10.06,11.25,14.93,16.02,86.85,36.83,4.2,15.2,71.86,2.6,12.34,1.43,0.302,1
MOES-TRN-1106,2018-10-17T03:00:00Z,GRID-CHE-04,Bay_of_Bengal_Cyclonic_Landfall,271.47,10.22,36.9,9.3,7.99,2.54,21.73,87.03,41.72,5.8,14.26,68.69,4.55,7.39,0.5,0.61,2
MOES-TRN-1107,2018-10-17T06:00:00Z,GRID-GUW-02,Meghalaya_Orographic_Cloudburst,275.47,12.95,34.74,10.89,7.36,7.85,11.01,86.19,54.57,51.4,13.17,86.88,0.28,7.7,0.09,0.08,0
MOES-TRN-1108,2018-10-17T09:00:00Z,GRID-WAY-03,Western_Ghats_Orographic_Surge,274.9,6.32,36.64,8.33,8.17,8.92,18.83,83.47,44.41,780.0,16.3,72.33,0.12,7.64,0.06,0.31,1
MOES-TRN-1109,2018-10-17T12:00:00Z,GRID-DEL-05,Scattered_Convective_Cell,194.32,117.87,57.9,40.91,130.86,112.28,234.66,91.64,94.36,212.0,11.56,47.42,0.3,132.77,159.25,2.694,3
MOES-TRN-1110,2018-10-17T15:00:00Z,GRID-KOL-06,Gangetic_West_Bengal_Deep_Depression,266.15,12.8,41.01,12.39,16.33,18.84,7.6,87.95,44.83,6.1,13.61,84.52,4.44,15.16,2.18,0.548,1
MOES-TRN-1111,2018-10-17T18:00:00Z,GRID-MUM-01,Mesoscale_Convective_System,234.62,65.13,54.78,25.97,68.21,79.11,161.38,92.63,79.59,4.2,14.64,36.11,1.51,78.36,92.75,1.759,3
MOES-TRN-1112,2018-10-17T21:00:00Z,GRID-CHE-04,Northeast_Monsoon_Depression,250.3,40.11,48.13,15.36,45.8,53.38,70.57,89.49,62.24,5.8,13.21,64.37,3.25,43.18,33.68,0.576,1
MOES-TRN-1113,2018-10-18T00:00:00Z,GRID-GUW-02,Meghalaya_Orographic_Cloudburst,279.2,3.29,32.48,8.79,3.19,0.0,9.12,84.17,41.54,51.4,13.17,79.83,0.13,2.99,0.0,0.058,0
MOES-TRN-1114,2018-10-18T03:00:00Z,GRID-WAY-03,Low_Level_Jet_Extreme_Rain,261.54,25.11,45.22,12.25,25.17,23.7,70.05,84.45,76.48,780.0,15.21,70.37,0.3,24.72,12.21,0.392,1
MOES-TRN-1115,2018-10-18T06:00:00Z,GRID-DEL-05,Scattered_Convective_Cell,188.0,149.85,55.13,42.83,140.56,153.79,229.37,91.38,92.77,212.0,11.35,28.37,0.15,131.46,156.02,2.767,3
MOES-TRN-1116,2018-10-18T09:00:00Z,GRID-KOL-06,Hooghly_Spring_Tide_Downpour,235.27,51.83,51.62,22.03,59.9,74.88,146.79,91.56,84.14,6.1,14.59,51.52,2.05,61.18,70.26,1.285,3
MOES-TRN-1117,2018-10-18T12:00:00Z,GRID-MUM-01,Offshore_Trough_Cloudburst,250.93,42.85,47.74,18.07,43.21,37.42,74.81,91.75,68.53,4.2,15.35,62.47,3.34,39.75,35.81,0.757,2
MOES-TRN-1118,2018-10-18T15:00:00Z,GRID-CHE-04,Bay_of_Bengal_Cyclonic_Landfall,276.85,3.19,29.3,11.46,1.36,5.24,10.86,88.55,47.41,5.8,13.39,75.69,1.33,2.55,0.0,0.163,0
MOES-TRN-1119,2018-10-18T18:00:00Z,GRID-GUW-02,Valley_Monsoon_Shower,188.0,144.71,58.13,38.66,138.75,125.33,281.48,90.64,98.48,51.4,12.72,22.52,0.06,143.54,177.02,3.294,3
MOES-TRN-1120,2018-10-18T21:00:00Z,GRID-WAY-03,Light_Orographic_Spell,188.0,155.14,59.07,43.38,148.81,131.25,226.24,88.24,93.27,780.0,15.15,23.89,0.17,157.13,171.16,3.237,3
MOES-TRN-1121,2018-10-19T00:00:00Z,GRID-DEL-05,Scattered_Convective_Cell,189.83,139.86,57.46,41.12,135.39,136.94,294.59,92.05,98.54,212.0,11.6,46.54,0.14,138.53,179.2,3.131,3
MOES-TRN-1122,2018-10-19T03:00:00Z,GRID-KOL-06,Gangetic_West_Bengal_Deep_Depression,263.24,17.19,41.03,10.19,16.05,8.95,19.65,89.18,55.0,6.1,13.66,77.23,1.89,14.38,3.63,0.188,0
MOES-TRN-1123,2018-10-19T06:00:00Z,GRID-MUM-01,Arabian_Sea_Monsoon_Surge,273.18,7.11,28.41,9.15,2.27,5.67,32.16,91.08,63.94,4.2,15.36,89.97,2.72,3.49,1.03,0.396,1
MOES-TRN-1124,2018-10-19T09:00:00Z,GRID-CHE-04,Bay_of_Bengal_Cyclonic_Landfall,270.79,10.85,42.44,12.49,11.35,15.96,11.27,88.97,59.65,5.8,14.07,69.82,1.74,13.53,2.29,0.179,0
MOES-TRN-1125,2018-10-19T12:00:00Z,GRID-GUW-02,Meghalaya_Orographic_Cloudburst,269.31,10.63,41.94,12.37,13.76,15.54,33.73,81.9,41.27,51.4,13.19,80.23,0.2,13.98,1.56,0.208,0
MOES-TRN-1126,2018-10-19T15:00:00Z,GRID-WAY-03,Low_Level_Jet_Extreme_Rain,253.52,39.31,48.92,17.52,34.84,36.91,54.2,84.87,67.2,780.0,15.2,59.2,0.03,38.02,19.41,0.334,1
MOES-TRN-1127,2018-10-19T18:00:00Z,GRID-DEL-05,Scattered_Convective_Cell,217.65,103.41,52.37,29.3,103.6,102.63,293.12,89.66,88.56,212.0,11.97,21.92,0.36,92.17,126.27,2.544,3
MOES-TRN-1128,2018-10-19T21:00:00Z,GRID-KOL-06,Hooghly_Spring_Tide_Downpour,249.59,57.77,50.36,21.16,53.5,60.89,71.17,91.57,81.33,6.1,14.08,53.59,1.72,54.49,48.24,0.743,2
MOES-TRN-1129,2018-10-20T00:00:00Z,GRID-MUM-01,Mesoscale_Convective_System,238.77,60.78,52.62,22.8,61.04,56.16,88.51,92.07,75.47,4.2,15.27,43.16,1.72,63.46,61.45,1.103,2
MOES-TRN-1130,2018-10-20T03:00:00Z,GRID-CHE-04,Northeast_Monsoon_Depression,263.88,19.28,43.42,12.21,20.05,16.55,84.13,91.55,81.99,5.8,13.81,60.16,2.52,19.06,19.19,0.469,1
MOES-TRN-1131,2018-10-20T06:00:00Z,GRID-GUW-02,Valley_Monsoon_Shower,220.09,78.87,52.35,32.58,89.34,90.51,225.7,90.82,98.23,51.4,12.58,39.84,0.23,81.04,104.25,1.95,3
MOES-TRN-1132,2018-10-20T09:00:00Z,GRID-WAY-03,Light_Orographic_Spell,219.06,96.37,54.78,30.3,100.32,104.58,302.38,86.32,90.0,780.0,15.56,39.38,0.21,99.15,125.55,2.628,3
MOES-TRN-1133,2018-10-20T12:00:00Z,GRID-DEL-05,Urban_Heat_Island_Downpour,249.67,44.77,46.37,19.98,45.01,49.23,80.52,88.5,66.39,212.0,12.19,73.82,0.01,40.38,31.39,0.279,1
MOES-TRN-1134,2018-10-20T15:00:00Z,GRID-KOL-06,Hooghly_Spring_Tide_Downpour,234.51,72.43,52.77,22.13,65.13,76.34,89.18,92.13,77.46,6.1,13.81,36.36,2.32,70.2,68.17,1.153,3
MOES-TRN-1135,2018-10-20T18:00:00Z,GRID-MUM-01,Arabian_Sea_Monsoon_Surge,278.57,6.63,31.98,4.81,3.93,0.0,20.65,90.46,57.59,4.2,14.83,68.36,2.85,3.72,0.28,0.332,1
MOES-TRN-1136,2018-10-20T21:00:00Z,GRID-CHE-04,Northeast_Monsoon_Depression,254.25,35.23,45.99,19.98,32.55,33.27,56.63,90.38,71.36,5.8,13.7,60.28,4.52,31.4,22.58,0.656,2
MOES-TRN-1137,2018-10-21T00:00:00Z,GRID-GUW-02,Valley_Monsoon_Shower,204.63,116.02,57.41,37.1,132.06,144.24,174.99,88.73,90.51,51.4,12.97,33.2,0.09,134.17,139.2,2.435,3
MOES-TRN-1138,2018-10-21T03:00:00Z,GRID-WAY-03,Light_Orographic_Spell,192.6,142.73,57.13,41.88,139.38,141.72,187.85,87.54,94.36,780.0,15.0,19.51,0.1,139.06,143.24,2.684,3
MOES-TRN-1139,2018-10-21T06:00:00Z,GRID-DEL-05,Western_Disturbance_Monsoon_Interaction,276.73,1.55,29.06,7.63,4.3,4.41,21.24,85.18,40.15,212.0,11.76,74.13,0.28,3.26,0.0,0.11,0
MOES-TRN-1140,2018-10-21T09:00:00Z,GRID-KOL-06,Gangetic_West_Bengal_Deep_Depression,264.09,22.4,44.14,9.2,17.6,18.66,5.46,86.48,47.55,6.1,13.61,78.56,2.05,19.58,3.14,0.14,0
MOES-TRN-1141,2018-10-21T12:00:00Z,GRID-MUM-01,Offshore_Trough_Cloudburst,255.42,25.11,45.21,12.11,30.29,25.36,50.9,91.47,71.52,4.2,14.54,57.85,1.97,26.89,19.5,0.304,1
MOES-TRN-1142,2018-10-21T15:00:00Z,GRID-CHE-04,Bay_of_Bengal_Cyclonic_Landfall,269.78,15.18,43.52,12.41,14.07,16.77,18.97,87.43,56.35,5.8,14.07,84.58,3.8,16.25,3.47,0.489,1
MOES-TRN-1143,2018-10-21T18:00:00Z,GRID-GUW-02,Pre_Monsoon_Norwester,230.74,73.3,48.04,26.4,75.92,64.1,100.07,88.9,81.83,51.4,13.13,59.67,0.36,61.28,54.5,0.854,2
MOES-TRN-1144,2018-10-21T21:00:00Z,GRID-WAY-03,Light_Orographic_Spell,220.16,90.13,52.71,30.93,91.13,79.74,245.22,86.92,89.65,780.0,14.91,31.48,0.07,83.18,99.99,2.099,3
MOES-TRN-1145,2018-10-22T00:00:00Z,GRID-DEL-05,Yamuna_Catchment_Surge,240.07,55.38,52.14,20.59,63.22,68.15,70.26,90.5,90.7,212.0,11.35,45.76,0.17,63.61,54.15,0.715,2
MOES-TRN-1146,2018-10-22T03:00:00Z,GRID-KOL-06,Monsoon_Trough_Pass,222.71,99.49,53.14,27.1,88.19,96.48,261.33,94.26,93.07,6.1,13.57,34.4,3.5,87.38,127.84,2.729,3
MOES-TRN-1147,2018-10-22T06:00:00Z,GRID-MUM-01,Mesoscale_Convective_System,239.0,55.61,51.31,20.89,63.93,61.94,74.07,94.16,83.1,4.2,14.96,58.14,4.06,60.65,60.81,1.216,3
MOES-TRN-1148,2018-10-22T09:00:00Z,GRID-CHE-04,Coastal_Squall_Line,250.07,58.82,50.86,23.4,52.76,50.42,121.99,91.62,81.18,5.8,13.9,36.02,1.21,54.13,58.52,1.147,2
MOES-TRN-1149,2018-10-22T12:00:00Z,GRID-GUW-02,Brahmaputra_Trough_Convection,261.93,25.78,46.62,12.96,22.59,24.34,62.97,87.67,79.08,51.4,12.7,52.58,0.32,25.68,15.4,0.291,1
MOES-TRN-1150,2018-10-22T15:00:00Z,GRID-WAY-03,Light_Orographic_Spell,198.38,137.72,56.35,39.85,141.97,112.93,218.06,86.79,91.88,780.0,15.43,21.65,0.13,130.6,139.31,2.645,3
MOES-TRN-1151,2018-10-22T18:00:00Z,GRID-DEL-05,Urban_Heat_Island_Downpour,260.95,32.21,47.09,15.76,31.62,30.68,30.69,88.16,70.98,212.0,11.58,58.52,0.03,31.7,15.22,0.084,0
MOES-TRN-1152,2018-10-22T21:00:00Z,GRID-KOL-06,Gangetic_West_Bengal_Deep_Depression,274.51,11.52,39.29,11.73,8.47,16.18,8.22,89.4,59.2,6.1,14.33,77.18,1.91,10.66,1.14,0.117,0
MOES-TRN-1153,2018-10-23T00:00:00Z,GRID-MUM-01,Mesoscale_Convective_System,243.59,58.0,51.29,22.9,64.78,66.14,139.24,93.23,79.64,4.2,14.8,37.19,2.81,61.89,73.55,1.525,3
MOES-TRN-1154,2018-10-23T03:00:00Z,GRID-CHE-04,Coastal_Squall_Line,242.13,65.71,51.77,26.08,64.12,62.18,111.19,91.9,81.43,5.8,13.8,60.69,3.28,63.64,65.98,1.256,3
MOES-TRN-1155,2018-10-23T06:00:00Z,GRID-GUW-02,Pre_Monsoon_Norwester,251.1,52.26,51.34,21.14,49.63,45.27,156.4,87.59,82.4,51.4,13.59,51.67,0.39,52.43,54.85,1.008,2
MOES-TRN-1156,2018-10-23T09:00:00Z,GRID-WAY-03,Light_Orographic_Spell,196.85,132.83,55.13,40.75,122.76,114.96,293.15,87.59,90.87,780.0,14.68,37.51,0.11,116.54,144.01,2.772,3
MOES-TRN-1157,2018-10-23T12:00:00Z,GRID-DEL-05,Scattered_Convective_Cell,217.06,96.61,55.16,32.84,110.02,105.26,142.85,90.74,92.76,212.0,11.6,25.07,0.24,104.68,109.29,1.886,3
MOES-TRN-1158,2018-10-23T15:00:00Z,GRID-KOL-06,Bay_Cyclone_Spiral_Band,249.88,47.74,49.66,16.79,46.14,48.38,73.59,90.41,62.31,6.1,14.08,68.66,2.62,46.76,39.2,0.524,1
MOES-TRN-1159,2018-10-23T18:00:00Z,GRID-MUM-01,Offshore_Trough_Cloudburst,246.92,45.09,48.5,15.8,43.94,55.73,52.83,93.19,71.67,4.2,14.37,65.74,1.59,44.25,38.48,0.443,1
MOES-TRN-1160,2018-10-23T21:00:00Z,GRID-CHE-04,Northeast_Monsoon_Depression,262.99,19.92,42.34,11.38,20.45,22.36,62.54,90.13,63.5,5.8,13.99,62.61,2.51,19.25,13.63,0.394,1
MOES-TRN-1161,2018-10-24T00:00:00Z,GRID-GUW-02,Pre_Monsoon_Norwester,225.88,83.85,56.79,26.63,84.93,100.11,145.04,90.08,92.08,51.4,12.94,40.53,0.28,101.07,104.45,1.773,3
MOES-TRN-1162,2018-10-24T03:00:00Z,GRID-WAY-03,Western_Ghats_Orographic_Surge,258.29,23.2,43.01,12.26,19.72,20.7,12.02,84.03,55.54,780.0,15.11,74.39,0.28,19.79,2.68,0.248,0
MOES-TRN-1163,2018-10-24T06:00:00Z,GRID-DEL-05,Scattered_Convective_Cell,188.0,171.65,57.54,47.84,153.82,178.11,183.36,92.32,97.56,212.0,11.48,42.96,0.39,156.89,173.97,2.758,3
MOES-TRN-1164,2018-10-24T09:00:00Z,GRID-KOL-06,Bay_Cyclone_Spiral_Band,258.73,31.06,48.03,16.76,30.49,30.07,65.23,90.13,71.59,6.1,14.55,75.5,2.24,32.48,24.65,0.368,1
MOES-TRN-1165,2018-10-24T12:00:00Z,GRID-MUM-01,Moderate_Monsoon_Spell,216.6,90.38,53.33,33.38,94.33,78.02,284.33,95.42,99.39,4.2,15.24,37.57,4.33,86.36,135.23,3.147,3
MOES-TRN-1166,2018-10-24T15:00:00Z,GRID-CHE-04,Stratiform_Monsoon_Rain,188.0,157.96,59.44,42.97,153.57,150.12,199.2,92.5,92.29,5.8,13.51,41.91,1.31,165.22,186.21,3.074,3
MOES-TRN-1167,2018-10-24T18:00:00Z,GRID-GUW-02,Brahmaputra_Trough_Convection,251.76,35.35,47.19,17.24,40.93,31.71,47.54,86.37,58.79,51.4,13.6,64.45,0.09,36.04,18.85,0.274,1
MOES-TRN-1168,2018-10-24T21:00:00Z,GRID-WAY-03,Light_Orographic_Spell,205.65,122.16,57.87,40.14,117.64,125.79,300.56,86.54,88.78,780.0,15.47,21.21,0.28,130.16,155.71,3.173,3
MOES-TRN-1169,2018-10-25T00:00:00Z,GRID-DEL-05,Urban_Heat_Island_Downpour,248.78,53.11,51.32,17.73,50.27,58.0,40.33,88.49,73.61,212.0,12.03,55.94,0.05,54.53,35.9,0.34,1
MOES-TRN-1170,2018-10-25T03:00:00Z,GRID-KOL-06,Gangetic_West_Bengal_Deep_Depression,269.83,9.59,38.46,10.65,8.48,5.09,27.52,85.28,41.02,6.1,14.29,75.7,2.0,8.42,0.66,0.167,0
MOES-TRN-1171,2018-10-25T06:00:00Z,GRID-MUM-01,Arabian_Sea_Monsoon_Surge,259.22,18.25,44.01,9.3,18.25,16.96,31.6,89.02,37.75,4.2,14.3,90.27,2.56,18.8,7.48,0.3,1
MOES-TRN-1172,2018-10-25T09:00:00Z,GRID-CHE-04,Northeast_Monsoon_Depression,258.04,29.85,48.93,15.96,34.37,39.46,58.02,89.96,60.62,5.8,13.69,61.39,1.62,36.69,26.59,0.274,1
MOES-TRN-1173,2018-10-25T12:00:00Z,GRID-GUW-02,Pre_Monsoon_Norwester,240.99,60.03,50.81,23.65,61.05,66.47,109.52,90.06,88.73,51.4,13.18,38.7,0.02,59.6,57.45,0.963,2
MOES-TRN-1174,2018-10-25T15:00:00Z,GRID-WAY-03,Monsoon_Vortex_Feeder_Band,234.98,69.34,52.84,23.89,68.96,65.46,88.74,85.68,83.7,780.0,15.09,49.91,0.35,69.89,53.08,0.906,2
MOES-TRN-1175,2018-10-25T18:00:00Z,GRID-DEL-05,Yamuna_Catchment_Surge,239.49,50.81,50.45,22.77,58.82,66.37,95.05,89.87,75.39,212.0,11.42,59.48,0.27,56.37,51.11,0.673,2
MOES-TRN-1176,2018-10-25T21:00:00Z,GRID-KOL-06,Monsoon_Trough_Pass,207.79,114.3,55.4,38.15,107.16,111.65,133.74,94.1,95.42,6.1,13.88,18.06,2.9,108.51,120.5,2.267,3
MOES-TRN-1177,2018-10-26T00:00:00Z,GRID-MUM-01,Mesoscale_Convective_System,226.11,83.91,54.85,27.67,79.1,69.43,107.39,93.53,82.01,4.2,14.77,54.18,3.78,84.49,89.56,1.688,3
MOES-TRN-1178,2018-10-26T03:00:00Z,GRID-CHE-04,Stratiform_Monsoon_Rain,203.77,138.63,56.55,40.25,118.99,130.11,259.83,94.87,99.28,5.8,13.83,22.92,2.17,125.57,167.21,3.168,3
MOES-TRN-1179,2018-10-26T06:00:00Z,GRID-GUW-02,Meghalaya_Orographic_Cloudburst,274.3,11.63,41.1,15.82,13.93,11.21,26.42,82.85,39.26,51.4,13.17,91.79,0.09,13.05,1.14,0.159,0
MOES-TRN-1180,2018-10-26T09:00:00Z,GRID-WAY-03,Light_Orographic_Spell,230.6,80.59,54.54,26.25,89.04,87.48,214.08,86.24,91.29,780.0,15.41,29.01,0.12,88.9,97.13,2.051,3
MOES-TRN-1181,2018-10-26T12:00:00Z,GRID-DEL-05,Scattered_Convective_Cell,199.32,116.58,54.63,38.99,123.67,135.51,243.6,90.05,89.58,212.0,11.08,19.99,0.17,114.9,138.94,2.561,3
MOES-TRN-1182,2018-10-26T15:00:00Z,GRID-KOL-06,Gangetic_West_Bengal_Deep_Depression,275.81,2.71,32.84,7.74,5.09,0.0,23.9,87.77,50.35,6.1,15.04,70.93,2.18,3.69,0.09,0.213,0
MOES-TRN-1183,2018-10-26T18:00:00Z,GRID-MUM-01,Arabian_Sea_Monsoon_Surge,265.67,26.39,42.07,15.51,24.66,14.46,8.3,89.81,57.94,4.2,15.35,88.5,2.82,20.59,6.09,0.348,1
MOES-TRN-1184,2018-10-26T21:00:00Z,GRID-CHE-04,Stratiform_Monsoon_Rain,216.34,99.1,55.81,29.08,93.9,111.9,161.36,94.05,90.18,5.8,14.02,26.78,2.86,103.11,121.04,2.298,3
MOES-TRN-1185,2018-10-27T00:00:00Z,GRID-GUW-02,Brahmaputra_Trough_Convection,257.04,24.42,47.58,14.0,21.7,26.95,36.43,88.26,77.74,51.4,13.2,52.06,0.28,26.9,12.8,0.193,0
MOES-TRN-1186,2018-10-27T03:00:00Z,GRID-WAY-03,Light_Orographic_Spell,220.06,73.52,52.5,30.37,88.03,100.91,283.78,87.71,98.01,780.0,14.96,30.83,0.04,81.63,108.68,2.374,3
MOES-TRN-1187,2018-10-27T06:00:00Z,GRID-DEL-05,Yamuna_Catchment_Surge,225.69,87.55,53.78,24.88,82.08,98.63,112.21,91.57,88.47,212.0,12.03,56.92,0.13,85.81,86.66,1.291,3
MOES-TRN-1188,2018-10-27T09:00:00Z,GRID-KOL-06,Bay_Cyclone_Spiral_Band,259.11,34.13,46.31,18.82,34.65,38.11,65.9,90.94,66.51,6.1,14.37,73.06,1.27,33.11,26.68,0.346,1
MOES-TRN-1189,2018-10-27T12:00:00Z,GRID-MUM-01,Offshore_Trough_Cloudburst,246.04,45.12,47.84,16.54,44.05,55.37,59.07,90.99,71.01,4.2,15.33,52.09,3.38,43.11,34.22,0.77,2
MOES-TRN-1190,2018-10-27T15:00:00Z,GRID-CHE-04,Northeast_Monsoon_Depression,256.87,35.25,49.59,15.89,36.66,32.07,39.38,92.16,77.62,5.8,13.63,61.69,3.24,38.73,28.69,0.476,1
MOES-TRN-1191,2018-10-27T18:00:00Z,GRID-GUW-02,Meghalaya_Orographic_Cloudburst,272.07,0.0,30.02,7.33,4.63,1.66,20.88,84.41,41.1,51.4,13.37,83.29,0.26,2.87,0.0,0.134,0
MOES-TRN-1192,2018-10-27T21:00:00Z,GRID-WAY-03,Low_Level_Jet_Extreme_Rain,260.87,27.66,47.21,15.97,33.42,37.23,42.16,83.84,77.25,780.0,14.62,76.64,0.0,32.75,12.8,0.273,1
MOES-TRN-1193,2018-10-28T00:00:00Z,GRID-DEL-05,Western_Disturbance_Monsoon_Interaction,271.99,12.33,36.54,8.18,11.22,14.28,30.87,87.51,61.8,212.0,11.04,68.08,0.37,10.48,2.17,0.069,0
MOES-TRN-1194,2018-10-28T03:00:00Z,GRID-KOL-06,Hooghly_Spring_Tide_Downpour,251.4,55.91,49.36,17.57,48.96,48.71,111.03,92.17,92.23,6.1,14.89,57.7,4.05,48.56,52.25,1.198,3
MOES-TRN-1195,2018-10-28T06:00:00Z,GRID-MUM-01,Arabian_Sea_Monsoon_Surge,265.79,18.08,44.69,12.02,20.18,19.81,3.97,89.17,48.23,4.2,14.81,71.02,4.24,20.58,5.06,0.568,1
MOES-TRN-1196,2018-10-28T09:00:00Z,GRID-CHE-04,Coastal_Squall_Line,231.65,74.28,52.71,23.46,71.64,65.81,74.0,92.34,81.08,5.8,13.64,40.17,3.07,71.31,66.56,1.19,3
MOES-TRN-1197,2018-10-28T12:00:00Z,GRID-GUW-02,Meghalaya_Orographic_Cloudburst,275.92,9.49,39.29,8.12,9.37,18.47,33.24,81.26,35.29,51.4,13.08,90.21,0.32,11.0,0.67,0.185,0
MOES-TRN-1198,2018-10-28T15:00:00Z,GRID-WAY-03,Monsoon_Vortex_Feeder_Band,237.36,70.07,52.52,24.5,72.16,60.91,145.64,85.89,77.79,780.0,15.08,40.31,0.01,69.51,64.38,1.263,3
MOES-TRN-1199,2018-10-28T18:00:00Z,GRID-DEL-05,Yamuna_Catchment_Surge,240.72,58.35,53.96,21.21,59.59,59.43,110.34,88.77,79.96,212.0,11.36,45.82,0.09,67.81,62.29,0.98,2
MOES-TRN-1200,2018-10-28T21:00:00Z,GRID-KOL-06,Gangetic_West_Bengal_Deep_Depression,267.98,14.72,41.27,11.67,9.81,12.53,26.98,86.49,40.55,6.1,14.19,89.37,3.76,12.27,2.11,0.549,1
MOES-TRN-1201,2018-10-29T00:00:00Z,GRID-MUM-01,Mesoscale_Convective_System,231.35,75.71,53.44,27.37,70.7,78.29,104.17,93.28,88.84,4.2,14.95,59.48,1.33,75.46,79.37,1.307,3
MOES-TRN-1202,2018-10-29T03:00:00Z,GRID-CHE-04,Northeast_Monsoon_Depression,264.39,25.95,45.87,14.45,23.32,27.82,30.94,90.74,80.21,5.8,13.58,67.25,3.7,25.5,13.86,0.462,1
MOES-TRN-1203,2018-10-29T06:00:00Z,GRID-GUW-02,Valley_Monsoon_Shower,206.63,124.31,56.53,36.59,119.1,107.03,196.34,90.12,95.31,51.4,13.76,27.05,0.19,119.98,133.93,2.493,3
MOES-TRN-1204,2018-10-29T09:00:00Z,GRID-WAY-03,Light_Orographic_Spell,198.48,119.97,54.8,44.22,137.46,147.03,208.07,86.73,92.72,780.0,15.07,37.82,0.25,123.07,129.76,2.42,3
MOES-TRN-1205,2018-10-29T12:00:00Z,GRID-DEL-05,Yamuna_Catchment_Surge,242.56,57.39,53.38,20.34,63.32,57.08,76.9,90.61,78.85,212.0,12.05,50.42,0.13,66.55,58.51,0.785,2
MOES-TRN-1206,2018-10-29T15:00:00Z,GRID-KOL-06,Bay_Cyclone_Spiral_Band,252.65,42.44,49.63,23.22,41.91,51.07,59.2,92.09,70.2,6.1,14.32,73.55,3.63,44.63,37.81,0.678,2
MOES-TRN-1207,2018-10-29T18:00:00Z,GRID-MUM-01,Moderate_Monsoon_Spell,201.8,111.7,56.88,39.56,124.02,139.48,255.06,92.7,90.68,4.2,14.41,20.54,1.62,126.4,160.52,3.027,3
MOES-TRN-1208,2018-10-29T21:00:00Z,GRID-CHE-04,Stratiform_Monsoon_Rain,188.0,134.15,58.34,40.28,144.83,122.03,262.54,91.86,91.83,5.8,14.28,19.43,4.01,145.27,178.32,3.658,3
MOES-TRN-1209,2018-10-30T00:00:00Z,GRID-GUW-02,Meghalaya_Orographic_Cloudburst,265.29,13.66,43.64,7.84,16.74,12.33,16.59,82.36,39.72,51.4,13.62,91.96,0.35,16.5,1.35,0.127,0
MOES-TRN-1210,2018-10-30T03:00:00Z,GRID-WAY-03,Low_Level_Jet_Extreme_Rain,251.54,38.72,48.31,20.44,45.19,31.72,44.56,84.27,70.2,780.0,14.73,52.95,0.13,40.01,18.54,0.302,1
MOES-TRN-1211,2018-10-30T06:00:00Z,GRID-DEL-05,Scattered_Convective_Cell,200.8,121.36,53.39,35.59,112.05,122.94,251.4,90.32,90.13,212.0,11.72,20.18,0.33,104.56,131.29,2.485,3
MOES-TRN-1212,2018-10-30T09:00:00Z,GRID-KOL-06,Monsoon_Trough_Pass,214.77,108.22,58.51,32.04,96.92,100.54,187.01,92.61,92.97,6.1,14.8,29.38,2.96,121.15,140.27,2.714,3
MOES-TRN-1213,2018-10-30T12:00:00Z,GRID-MUM-01,Offshore_Trough_Cloudburst,255.25,37.91,47.39,12.49,34.16,34.94,57.68,93.87,79.18,4.2,14.71,66.83,3.72,34.63,31.95,0.702,2
MOES-TRN-1214,2018-10-30T15:00:00Z,GRID-CHE-04,Coastal_Squall_Line,244.63,50.37,52.53,19.14,54.2,52.45,149.6,92.51,85.76,5.8,14.3,39.0,1.3,58.41,70.57,1.382,3
MOES-TRN-1215,2018-10-30T18:00:00Z,GRID-GUW-02,Valley_Monsoon_Shower,188.0,139.42,58.32,45.34,156.76,155.23,172.38,91.22,98.12,51.4,13.16,20.99,0.11,155.13,166.53,2.959,3
MOES-TRN-1216,2018-10-30T21:00:00Z,GRID-WAY-03,Monsoon_Vortex_Feeder_Band,230.26,71.24,48.93,26.7,75.83,78.6,99.2,86.96,91.36,780.0,14.8,41.71,0.21,64.56,53.09,0.981,2
MOES-TRN-1217,2018-10-31T00:00:00Z,GRID-DEL-05,Yamuna_Catchment_Surge,229.58,71.67,51.58,27.27,75.57,89.36,71.53,89.98,88.9,212.0,11.56,60.43,0.03,72.24,61.27,0.745,2
MOES-TRN-1218,2018-10-31T03:00:00Z,GRID-KOL-06,Hooghly_Spring_Tide_Downpour,239.14,71.8,51.38,24.08,63.17,61.67,145.9,90.67,77.18,6.1,13.96,45.85,3.97,63.1,69.72,1.611,3
MOES-TRN-1219,2018-10-31T06:00:00Z,GRID-MUM-01,Moderate_Monsoon_Spell,205.96,110.96,56.11,32.7,116.12,103.91,279.49,95.1,88.69,4.2,14.89,47.84,3.65,113.89,160.61,3.269,3
MOES-TRN-1220,2018-10-31T09:00:00Z,GRID-CHE-04,Northeast_Monsoon_Depression,261.55,23.29,46.26,14.33,25.44,26.71,39.83,91.12,68.3,5.8,14.05,71.05,3.71,26.21,16.46,0.486,1
MOES-TRN-1221,2018-10-31T12:00:00Z,GRID-GUW-02,Pre_Monsoon_Norwester,246.29,45.81,50.99,18.08,49.4,45.13,65.46,87.66,77.27,51.4,12.73,36.74,0.09,50.36,35.55,0.54,1
MOES-TRN-1222,2018-10-31T15:00:00Z,GRID-WAY-03,Light_Orographic_Spell,188.0,133.08,56.01,44.68,142.98,161.41,291.64,88.04,91.05,780.0,15.19,27.04,0.24,135.17,163.17,3.221,3
MOES-TRN-1223,2018-10-31T18:00:00Z,GRID-DEL-05,Urban_Heat_Island_Downpour,260.86,27.6,46.67,15.48,30.76,31.01,36.46,88.86,76.83,212.0,11.51,65.36,0.0,30.09,15.85,0.129,0
MOES-TRN-1224,2018-10-31T21:00:00Z,GRID-KOL-06,Bay_Cyclone_Spiral_Band,257.31,28.52,41.98,13.01,26.15,26.66,26.8,90.84,79.6,6.1,13.63,74.31,3.59,23.14,11.55,0.458,1
MOES-TRN-1225,2018-11-01T00:00:00Z,GRID-MUM-01,Mesoscale_Convective_System,225.37,73.05,54.89,29.87,82.77,85.72,108.05,93.6,89.32,4.2,14.57,45.14,3.6,86.58,91.95,1.774,3
MOES-TRN-1226,2018-11-01T03:00:00Z,GRID-CHE-04,Stratiform_Monsoon_Rain,215.13,109.27,55.99,31.21,105.93,96.78,223.07,91.46,88.62,5.8,13.97,33.04,3.26,108.13,131.95,2.682,3
MOES-TRN-1227,2018-11-01T06:00:00Z,GRID-GUW-02,Valley_Monsoon_Shower,204.11,116.7,54.4,35.7,117.93,115.48,289.57,90.76,93.88,51.4,12.11,20.71,0.02,108.95,145.07,2.831,3
MOES-TRN-1228,2018-11-01T09:00:00Z,GRID-WAY-03,Low_Level_Jet_Extreme_Rain,249.98,32.74,49.32,13.07,43.12,49.49,79.35,84.47,67.52,780.0,14.83,66.79,0.17,42.67,26.45,0.387,1
MOES-TRN-1229,2018-11-01T12:00:00Z,GRID-DEL-05,Western_Disturbance_Monsoon_Interaction,268.57,19.49,42.01,12.79,13.27,17.75,28.7,84.77,36.98,212.0,12.12,71.56,0.18,15.57,2.79,0.124,0
MOES-TRN-1230,2018-11-01T15:00:00Z,GRID-KOL-06,Bay_Cyclone_Spiral_Band,252.76,35.11,47.67,17.92,35.43,30.77,82.13,90.21,65.53,6.1,14.15,69.09,3.78,34.51,29.68,0.677,2
MOES-TRN-1231,2018-11-01T18:00:00Z,GRID-MUM-01,Mesoscale_Convective_System,231.35,66.66,51.73,26.47,74.48,67.98,90.82,93.38,86.75,4.2,14.72,55.94,3.75,68.44,69.95,1.365,3
MOES-TRN-1232,2018-11-01T21:00:00Z,GRID-CHE-04,Northeast_Monsoon_Depression,255.39,43.4,48.14,14.3,39.64,44.29,79.04,91.54,80.76,5.8,13.42,74.34,4.12,40.12,36.57,0.752,2
MOES-TRN-1233,2018-11-02T00:00:00Z,GRID-GUW-02,Brahmaputra_Trough_Convection,254.04,50.56,48.27,19.57,44.05,43.41,52.49,87.36,62.13,51.4,13.87,65.46,0.15,43.04,26.57,0.277,1
MOES-TRN-1234,2018-11-02T03:00:00Z,GRID-WAY-03,Low_Level_Jet_Extreme_Rain,256.96,30.63,48.3,21.87,39.27,37.59,39.15,85.56,79.42,780.0,15.1,60.62,0.15,37.27,17.36,0.288,1
MOES-TRN-1235,2018-11-02T06:00:00Z,GRID-DEL-05,Yamuna_Catchment_Surge,240.31,62.33,49.67,19.17,57.42,49.36,109.99,90.32,84.69,212.0,11.76,59.06,0.39,53.54,52.52,0.734,2
MOES-TRN-1236,2018-11-02T09:00:00Z,GRID-KOL-06,Hooghly_Spring_Tide_Downpour,231.33,75.03,55.24,29.09,67.78,66.16,129.14,93.05,79.86,6.1,14.58,53.75,2.59,80.1,88.64,1.561,3
MOES-TRN-1237,2018-11-02T12:00:00Z,GRID-MUM-01,Arabian_Sea_Monsoon_Surge,270.37,8.51,39.72,11.75,12.26,11.72,2.99,88.8,48.83,4.2,14.4,76.87,2.98,11.2,0.79,0.272,1
MOES-TRN-1238,2018-11-02T15:00:00Z,GRID-CHE-04,Stratiform_Monsoon_Rain,218.05,87.47,54.23,27.91,104.4,73.52,219.59,92.24,95.06,5.8,13.68,27.09,2.33,92.57,118.13,2.341,3
MOES-TRN-1239,2018-11-02T18:00:00Z,GRID-GUW-02,Brahmaputra_Trough_Convection,256.02,31.92,48.48,17.94,31.42,35.65,40.91,86.55,60.01,51.4,13.27,74.43,0.18,34.55,16.92,0.254,1
MOES-TRN-1240,2018-11-02T21:00:00Z,GRID-WAY-03,Western_Ghats_Orographic_Surge,266.44,6.41,37.82,16.44,7.78,4.73,17.75,83.24,57.56,780.0,15.13,69.95,0.12,7.34,0.02,0.249,0
MOES-TRN-1241,2018-11-03T00:00:00Z,GRID-DEL-05,Scattered_Convective_Cell,208.24,91.72,53.67,32.47,108.5,102.6,270.79,91.65,89.77,212.0,11.79,24.4,0.21,96.67,131.53,2.587,3
MOES-TRN-1242,2018-11-03T03:00:00Z,GRID-KOL-06,Gangetic_West_Bengal_Deep_Depression,280.91,2.71,35.02,6.39,3.59,3.71,3.45,86.61,38.39,6.1,14.41,75.2,2.64,4.12,0.0,0.219,0
MOES-TRN-1243,2018-11-03T06:00:00Z,GRID-MUM-01,Arabian_Sea_Monsoon_Surge,274.5,9.37,37.41,9.52,8.4,11.44,25.63,91.51,54.14,4.2,14.69,90.82,3.51,8.83,2.86,0.476,1
MOES-TRN-1244,2018-11-03T09:00:00Z,GRID-CHE-04,Northeast_Monsoon_Depression,257.49,34.67,46.48,17.22,34.3,39.87,47.04,88.95,73.28,5.8,14.21,54.21,3.4,33.53,20.42,0.491,1
MOES-TRN-1245,2018-11-03T12:00:00Z,GRID-GUW-02,Meghalaya_Orographic_Cloudburst,266.57,14.21,40.27,16.14,12.84,14.67,18.37,84.88,59.2,51.4,13.37,71.73,0.13,13.04,1.21,0.099,0
MOES-TRN-1246,2018-11-03T15:00:00Z,GRID-WAY-03,Low_Level_Jet_Extreme_Rain,257.63,28.64,42.87,14.34,25.7,24.07,34.05,86.07,74.89,780.0,15.25,72.0,0.33,23.29,8.0,0.26,1
MOES-TRN-1247,2018-11-03T18:00:00Z,GRID-DEL-05,Yamuna_Catchment_Surge,238.04,56.26,50.49,24.27,62.83,55.33,121.61,91.22,91.85,212.0,11.58,61.07,0.12,57.33,60.51,0.816,2
MOES-TRN-1248,2018-11-03T21:00:00Z,GRID-KOL-06,Hooghly_Spring_Tide_Downpour,250.04,46.52,49.31,21.06,50.44,53.5,95.89,92.89,85.28,6.1,14.02,58.25,3.02,48.18,50.4,0.953,2
MOES-TRN-1249,2018-11-04T00:00:00Z,GRID-MUM-01,Offshore_Trough_Cloudburst,256.11,33.22,49.73,17.58,33.9,29.2,53.05,91.85,78.96,4.2,14.61,52.66,1.99,37.26,29.46,0.487,1
MOES-TRN-1250,2018-11-04T03:00:00Z,GRID-CHE-04,Coastal_Squall_Line,235.57,60.19,50.48,22.85,65.03,69.1,151.24,92.26,88.87,5.8,13.54,38.34,4.02,60.7,72.49,1.668,3
MOES-TRN-1251,2018-11-04T06:00:00Z,GRID-GUW-02,Pre_Monsoon_Norwester,236.88,70.55,53.78,24.8,77.53,76.55,90.6,87.28,77.59,51.4,12.21,48.64,0.3,78.27,64.5,0.953,2
MOES-TRN-1252,2018-11-04T09:00:00Z,GRID-WAY-03,Low_Level_Jet_Extreme_Rain,259.33,33.25,46.77,11.77,29.69,33.19,75.55,85.59,75.91,780.0,14.91,53.09,0.17,31.02,18.66,0.404,1
MOES-TRN-1253,2018-11-04T12:00:00Z,GRID-DEL-05,Urban_Heat_Island_Downpour,255.24,31.31,49.3,19.99,34.56,33.31,62.49,88.4,66.1,212.0,11.51,55.16,0.11,36.88,25.0,0.235,0
MOES-TRN-1254,2018-11-04T15:00:00Z,GRID-KOL-06,Hooghly_Spring_Tide_Downpour,240.27,65.65,51.44,25.46,53.88,62.98,153.51,92.67,83.46,6.1,14.81,41.35,4.55,58.95,72.33,1.801,3
MOES-TRN-1255,2018-11-04T18:00:00Z,GRID-MUM-01,Arabian_Sea_Monsoon_Surge,272.65,13.89,41.86,12.11,12.78,9.67,20.69,89.44,43.52,4.2,15.18,76.05,3.22,13.25,3.34,0.424,1
MOES-TRN-1256,2018-11-04T21:00:00Z,GRID-CHE-04,Coastal_Squall_Line,239.47,61.46,51.84,23.18,73.04,72.78,151.42,91.8,83.49,5.8,13.76,57.02,2.6,68.05,78.44,1.404,3
MOES-TRN-1257,2018-11-05T00:00:00Z,GRID-GUW-02,Pre_Monsoon_Norwester,225.11,83.75,53.15,25.27,80.92,70.93,121.76,87.39,79.39,51.4,13.27,38.89,0.04,78.58,71.35,1.236,3
MOES-TRN-1258,2018-11-05T03:00:00Z,GRID-WAY-03,Monsoon_Vortex_Feeder_Band,242.58,47.21,49.88,20.76,55.06,45.89,145.62,86.01,77.26,780.0,14.46,43.6,0.23,50.18,47.44,0.95,2
MOES-TRN-1259,2018-11-05T06:00:00Z,GRID-DEL-05,Scattered_Convective_Cell,199.74,104.47,57.08,36.79,120.15,134.56,269.18,91.9,94.06,212.0,11.57,46.0,0.35,124.33,159.18,2.847,3
MOES-TRN-1260,2018-11-05T09:00:00Z,GRID-KOL-06,Hooghly_Spring_Tide_Downpour,232.46,60.09,53.63,22.34,61.51,52.91,113.3,93.2,86.38,6.1,14.56,45.21,2.44,66.65,72.56,1.328,3
MOES-TRN-1261,2018-11-05T12:00:00Z,GRID-MUM-01,Arabian_Sea_Monsoon_Surge,277.87,4.3,32.82,6.98,4.71,1.03,30.03,89.09,43.25,4.2,14.83,70.2,2.74,3.94,0.53,0.404,1
MOES-TRN-1262,2018-11-05T15:00:00Z,GRID-CHE-04,Stratiform_Monsoon_Rain,198.75,144.24,55.65,41.64,131.84,156.82,153.9,94.21,97.25,5.8,13.35,26.0,3.46,130.19,146.71,2.675,3
MOES-TRN-1263,2018-11-05T18:00:00Z,GRID-GUW-02,Pre_Monsoon_Norwester,241.84,45.26,49.67,23.53,55.26,44.27,117.51,88.71,81.92,51.4,13.35,44.16,0.23,49.27,46.69,0.82,2
MOES-TRN-1264,2018-11-05T21:00:00Z,GRID-WAY-03,Monsoon_Vortex_Feeder_Band,252.34,48.16,49.76,23.77,48.64,48.75,112.17,86.0,79.66,780.0,14.76,55.3,0.33,48.04,39.26,0.706,2
MOES-TRN-1265,2018-11-06T00:00:00Z,GRID-DEL-05,Western_Disturbance_Monsoon_Interaction,274.17,12.97,41.51,13.66,13.08,17.34,25.94,85.3,50.17,212.0,11.61,73.01,0.25,14.05,2.21,0.057,0
MOES-TRN-1266,2018-11-06T03:00:00Z,GRID-KOL-06,Monsoon_Trough_Pass,188.0,152.86,57.91,43.12,162.19,135.87,136.25,95.11,99.38,6.1,14.18,37.9,1.22,153.71,168.89,2.785,3
MOES-TRN-1267,2018-11-06T06:00:00Z,GRID-MUM-01,Mesoscale_Convective_System,236.55,55.54,50.59,23.54,63.45,65.58,153.48,93.73,89.7,4.2,14.66,38.16,3.19,59.12,75.2,1.6,3
MOES-TRN-1268,2018-11-06T09:00:00Z,GRID-CHE-04,Stratiform_Monsoon_Rain,202.21,135.69,56.01,33.81,124.02,141.07,159.68,92.39,91.48,5.8,14.3,42.0,3.79,125.56,138.05,2.668,3
MOES-TRN-1269,2018-11-06T12:00:00Z,GRID-GUW-02,Pre_Monsoon_Norwester,232.89,62.68,52.49,23.63,71.12,55.91,113.56,89.5,91.77,51.4,13.45,38.65,0.37,67.15,64.03,1.122,2
MOES-TRN-1270,2018-11-06T15:00:00Z,GRID-WAY-03,Monsoon_Vortex_Feeder_Band,225.67,84.12,54.43,29.8,81.98,75.67,142.84,87.09,81.54,780.0,15.23,45.92,0.11,84.63,80.56,1.532,3
MOES-TRN-1271,2018-11-06T18:00:00Z,GRID-DEL-05,Yamuna_Catchment_Surge,247.66,46.45,51.06,17.92,50.62,48.03,138.82,90.4,92.31,212.0,11.74,52.37,0.23,51.52,56.71,0.94,2
MOES-TRN-1272,2018-11-06T21:00:00Z,GRID-KOL-06,Gangetic_West_Bengal_Deep_Depression,269.99,13.01,36.0,8.73,9.29,8.03,30.82,88.62,58.16,6.1,14.01,75.83,3.19,8.81,1.97,0.404,1
MOES-TRN-1273,2018-11-07T00:00:00Z,GRID-MUM-01,Moderate_Monsoon_Spell,221.66,95.41,55.35,33.24,96.36,99.2,255.44,93.37,88.05,4.2,14.52,33.83,3.24,99.37,135.83,2.844,3
MOES-TRN-1274,2018-11-07T03:00:00Z,GRID-CHE-04,Stratiform_Monsoon_Rain,197.06,131.12,57.97,41.88,134.57,119.43,131.08,91.73,88.49,5.8,13.8,28.44,3.01,137.83,142.02,2.537,3
MOES-TRN-1275,2018-11-07T06:00:00Z,GRID-GUW-02,Brahmaputra_Trough_Convection,243.06,38.88,48.85,13.62,42.74,46.85,30.57,85.19,78.06,51.4,12.34,67.62,0.14,42.21,19.08,0.096,0
MOES-TRN-1276,2018-11-07T09:00:00Z,GRID-WAY-03,Western_Ghats_Orographic_Surge,262.46,13.16,41.72,10.74,13.98,19.3,2.59,81.93,51.39,780.0,15.72,87.82,0.25,14.85,0.3,0.219,0
MOES-TRN-1277,2018-11-07T12:00:00Z,GRID-DEL-05,Yamuna_Catchment_Surge,231.87,78.89,53.31,26.85,70.45,78.12,102.55,88.81,77.66,212.0,11.24,60.78,0.33,75.37,67.83,0.82,2
MOES-TRN-1278,2018-11-07T15:00:00Z,GRID-KOL-06,Bay_Cyclone_Spiral_Band,262.41,31.92,46.73,14.51,31.12,24.73,68.8,91.35,77.79,6.1,13.65,66.13,4.08,30.12,25.36,0.63,2
MOES-TRN-1279,2018-11-07T18:00:00Z,GRID-MUM-01,Arabian_Sea_Monsoon_Surge,269.88,14.82,43.82,11.84,18.11,17.15,23.44,90.18,53.84,4.2,14.81,87.81,2.06,18.05,6.89,0.209,0
MOES-TRN-1280,2018-11-07T21:00:00Z,GRID-CHE-04,Bay_of_Bengal_Cyclonic_Landfall,268.62,19.51,42.82,17.17,17.45,13.98,12.61,88.01,47.99,5.8,14.63,77.08,4.35,17.25,3.6,0.617,2
MOES-TRN-1281,2018-11-08T00:00:00Z,GRID-GUW-02,Meghalaya_Orographic_Cloudburst,269.74,10.84,38.31,7.83,10.56,14.87,12.85,85.71,51.91,51.4,12.78,82.08,0.06,10.72,0.54,0.172,0
MOES-TRN-1282,2018-11-08T03:00:00Z,GRID-WAY-03,Light_Orographic_Spell,198.29,138.59,56.05,44.08,132.37,155.55,216.62,87.96,92.73,780.0,15.42,34.18,0.39,131.43,143.22,2.646,3
MOES-TRN-1283,2018-11-08T06:00:00Z,GRID-DEL-05,Urban_Heat_Island_Downpour,248.46,30.13,48.56,19.47,37.45,47.54,35.71,90.91,73.74,212.0,11.0,71.52,0.34,38.35,25.43,0.111,0
MOES-TRN-1284,2018-11-08T09:00:00Z,GRID-KOL-06,Hooghly_Spring_Tide_Downpour,244.86,61.36,50.67,20.52,58.95,74.56,104.71,91.42,85.95,6.1,14.39,60.91,2.48,59.8,59.82,0.959,2
MOES-TRN-1285,2018-11-08T12:00:00Z,GRID-MUM-01,Arabian_Sea_Monsoon_Surge,275.89,5.24,31.36,11.42,3.42,2.55,24.26,88.67,43.71,4.2,14.39,91.89,3.52,3.56,0.17,0.502,1
MOES-TRN-1286,2018-11-08T15:00:00Z,GRID-CHE-04,Bay_of_Bengal_Cyclonic_Landfall,270.51,0.74,35.82,9.2,5.47,6.58,34.61,87.28,49.68,5.8,14.02,80.82,4.45,5.14,0.68,0.68,2
MOES-TRN-1287,2018-11-08T18:00:00Z,GRID-GUW-02,Valley_Monsoon_Shower,217.4,97.68,56.29,29.95,87.13,89.26,130.5,89.65,90.02,51.4,12.67,21.98,0.38,99.72,98.9,1.748,3
MOES-TRN-1288,2018-11-08T21:00:00Z,GRID-WAY-03,Western_Ghats_Orographic_Surge,262.05,15.46,40.82,7.14,15.49,9.9,1.82,82.69,37.95,780.0,14.02,89.93,0.17,13.89,0.24,0.138,0
MOES-TRN-1289,2018-11-09T00:00:00Z,GRID-DEL-05,Yamuna_Catchment_Surge,237.55,63.56,52.0,24.87,66.24,66.22,68.47,89.72,82.29,212.0,10.71,57.34,0.34,65.36,53.67,0.587,1
MOES-TRN-1290,2018-11-09T03:00:00Z,GRID-KOL-06,Bay_Cyclone_Spiral_Band,255.94,28.59,44.31,13.29,26.87,31.39,51.24,91.43,74.71,6.1,13.99,68.48,3.45,26.04,18.8,0.451,1
MOES-TRN-1291,2018-11-09T06:00:00Z,GRID-MUM-01,Arabian_Sea_Monsoon_Surge,268.6,10.26,36.53,5.95,4.35,8.02,22.23,88.9,52.67,4.2,14.84,71.99,4.44,6.66,0.73,0.657,2
MOES-TRN-1292,2018-11-09T09:00:00Z,GRID-CHE-04,Northeast_Monsoon_Depression,264.53,34.25,47.08,14.73,27.88,31.29,75.75,89.07,62.22,5.8,13.95,58.7,2.85,30.68,23.39,0.417,1
MOES-TRN-1293,2018-11-09T12:00:00Z,GRID-GUW-02,Brahmaputra_Trough_Convection,262.67,28.36,46.05,19.4,27.0,28.23,73.17,87.08,72.75,51.4,13.24,61.26,0.01,27.56,17.67,0.278,1
MOES-TRN-1294,2018-11-09T15:00:00Z,GRID-WAY-03,Monsoon_Vortex_Feeder_Band,248.09,42.03,51.62,16.1,52.62,47.78,117.64,87.1,83.45,780.0,14.87,56.13,0.07,53.04,46.77,0.843,2
MOES-TRN-1295,2018-11-09T18:00:00Z,GRID-DEL-05,Urban_Heat_Island_Downpour,251.16,45.33,50.49,15.48,40.32,41.46,32.57,88.42,67.47,212.0,11.63,58.9,0.1,45.08,26.36,0.113,0
MOES-TRN-1296,2018-11-09T21:00:00Z,GRID-KOL-06,Hooghly_Spring_Tide_Downpour,231.7,76.88,51.79,21.66,69.02,68.19,148.1,90.9,78.65,6.1,14.4,49.92,1.27,68.21,75.62,1.358,3
MOES-TRN-1297,2018-11-10T00:00:00Z,GRID-MUM-01,Offshore_Trough_Cloudburst,246.43,44.15,49.18,19.55,48.45,49.55,38.15,90.6,74.66,4.2,14.58,61.17,3.47,46.24,32.18,0.615,2
MOES-TRN-1298,2018-11-10T03:00:00Z,GRID-CHE-04,Coastal_Squall_Line,234.21,68.79,50.79,24.62,74.65,75.75,107.92,89.23,75.31,5.8,13.95,37.84,2.87,67.4,62.48,1.243,3
MOES-TRN-1299,2018-11-10T06:00:00Z,GRID-GUW-02,Valley_Monsoon_Shower,201.3,139.84,55.44,37.64,128.69,123.46,249.16,90.72,91.3,51.4,14.02,34.18,0.3,122.63,149.66,2.806,3
MOES-TRN-1300,2018-11-10T09:00:00Z,GRID-WAY-03,Low_Level_Jet_Extreme_Rain,260.05,27.94,45.73,12.74,24.8,23.27,66.62,84.91,81.49,780.0,15.15,55.1,0.28,25.57,12.76,0.411,1
MOES-TRN-1301,2018-11-10T12:00:00Z,GRID-DEL-05,Western_Disturbance_Monsoon_Interaction,267.77,24.0,41.94,8.33,15.57,9.78,31.34,87.16,55.14,212.0,12.08,74.51,0.13,16.01,4.5,0.135,0
MOES-TRN-1302,2018-11-10T15:00:00Z,GRID-KOL-06,Monsoon_Trough_Pass,214.04,115.62,55.6,36.28,99.37,92.92,239.54,92.81,97.57,6.1,14.51,29.04,2.55,104.09,135.43,2.696,3
MOES-TRN-1303,2018-11-10T18:00:00Z,GRID-MUM-01,Offshore_Trough_Cloudburst,255.12,44.55,47.45,19.31,41.17,37.64,44.09,92.33,81.27,4.2,14.75,74.04,1.23,38.82,30.0,0.299,1
MOES-TRN-1304,2018-11-10T21:00:00Z,GRID-CHE-04,Northeast_Monsoon_Depression,260.56,26.49,45.4,9.53,23.1,16.55,75.0,91.32,72.04,5.8,14.57,73.79,3.89,23.35,20.74,0.659,2
MOES-TRN-1305,2018-11-11T00:00:00Z,GRID-GUW-02,Meghalaya_Orographic_Cloudburst,266.08,14.74,41.16,11.56,15.33,7.43,24.31,84.56,49.36,51.4,13.61,90.07,0.07,13.58,1.66,0.159,0
MOES-TRN-1306,2018-11-11T03:00:00Z,GRID-WAY-03,Monsoon_Vortex_Feeder_Band,229.95,71.41,53.28,26.39,69.91,63.4,72.63,86.97,82.5,780.0,15.0,40.33,0.32,71.82,54.37,0.916,2
MOES-TRN-1307,2018-11-11T06:00:00Z,GRID-DEL-05,Yamuna_Catchment_Surge,241.18,65.04,54.81,20.66,61.51,56.22,131.0,88.75,77.47,212.0,12.07,61.4,0.26,72.75,71.09,1.105,2
MOES-TRN-1308,2018-11-11T09:00:00Z,GRID-KOL-06,Bay_Cyclone_Spiral_Band,257.42,49.51,49.65,16.4,39.99,42.45,38.78,89.73,69.79,6.1,13.82,74.74,4.15,43.86,28.68,0.621,2
MOES-TRN-1309,2018-11-11T12:00:00Z,GRID-MUM-01,Moderate_Monsoon_Spell,215.67,80.41,54.23,27.9,93.63,102.01,217.75,95.71,96.87,4.2,14.69,42.72,3.9,91.33,126.46,2.638,3
MOES-TRN-1310,2018-11-11T15:00:00Z,GRID-CHE-04,Northeast_Monsoon_Depression,253.54,45.12,47.3,19.49,43.94,36.61,37.8,91.74,71.27,5.8,14.13,69.85,2.36,39.59,28.37,0.27,1
MOES-TRN-1311,2018-11-11T18:00:00Z,GRID-GUW-02,Brahmaputra_Trough_Convection,248.02,49.59,52.09,18.83,42.18,42.02,69.09,86.8,76.26,51.4,13.27,63.85,0.11,50.85,35.09,0.386,1
MOES-TRN-1312,2018-11-11T21:00:00Z,GRID-WAY-03,Monsoon_Vortex_Feeder_Band,244.34,57.52,52.88,20.22,56.34,53.38,100.5,86.45,80.57,780.0,15.17,35.61,0.19,61.62,49.67,0.948,2
MOES-TRN-1313,2018-11-12T00:00:00Z,GRID-DEL-05,Western_Disturbance_Monsoon_Interaction,274.73,11.11,36.19,11.42,6.6,4.53,17.28,86.25,49.87,212.0,11.64,69.79,0.22,7.05,0.18,0.035,0
MOES-TRN-1314,2018-11-12T03:00:00Z,GRID-KOL-06,Monsoon_Trough_Pass,194.06,117.25,57.3,41.68,134.08,149.68,225.86,94.19,88.97,6.1,14.67,38.8,2.25,135.18,167.32,2.978,3
MOES-TRN-1315,2018-11-12T06:00:00Z,GRID-MUM-01,Offshore_Trough_Cloudburst,258.84,20.41,46.23,13.33,25.96,26.42,35.23,90.42,69.14,4.2,15.29,55.83,1.45,25.88,14.47,0.279,1
MOES-TRN-1316,2018-11-12T09:00:00Z,GRID-CHE-04,Northeast_Monsoon_Depression,254.32,39.8,47.63,15.46,38.77,38.5,44.81,88.33,66.26,5.8,14.08,72.2,3.74,37.56,22.31,0.546,1
MOES-TRN-1317,2018-11-12T12:00:00Z,GRID-GUW-02,Brahmaputra_Trough_Convection,262.38,20.72,45.04,14.71,26.88,23.24,60.73,85.92,68.44,51.4,13.17,63.67,0.2,24.4,12.19,0.265,1
MOES-TRN-1318,2018-11-12T15:00:00Z,GRID-WAY-03,Light_Orographic_Spell,207.49,94.54,55.4,31.82,109.28,104.63,158.68,89.05,90.61,780.0,15.63,47.26,0.06,105.15,108.49,1.939,3
MOES-TRN-1319,2018-11-12T18:00:00Z,GRID-DEL-05,Urban_Heat_Island_Downpour,264.39,22.42,45.4,11.66,25.8,27.98,65.4,89.93,76.56,212.0,11.68,60.2,0.36,25.33,18.53,0.19,0
MOES-TRN-1320,2018-11-12T21:00:00Z,GRID-KOL-06,Gangetic_West_Bengal_Deep_Depression,272.82,13.81,41.84,13.44,14.28,17.22,24.62,89.29,56.2,6.1,14.3,84.65,3.83,14.86,4.51,0.51,1
MOES-TRN-1321,2018-11-13T00:00:00Z,GRID-MUM-01,Arabian_Sea_Monsoon_Surge,270.04,11.69,39.64,9.22,12.48,12.4,34.75,88.73,46.46,4.2,14.6,78.4,3.18,11.85,3.76,0.461,1
MOES-TRN-1322,2018-11-13T03:00:00Z,GRID-CHE-04,Northeast_Monsoon_Depression,262.13,23.23,46.55,15.21,24.54,29.69,53.8,89.87,79.1,5.8,14.5,55.5,4.38,26.67,17.49,0.697,2
MOES-TRN-1323,2018-11-13T06:00:00Z,GRID-GUW-02,Valley_Monsoon_Shower,202.92,114.87,55.88,36.49,116.29,95.37,170.25,90.25,94.33,51.4,13.78,38.42,0.37,112.21,121.13,2.142,3
MOES-TRN-1324,2018-11-13T09:00:00Z,GRID-WAY-03,Monsoon_Vortex_Feeder_Band,242.58,42.07,49.21,22.17,51.52,46.82,144.97,86.27,77.63,780.0,15.14,41.04,0.34,46.76,44.86,1.004,2
MOES-TRN-1325,2018-11-13T12:00:00Z,GRID-DEL-05,Western_Disturbance_Monsoon_Interaction,262.22,24.24,44.65,15.75,21.89,12.67,31.45,86.38,46.85,212.0,11.09,81.23,0.3,21.18,6.71,0.082,0
MOES-TRN-1326,2018-11-13T15:00:00Z,GRID-KOL-06,Hooghly_Spring_Tide_Downpour,229.54,73.84,52.41,23.14,68.65,60.44,112.21,93.06,90.26,6.1,14.1,54.12,4.06,68.37,73.63,1.551,3
MOES-TRN-1327,2018-11-13T18:00:00Z,GRID-MUM-01,Arabian_Sea_Monsoon_Surge,262.08,17.08,41.67,11.13,14.99,16.39,7.35,88.04,44.4,4.2,15.09,69.83,1.23,15.42,2.3,0.188,0
MOES-TRN-1328,2018-11-13T21:00:00Z,GRID-CHE-04,Bay_of_Bengal_Cyclonic_Landfall,266.45,22.56,44.38,15.96,18.81,23.06,11.18,86.15,42.29,5.8,13.86,88.77,4.21,20.92,4.12,0.5,1
MOES-TRN-1329,2018-11-14T00:00:00Z,GRID-GUW-02,Brahmaputra_Trough_Convection,251.97,51.62,53.24,19.66,46.45,42.15,60.21,88.14,72.83,51.4,13.15,77.53,0.27,56.61,40.86,0.385,1
MOES-TRN-1330,2018-11-14T03:00:00Z,GRID-WAY-03,Low_Level_Jet_Extreme_Rain,263.77,21.8,43.55,15.48,22.25,24.13,65.27,84.62,67.11,780.0,14.71,63.95,0.24,21.47,9.72,0.329,1
MOES-TRN-1331,2018-11-14T06:00:00Z,GRID-DEL-05,Scattered_Convective_Cell,190.71,136.86,56.68,41.26,145.42,135.76,132.23,90.34,89.86,212.0,11.44,26.88,0.17,136.83,137.27,2.221,3
MOES-TRN-1332,2018-11-14T09:00:00Z,GRID-KOL-06,Monsoon_Trough_Pass,189.5,131.57,54.54,40.34,135.61,156.42,184.87,93.24,99.03,6.1,14.53,19.35,3.06,124.41,144.86,2.823,3
MOES-TRN-1333,2018-11-14T12:00:00Z,GRID-MUM-01,Moderate_Monsoon_Spell,195.94,125.21,54.29,38.11,132.96,118.16,164.52,95.43,92.45,4.2,14.36,40.79,2.5,115.95,138.44,2.436,3
MOES-TRN-1334,2018-11-14T15:00:00Z,GRID-CHE-04,Bay_of_Bengal_Cyclonic_Landfall,277.72,2.19,30.42,9.19,4.33,5.1,30.04,89.23,57.98,5.8,14.36,69.37,1.52,3.64,0.49,0.256,1
MOES-TRN-1335,2018-11-14T18:00:00Z,GRID-GUW-02,Valley_Monsoon_Shower,188.0,158.59,59.29,45.75,156.53,131.45,302.65,88.15,90.87,51.4,13.52,42.19,0.16,162.49,192.65,3.534,3
MOES-TRN-1336,2018-11-14T21:00:00Z,GRID-WAY-03,Monsoon_Vortex_Feeder_Band,226.89,88.03,51.52,25.79,81.86,69.06,88.91,87.03,86.05,780.0,14.78,36.58,0.31,74.21,59.91,1.07,2
MOES-TRN-1337,2018-11-15T00:00:00Z,GRID-DEL-05,Western_Disturbance_Monsoon_Interaction,271.73,11.22,39.4,10.83,10.23,11.17,3.85,84.79,38.57,212.0,12.08,86.4,0.31,10.63,0.12,0.094,0
MOES-TRN-1338,2018-11-15T03:00:00Z,GRID-KOL-06,Bay_Cyclone_Spiral_Band,254.64,45.36,50.85,21.39,39.82,35.1,76.16,89.79,62.09,6.1,14.59,64.94,4.14,44.88,36.82,0.883,2
MOES-TRN-1339,2018-11-15T06:00:00Z,GRID-MUM-01,Moderate_Monsoon_Spell,227.07,77.4,53.88,29.4,82.34,67.16,191.7,93.72,95.96,4.2,14.87,18.28,2.75,80.26,104.15,2.186,3
MOES-TRN-1340,2018-11-15T09:00:00Z,GRID-CHE-04,Northeast_Monsoon_Depression,248.44,53.68,49.12,21.38,45.9,45.49,51.34,89.68,64.78,5.8,13.41,54.43,3.84,46.1,32.9,0.732,2
MOES-TRN-1341,2018-11-15T12:00:00Z,GRID-GUW-02,Valley_Monsoon_Shower,200.78,149.45,57.06,40.67,137.5,149.94,269.71,91.5,92.28,51.4,12.84,46.63,0.28,140.12,173.71,3.028,3
MOES-TRN-1342,2018-11-15T15:00:00Z,GRID-WAY-03,Western_Ghats_Orographic_Surge,268.86,17.62,41.46,8.73,12.7,17.0,24.95,84.09,63.61,780.0,15.0,83.11,0.0,14.58,1.87,0.269,1
MOES-TRN-1343,2018-11-15T18:00:00Z,GRID-DEL-05,Yamuna_Catchment_Surge,245.38,46.97,50.6,20.68,52.34,51.45,66.25,90.86,83.27,212.0,11.26,44.13,0.12,51.56,43.03,0.573,1
MOES-TRN-1344,2018-11-15T21:00:00Z,GRID-KOL-06,Monsoon_Trough_Pass,214.61,109.99,50.89,31.79,101.96,110.54,140.64,94.23,93.51,6.1,14.07,46.42,2.36,89.5,103.59,1.801,3
MOES-TRN-1345,2018-11-16T00:00:00Z,GRID-MUM-01,Arabian_Sea_Monsoon_Surge,274.47,5.97,33.87,9.63,5.47,2.02,33.05,88.65,50.84,4.2,14.48,86.81,4.06,4.84,0.83,0.592,1
MOES-TRN-1346,2018-11-16T03:00:00Z,GRID-CHE-04,Northeast_Monsoon_Depression,251.25,40.61,50.69,18.84,45.57,44.08,54.99,90.12,63.69,5.8,14.39,77.66,1.47,47.18,35.37,0.357,1
MOES-TRN-1347,2018-11-16T06:00:00Z,GRID-GUW-02,Brahmaputra_Trough_Convection,261.04,25.59,44.87,15.87,23.32,19.34,29.49,88.64,75.61,51.4,12.75,55.46,0.32,23.1,9.58,0.163,0
MOES-TRN-1348,2018-11-16T09:00:00Z,GRID-WAY-03,Light_Orographic_Spell,195.85,118.1,58.14,36.17,125.0,120.55,231.65,88.12,88.71,780.0,15.39,22.93,0.28,133.51,148.91,2.832,3
MOES-TRN-1349,2018-11-16T12:00:00Z,GRID-DEL-05,Western_Disturbance_Monsoon_Interaction,260.39,14.6,45.01,16.57,18.16,16.59,11.18,87.55,60.02,212.0,11.37,88.71,0.16,19.15,4.1,0.033,0
MOES-TRN-1350,2018-11-16T15:00:00Z,GRID-KOL-06,Hooghly_Spring_Tide_Downpour,235.71,68.36,49.9,25.36,66.57,55.05,150.85,94.6,89.22,6.1,13.73,36.97,1.23,59.29,77.08,1.441,3
MOES-TRN-1351,2018-11-16T18:00:00Z,GRID-MUM-01,Moderate_Monsoon_Spell,208.7,111.6,54.69,32.38,100.63,88.46,136.84,94.56,88.57,4.2,14.87,36.5,4.53,99.02,113.11,2.466,3
MOES-TRN-1352,2018-11-16T21:00:00Z,GRID-CHE-04,Bay_of_Bengal_Cyclonic_Landfall,271.27,7.79,40.92,9.97,15.37,7.7,9.6,87.12,45.33,5.8,13.82,72.39,3.95,12.38,1.1,0.425,1
MOES-TRN-1353,2018-11-17T00:00:00Z,GRID-GUW-02,Brahmaputra_Trough_Convection,257.01,34.75,47.05,17.11,32.91,29.38,61.55,88.13,68.35,51.4,12.8,77.72,0.25,32.35,20.82,0.279,1
MOES-TRN-1354,2018-11-17T03:00:00Z,GRID-WAY-03,Western_Ghats_Orographic_Surge,270.89,10.54,38.39,9.37,12.04,2.28,24.65,81.48,54.04,780.0,15.04,80.22,0.19,9.51,0.19,0.232,0
MOES-TRN-1355,2018-11-17T06:00:00Z,GRID-DEL-05,Scattered_Convective_Cell,204.47,109.24,55.38,34.47,117.71,127.99,196.33,92.3,94.26,212.0,11.93,22.98,0.3,113.9,134.23,2.437,3
MOES-TRN-1356,2018-11-17T09:00:00Z,GRID-KOL-06,Bay_Cyclone_Spiral_Band,261.1,19.66,46.51,14.25,20.12,28.18,33.22,92.59,74.77,6.1,13.11,73.03,4.51,24.15,15.72,0.569,1
MOES-TRN-1357,2018-11-17T12:00:00Z,GRID-MUM-01,Arabian_Sea_Monsoon_Surge,263.41,20.3,42.36,15.07,15.55,11.93,27.0,86.78,35.58,4.2,14.83,73.07,2.03,16.0,3.81,0.219,0
MOES-TRN-1358,2018-11-17T15:00:00Z,GRID-CHE-04,Northeast_Monsoon_Depression,258.9,34.95,48.41,17.91,36.85,43.3,67.56,89.51,67.25,5.8,14.59,59.29,1.21,38.04,28.72,0.357,1
MOES-TRN-1359,2018-11-17T18:00:00Z,GRID-GUW-02,Pre_Monsoon_Norwester,230.79,76.36,55.36,28.71,86.27,69.2,155.82,90.51,91.19,51.4,12.57,39.17,0.19,88.35,95.61,1.701,3
MOES-TRN-1360,2018-11-17T21:00:00Z,GRID-WAY-03,Low_Level_Jet_Extreme_Rain,263.26,23.35,45.83,12.39,22.91,27.3,27.85,84.68,67.3,780.0,14.9,75.53,0.03,24.8,6.98,0.289,1
MOES-TRN-1361,2018-11-18T00:00:00Z,GRID-DEL-05,Scattered_Convective_Cell,221.06,83.78,56.19,32.43,97.19,75.85,267.64,91.44,89.63,212.0,11.63,33.79,0.12,98.87,132.42,2.487,3
MOES-TRN-1362,2018-11-18T03:00:00Z,GRID-KOL-06,Monsoon_Trough_Pass,217.62,89.21,51.83,28.77,92.61,81.36,265.83,92.72,92.19,6.1,14.0,21.08,2.8,81.1,118.21,2.566,3
MOES-TRN-1363,2018-11-18T06:00:00Z,GRID-MUM-01,Offshore_Trough_Cloudburst,248.51,40.76,48.79,17.37,44.98,42.83,74.16,90.73,72.55,4.2,14.94,57.07,1.6,42.69,36.3,0.572,1
MOES-TRN-1364,2018-11-18T09:00:00Z,GRID-CHE-04,Bay_of_Bengal_Cyclonic_Landfall,274.07,8.7,34.59,8.53,7.51,0.91,4.12,87.88,38.67,5.8,13.38,70.19,2.39,6.07,0.0,0.153,0
MOES-TRN-1365,2018-11-18T12:00:00Z,GRID-GUW-02,Valley_Monsoon_Shower,203.41,122.81,57.79,38.2,122.68,108.84,238.05,89.81,88.66,51.4,12.8,30.69,0.35,129.22,151.07,2.706,3
MOES-TRN-1366,2018-11-18T15:00:00Z,GRID-WAY-03,Monsoon_Vortex_Feeder_Band,238.35,53.92,51.42,23.93,58.21,64.31,113.12,86.21,78.1,780.0,14.91,36.78,0.06,58.83,49.17,0.957,2
MOES-TRN-1367,2018-11-18T18:00:00Z,GRID-DEL-05,Urban_Heat_Island_Downpour,251.8,41.9,47.67,21.17,42.16,37.54,27.96,88.22,74.5,212.0,11.53,56.68,0.16,39.11,20.45,0.171,0
MOES-TRN-1368,2018-11-18T21:00:00Z,GRID-KOL-06,Hooghly_Spring_Tide_Downpour,239.48,48.84,50.3,19.83,49.95,50.3,114.79,91.99,83.96,6.1,13.94,56.57,3.18,50.08,54.04,1.099,2
MOES-TRN-1369,2018-11-19T00:00:00Z,GRID-MUM-01,Arabian_Sea_Monsoon_Surge,265.0,19.07,43.3,13.46,21.54,19.67,14.04,88.23,53.47,4.2,14.87,70.6,2.4,19.92,5.26,0.235,0
MOES-TRN-1370,2018-11-19T03:00:00Z,GRID-CHE-04,Northeast_Monsoon_Depression,255.16,50.51,48.06,22.16,39.21,42.14,47.64,90.14,66.39,5.8,13.81,61.32,2.01,40.66,28.32,0.345,1
MOES-TRN-1371,2018-11-19T06:00:00Z,GRID-GUW-02,Brahmaputra_Trough_Convection,258.61,28.62,46.03,15.4,30.42,29.43,38.81,87.26,76.08,51.4,12.66,77.72,0.38,29.05,13.54,0.163,0
MOES-TRN-1372,2018-11-19T09:00:00Z,GRID-WAY-03,Light_Orographic_Spell,196.17,135.93,57.01,41.09,138.1,121.87,183.58,87.69,95.58,780.0,15.41,35.55,0.35,133.99,137.85,2.448,3
MOES-TRN-1373,2018-11-19T12:00:00Z,GRID-DEL-05,Yamuna_Catchment_Surge,240.36,54.44,53.93,25.9,65.72,62.78,140.14,91.03,88.49,212.0,11.33,39.96,0.08,69.87,75.85,1.247,3
MOES-TRN-1374,2018-11-19T15:00:00Z,GRID-KOL-06,Hooghly_Spring_Tide_Downpour,241.55,55.69,53.17,20.48,61.88,73.28,70.21,91.5,81.82,6.1,13.37,51.91,4.03,67.23,59.85,1.255,3
MOES-TRN-1375,2018-11-19T18:00:00Z,GRID-MUM-01,Arabian_Sea_Monsoon_Surge,273.91,10.43,37.34,10.68,8.33,6.4,33.14,89.14,55.74,4.2,14.75,71.91,1.67,8.25,2.17,0.234,0
MOES-TRN-1376,2018-11-19T21:00:00Z,GRID-CHE-04,Coastal_Squall_Line,222.15,75.81,55.14,24.86,83.49,74.95,114.68,90.78,84.88,5.8,13.53,49.1,3.99,86.94,86.23,1.742,3
MOES-TRN-1377,2018-11-20T00:00:00Z,GRID-GUW-02,Valley_Monsoon_Shower,188.0,151.4,55.15,40.5,133.03,153.3,152.69,89.28,93.31,51.4,13.69,40.81,0.26,128.89,130.85,2.23,3
MOES-TRN-1378,2018-11-20T03:00:00Z,GRID-WAY-03,Monsoon_Vortex_Feeder_Band,244.91,37.97,49.82,21.83,45.66,50.48,97.03,87.7,92.92,780.0,15.3,58.49,0.15,45.66,37.54,0.677,2
MOES-TRN-1379,2018-11-20T06:00:00Z,GRID-DEL-05,Scattered_Convective_Cell,204.38,107.77,55.41,31.86,112.35,109.79,294.41,90.52,96.87,212.0,12.31,45.59,0.03,109.19,145.65,2.728,3
MOES-TRN-1380,2018-11-20T09:00:00Z,GRID-KOL-06,Bay_Cyclone_Spiral_Band,263.26,25.99,48.08,13.52,22.59,21.25,51.86,90.59,70.3,6.1,13.91,60.88,2.15,27.53,18.87,0.3,1
MOES-TRN-1381,2018-11-20T12:00:00Z,GRID-MUM-01,Mesoscale_Convective_System,253.07,49.28,48.38,23.16,49.91,50.48,99.32,92.11,75.11,4.2,14.82,41.65,4.32,46.25,47.53,1.31,3
MOES-TRN-1382,2018-11-20T15:00:00Z,GRID-CHE-04,Bay_of_Bengal_Cyclonic_Landfall,275.37,4.62,36.54,11.44,4.45,6.73,25.78,86.07,39.26,5.8,14.2,72.92,2.11,5.62,0.21,0.195,0
MOES-TRN-1383,2018-11-20T18:00:00Z,GRID-GUW-02,Valley_Monsoon_Shower,213.64,109.02,53.07,32.86,97.26,117.56,278.08,88.37,90.4,51.4,12.9,29.39,0.37,95.07,122.25,2.468,3
MOES-TRN-1384,2018-11-20T21:00:00Z,GRID-WAY-03,Monsoon_Vortex_Feeder_Band,221.94,81.31,54.9,25.05,84.72,75.46,79.16,87.19,91.76,780.0,14.92,60.51,0.16,87.25,70.24,1.044,2
MOES-TRN-1385,2018-11-21T00:00:00Z,GRID-DEL-05,Urban_Heat_Island_Downpour,249.55,38.26,50.89,15.93,37.84,32.64,77.15,91.21,80.85,212.0,12.1,63.83,0.19,42.76,37.91,0.432,1
MOES-TRN-1386,2018-11-21T03:00:00Z,GRID-KOL-06,Gangetic_West_Bengal_Deep_Depression,271.08,15.17,41.99,13.57,19.87,20.69,27.69,86.08,38.4,6.1,14.16,79.23,2.48,17.79,4.33,0.327,1
MOES-TRN-1387,2018-11-21T06:00:00Z,GRID-MUM-01,Arabian_Sea_Monsoon_Surge,281.77,1.58,28.05,10.07,2.19,3.93,29.55,88.43,51.07,4.2,15.2,72.44,4.49,2.3,0.13,0.698,2
MOES-TRN-1388,2018-11-21T09:00:00Z,GRID-CHE-04,Bay_of_Bengal_Cyclonic_Landfall,273.14,2.59,29.24,10.1,6.67,4.24,27.1,88.99,56.51,5.8,13.8,76.3,2.37,4.33,0.45,0.239,0
MOES-TRN-1389,2018-11-21T12:00:00Z,GRID-GUW-02,Meghalaya_Orographic_Cloudburst,261.09,15.84,42.9,11.34,16.49,17.23,1.12,82.3,39.82,51.4,13.29,75.42,0.05,16.81,0.62,0.145,0
MOES-TRN-1390,2018-11-21T15:00:00Z,GRID-WAY-03,Western_Ghats_Orographic_Surge,273.49,12.9,38.72,7.75,11.53,11.74,21.95,82.13,52.58,780.0,14.32,79.28,0.32,11.15,0.4,0.235,0
MOES-TRN-1391,2018-11-21T18:00:00Z,GRID-DEL-05,Western_Disturbance_Monsoon_Interaction,270.2,12.98,41.28,11.19,13.96,8.68,19.52,83.34,35.18,212.0,11.31,69.13,0.11,13.03,0.89,0.08,0
MOES-TRN-1392,2018-11-21T21:00:00Z,GRID-KOL-06,Monsoon_Trough_Pass,222.05,92.43,54.76,28.55,89.25,88.96,165.29,91.93,90.72,6.1,14.53,30.68,4.42,92.03,105.05,2.34,3
MOES-TRN-1393,2018-11-22T00:00:00Z,GRID-MUM-01,Offshore_Trough_Cloudburst,264.95,27.44,46.49,13.89,28.53,29.08,68.7,92.03,71.09,4.2,14.57,72.43,3.76,28.7,25.3,0.607,2
MOES-TRN-1394,2018-11-22T03:00:00Z,GRID-CHE-04,Bay_of_Bengal_Cyclonic_Landfall,275.89,6.64,37.26,9.15,6.11,11.28,22.4,88.62,45.59,5.8,14.49,85.06,2.6,7.45,0.89,0.313,1
MOES-TRN-1395,2018-11-22T06:00:00Z,GRID-GUW-02,Meghalaya_Orographic_Cloudburst,277.65,8.35,30.52,9.31,6.22,7.64,32.84,84.5,55.05,51.4,13.12,79.28,0.08,5.71,0.26,0.173,0
MOES-TRN-1396,2018-11-22T09:00:00Z,GRID-WAY-03,Monsoon_Vortex_Feeder_Band,230.99,67.21,52.56,24.48,61.17,71.12,81.48,85.88,81.01,780.0,15.04,59.11,0.09,66.46,49.08,0.818,2
MOES-TRN-1397,2018-11-22T12:00:00Z,GRID-DEL-05,Scattered_Convective_Cell,197.38,121.15,57.0,43.67,130.36,146.03,213.02,90.4,95.72,212.0,11.83,20.29,0.09,131.98,150.11,2.619,3
MOES-TRN-1398,2018-11-22T15:00:00Z,GRID-KOL-06,Monsoon_Trough_Pass,223.05,91.43,56.69,30.53,88.95,78.08,152.7,93.76,92.23,6.1,14.56,32.1,1.77,100.1,115.34,2.1,3
MOES-TRN-1399,2018-11-22T18:00:00Z,GRID-MUM-01,Arabian_Sea_Monsoon_Surge,273.22,6.29,39.18,11.95,6.22,4.9,21.02,89.41,53.28,4.2,15.38,73.53,3.22,7.34,0.98,0.432,1
MOES-TRN-1400,2018-11-22T21:00:00Z,GRID-CHE-04,Stratiform_Monsoon_Rain,189.15,149.01,56.12,42.69,140.32,163.34,269.26,93.57,97.76,5.8,14.3,47.99,1.97,137.55,177.28,3.224,3
MOES-TRN-1401,2018-11-23T00:00:00Z,GRID-GUW-02,Meghalaya_Orographic_Cloudburst,272.11,9.86,32.17,9.11,7.29,7.43,19.61,82.55,47.27,51.4,13.35,90.11,0.06,6.58,0.0,0.124,0
MOES-TRN-1402,2018-11-23T03:00:00Z,GRID-WAY-03,Light_Orographic_Spell,212.02,96.52,57.46,32.47,106.31,127.53,243.43,88.47,95.69,780.0,15.48,43.29,0.31,119.23,138.55,2.647,3
MOES-TRN-1403,2018-11-23T06:00:00Z,GRID-DEL-05,Western_Disturbance_Monsoon_Interaction,263.62,19.56,41.99,9.32,18.37,18.98,23.53,86.39,56.71,212.0,11.54,89.17,0.34,17.68,4.02,0.041,0
MOES-TRN-1404,2018-11-23T09:00:00Z,GRID-KOL-06,Gangetic_West_Bengal_Deep_Depression,261.77,17.1,42.86,11.33,22.5,24.5,9.73,89.83,61.08,6.1,14.3,72.13,3.93,20.28,6.12,0.498,1
MOES-TRN-1405,2018-11-23T12:00:00Z,GRID-MUM-01,Arabian_Sea_Monsoon_Surge,265.96,16.89,43.34,14.4,19.38,23.77,0.72,90.51,64.59,4.2,14.7,84.16,4.6,19.37,4.94,0.633,2
MOES-TRN-1406,2018-11-23T15:00:00Z,GRID-CHE-04,Stratiform_Monsoon_Rain,188.0,136.94,59.75,43.13,145.91,154.3,198.07,90.69,89.87,5.8,14.53,26.12,2.11,162.24,177.54,3.15,3
MOES-TRN-1407,2018-11-23T18:00:00Z,GRID-GUW-02,Meghalaya_Orographic_Cloudburst,275.05,5.57,36.65,9.07,5.92,7.84,16.32,84.85,50.32,51.4,12.91,81.94,0.37,6.52,0.02,0.13,0
MOES-TRN-1408,2018-11-23T21:00:00Z,GRID-WAY-03,Low_Level_Jet_Extreme_Rain,258.7,32.27,46.46,14.38,33.23,31.32,82.65,85.99,80.73,780.0,14.96,73.66,0.33,31.52,20.73,0.442,1
MOES-TRN-1409,2018-11-24T00:00:00Z,GRID-DEL-05,Urban_Heat_Island_Downpour,255.88,24.89,46.96,19.63,27.61,24.89,68.62,86.67,64.12,212.0,11.58,59.84,0.37,28.01,16.75,0.24,0
MOES-TRN-1410,2018-11-24T03:00:00Z,GRID-KOL-06,Gangetic_West_Bengal_Deep_Depression,268.8,14.98,44.95,13.27,13.62,15.3,20.4,88.27,51.15,6.1,14.68,84.01,4.26,17.23,4.6,0.6,2
MOES-TRN-1411,2018-11-24T06:00:00Z,GRID-MUM-01,Mesoscale_Convective_System,228.74,86.09,54.4,27.25,78.21,72.32,148.67,92.74,79.8,4.2,14.49,36.35,2.83,82.92,94.76,1.834,3
MOES-TRN-1412,2018-11-24T09:00:00Z,GRID-CHE-04,Northeast_Monsoon_Depression,251.44,34.57,48.35,17.9,32.03,46.64,68.53,88.54,63.6,5.8,13.23,69.95,3.09,36.5,26.0,0.477,1
MOES-TRN-1413,2018-11-24T12:00:00Z,GRID-GUW-02,Pre_Monsoon_Norwester,224.95,74.53,53.12,26.16,86.38,86.55,156.04,87.79,81.56,51.4,13.38,36.6,0.38,81.25,81.87,1.481,3
MOES-TRN-1414,2018-11-24T15:00:00Z,GRID-WAY-03,Western_Ghats_Orographic_Surge,265.07,22.04,44.03,19.48,19.13,19.04,14.14,83.44,58.48,780.0,14.71,83.77,0.35,20.05,2.7,0.219,0
MOES-TRN-1415,2018-11-24T18:00:00Z,GRID-DEL-05,Yamuna_Catchment_Surge,245.53,46.75,49.5,21.25,44.87,45.99,111.64,89.83,86.93,212.0,11.53,35.26,0.27,45.44,44.4,0.755,2
MOES-TRN-1416,2018-11-24T21:00:00Z,GRID-KOL-06,Bay_Cyclone_Spiral_Band,261.09,33.21,45.98,13.29,24.44,31.29,42.41,90.4,66.46,6.1,14.28,65.41,2.23,27.7,17.08,0.307,1
MOES-TRN-1417,2018-11-25T00:00:00Z,GRID-MUM-01,Offshore_Trough_Cloudburst,257.75,30.57,45.45,16.89,33.88,35.75,38.36,91.82,61.55,4.2,14.09,72.4,4.01,30.86,21.06,0.601,2
MOES-TRN-1418,2018-11-25T03:00:00Z,GRID-CHE-04,Coastal_Squall_Line,243.43,49.9,50.11,21.7,52.63,51.04,153.56,91.01,84.59,5.8,14.21,52.36,1.49,50.93,60.6,1.121,2
MOES-TRN-1419,2018-11-25T06:00:00Z,GRID-GUW-02,Valley_Monsoon_Shower,215.57,102.33,53.7,29.0,99.47,102.89,270.35,87.94,89.6,51.4,13.23,44.69,0.31,95.07,119.39,2.332,3
MOES-TRN-1420,2018-11-25T09:00:00Z,GRID-WAY-03,Monsoon_Vortex_Feeder_Band,238.87,50.53,51.95,24.9,56.72,61.8,109.73,85.2,81.19,780.0,14.48,50.41,0.03,58.89,46.53,0.843,2
MOES-TRN-1421,2018-11-25T12:00:00Z,GRID-DEL-05,Yamuna_Catchment_Surge,226.31,72.82,52.64,26.97,71.36,84.45,150.51,90.43,76.34,212.0,11.98,36.41,0.0,73.34,79.83,1.415,3
MOES-TRN-1422,2018-11-25T15:00:00Z,GRID-KOL-06,Gangetic_West_Bengal_Deep_Depression,267.35,16.88,42.57,15.0,18.59,15.31,6.23,87.51,41.28,6.1,14.43,73.54,1.25,17.25,2.71,0.16,0
MOES-TRN-1423,2018-11-25T18:00:00Z,GRID-MUM-01,Offshore_Trough_Cloudburst,259.42,37.14,50.19,15.86,40.94,32.09,75.59,91.34,72.02,4.2,14.97,76.55,2.94,41.98,37.15,0.634,2
MOES-TRN-1424,2018-11-25T21:00:00Z,GRID-CHE-04,Stratiform_Monsoon_Rain,203.25,105.28,57.12,35.78,117.16,128.29,237.85,92.57,89.32,5.8,13.88,34.89,2.82,122.67,152.71,2.94,3
MOES-TRN-1425,2018-11-26T00:00:00Z,GRID-GUW-02,Valley_Monsoon_Shower,214.21,105.0,57.12,33.73,99.63,96.75,218.97,90.63,98.21,51.4,13.23,29.78,0.29,111.53,132.0,2.459,3
MOES-TRN-1426,2018-11-26T03:00:00Z,GRID-WAY-03,Monsoon_Vortex_Feeder_Band,243.47,54.1,52.32,20.2,52.48,61.22,123.72,87.62,86.62,780.0,14.51,48.34,0.12,58.89,54.25,0.974,2
MOES-TRN-1427,2018-11-26T06:00:00Z,GRID-DEL-05,Western_Disturbance_Monsoon_Interaction,269.01,7.95,34.47,9.8,7.84,9.0,27.43,87.51,46.25,212.0,11.36,86.67,0.29,7.17,0.84,0.122,0
MOES-TRN-1428,2018-11-26T09:00:00Z,GRID-KOL-06,Hooghly_Spring_Tide_Downpour,243.79,69.44,53.54,25.05,68.37,60.62,97.44,90.19,81.24,6.1,14.31,47.18,3.95,71.47,66.38,1.448,3
MOES-TRN-1429,2018-11-26T12:00:00Z,GRID-MUM-01,Moderate_Monsoon_Spell,210.14,102.25,53.0,35.19,107.6,119.71,140.52,95.27,97.89,4.2,14.63,42.27,4.51,97.98,114.91,2.372,3
MOES-TRN-1430,2018-11-26T15:00:00Z,GRID-CHE-04,Coastal_Squall_Line,242.17,67.84,53.53,21.55,63.99,63.0,136.96,92.47,92.74,5.8,14.55,58.98,2.68,69.87,78.86,1.438,3
MOES-TRN-1431,2018-11-26T18:00:00Z,GRID-GUW-02,Brahmaputra_Trough_Convection,248.78,45.98,50.13,20.98,45.33,54.36,78.73,84.82,64.37,51.4,13.71,68.85,0.12,48.04,31.12,0.337,1
MOES-TRN-1432,2018-11-26T21:00:00Z,GRID-WAY-03,Western_Ghats_Orographic_Surge,277.74,2.58,29.62,4.16,3.93,3.07,9.03,81.67,57.3,780.0,14.69,69.87,0.11,3.16,0.0,0.231,0
MOES-TRN-1433,2018-11-27T00:00:00Z,GRID-DEL-05,Western_Disturbance_Monsoon_Interaction,268.87,6.64,38.26,11.49,6.94,8.15,32.8,85.3,54.99,212.0,11.21,70.29,0.09,7.71,0.76,0.168,0
MOES-TRN-1434,2018-11-27T03:00:00Z,GRID-KOL-06,Monsoon_Trough_Pass,213.82,109.0,57.06,31.61,94.67,95.54,156.62,92.89,91.05,6.1,14.49,35.59,1.29,109.74,123.24,2.138,3
MOES-TRN-1435,2018-11-27T06:00:00Z,GRID-MUM-01,Moderate_Monsoon_Spell,191.23,123.82,55.56,40.91,134.93,153.21,270.21,95.97,94.34,4.2,14.35,36.22,1.28,127.16,174.38,3.186,3
MOES-TRN-1436,2018-11-27T09:00:00Z,GRID-CHE-04,Coastal_Squall_Line,248.28,58.39,50.5,20.32,53.1,49.43,139.22,89.99,75.63,5.8,14.0,55.07,2.44,53.17,57.41,1.097,2
MOES-TRN-1437,2018-11-27T12:00:00Z,GRID-GUW-02,Valley_Monsoon_Shower,216.86,91.95,52.35,29.36,95.06,82.63,196.08,89.69,98.92,51.4,13.42,18.46,0.01,84.23,97.98,1.953,3
MOES-TRN-1438,2018-11-27T15:00:00Z,GRID-WAY-03,Monsoon_Vortex_Feeder_Band,244.25,51.19,48.8,22.23,51.39,51.94,143.25,88.07,92.82,780.0,15.53,58.59,0.38,48.08,49.36,0.963,2
MOES-TRN-1439,2018-11-27T18:00:00Z,GRID-DEL-05,Western_Disturbance_Monsoon_Interaction,264.48,15.53,44.88,13.38,19.1,12.99,19.26,84.51,40.97,212.0,11.34,72.81,0.04,19.01,3.21,0.072,0
MOES-TRN-1440,2018-11-27T21:00:00Z,GRID-KOL-06,Monsoon_Trough_Pass,206.77,123.42,54.43,35.39,113.11,113.56,205.71,93.77,95.7,6.1,14.74,20.93,3.72,108.08,134.78,2.828,3
MOES-TRN-1441,2018-11-28T00:00:00Z,GRID-MUM-01,Mesoscale_Convective_System,230.37,82.89,52.36,29.29,74.29,91.54,128.29,93.34,88.16,4.2,14.75,53.69,2.89,76.16,85.41,1.532,3
MOES-TRN-1442,2018-11-28T03:00:00Z,GRID-CHE-04,Coastal_Squall_Line,229.77,78.21,53.41,29.33,78.36,73.33,92.46,90.26,82.85,5.8,13.66,45.74,3.15,77.99,71.68,1.299,3
MOES-TRN-1443,2018-11-28T06:00:00Z,GRID-GUW-02,Meghalaya_Orographic_Cloudburst,271.57,10.78,38.71,12.79,11.06,11.88,32.72,84.95,58.37,51.4,13.54,75.58,0.23,10.65,1.46,0.294,1
MOES-TRN-1444,2018-11-28T09:00:00Z,GRID-WAY-03,Western_Ghats_Orographic_Surge,266.85,18.09,42.67,12.34,16.7,20.75,34.09,81.13,40.08,780.0,14.58,81.33,0.15,17.56,2.43,0.238,0
MOES-TRN-1445,2018-11-28T12:00:00Z,GRID-DEL-05,Western_Disturbance_Monsoon_Interaction,270.68,19.91,43.36,11.63,15.65,16.75,0.75,86.03,54.77,212.0,11.0,78.97,0.05,17.46,1.74,0.027,0
MOES-TRN-1446,2018-11-28T15:00:00Z,GRID-KOL-06,Monsoon_Trough_Pass,212.39,109.44,55.39,35.86,107.72,110.24,198.73,94.09,94.34,6.1,14.28,20.84,3.69,107.7,133.83,2.819,3
MOES-TRN-1447,2018-11-28T18:00:00Z,GRID-MUM-01,Offshore_Trough_Cloudburst,249.29,41.31,47.75,20.12,40.68,37.01,71.12,89.66,67.7,4.2,14.59,73.59,4.31,38.5,30.07,0.71,2
MOES-TRN-1448,2018-11-28T21:00:00Z,GRID-CHE-04,Coastal_Squall_Line,234.41,76.7,53.87,30.99,70.01,76.27,100.95,93.76,89.7,5.8,13.95,35.12,1.65,76.72,81.17,1.407,3
MOES-TRN-1449,2018-11-29T00:00:00Z,GRID-GUW-02,Valley_Monsoon_Shower,209.59,113.67,56.31,33.75,114.16,115.55,188.56,89.41,92.87,51.4,13.04,34.47,0.07,116.3,126.65,2.284,3
MOES-TRN-1450,2018-11-29T03:00:00Z,GRID-WAY-03,Monsoon_Vortex_Feeder_Band,224.76,89.61,54.19,28.38,78.08,81.84,136.41,88.17,91.85,780.0,15.06,45.57,0.33,83.9,81.24,1.501,3
MOES-TRN-1451,2018-11-29T06:00:00Z,GRID-DEL-05,Scattered_Convective_Cell,217.8,82.45,55.66,29.68,95.92,91.2,202.8,91.78,95.79,212.0,11.69,32.61,0.0,97.53,118.09,2.089,3
MOES-TRN-1452,2018-11-29T09:00:00Z,GRID-KOL-06,Gangetic_West_Bengal_Deep_Depression,267.4,15.4,41.44,12.2,11.41,19.82,2.54,89.37,55.45,6.1,14.65,78.08,1.59,14.11,1.92,0.167,0
MOES-TRN-1453,2018-11-29T12:00:00Z,GRID-MUM-01,Arabian_Sea_Monsoon_Surge,268.49,4.11,38.09,8.07,7.25,4.33,30.55,89.17,59.33,4.2,14.43,80.62,4.13,6.82,1.42,0.622,2
MOES-TRN-1454,2018-11-29T15:00:00Z,GRID-CHE-04,Bay_of_Bengal_Cyclonic_Landfall,277.98,9.19,39.3,11.37,6.78,15.12,11.59,87.8,54.6,5.8,14.52,91.62,1.85,9.5,0.62,0.153,0
MOES-TRN-1455,2018-11-29T18:00:00Z,GRID-GUW-02,Pre_Monsoon_Norwester,232.86,67.45,53.15,28.35,77.12,88.08,70.87,86.21,83.92,51.4,13.77,54.33,0.12,76.92,56.97,0.883,2
MOES-TRN-1456,2018-11-29T21:00:00Z,GRID-WAY-03,Monsoon_Vortex_Feeder_Band,232.41,69.92,52.76,24.26,75.86,64.91,117.25,86.46,80.29,780.0,15.5,47.24,0.1,72.25,62.5,1.101,2
MOES-TRN-1457,2018-11-30T00:00:00Z,GRID-DEL-05,Scattered_Convective_Cell,188.0,160.21,59.38,45.4,141.12,172.86,265.27,91.72,96.62,212.0,12.12,41.26,0.4,163.45,196.48,3.342,3
MOES-TRN-1458,2018-11-30T03:00:00Z,GRID-KOL-06,Monsoon_Trough_Pass,194.07,134.29,56.12,39.47,133.05,150.18,144.86,94.49,93.57,6.1,14.91,37.28,2.85,130.61,145.98,2.608,3
MOES-TRN-1459,2018-11-30T06:00:00Z,GRID-MUM-01,Mesoscale_Convective_System,244.12,67.62,52.82,22.88,60.84,55.81,133.46,93.97,92.13,4.2,15.16,46.01,1.75,65.1,77.38,1.409,3
MOES-TRN-1460,2018-11-30T09:00:00Z,GRID-CHE-04,Stratiform_Monsoon_Rain,198.66,121.64,56.59,38.48,137.48,144.33,151.38,93.61,95.1,5.8,13.61,34.22,3.32,132.1,146.28,2.663,3
MOES-TRN-1461,2018-11-30T12:00:00Z,GRID-GUW-02,Valley_Monsoon_Shower,213.67,100.72,56.58,32.62,103.69,95.23,213.56,89.58,94.56,51.4,13.76,34.76,0.04,108.99,125.38,2.311,3
MOES-TRN-1462,2018-11-30T15:00:00Z,GRID-WAY-03,Western_Ghats_Orographic_Surge,268.13,15.07,42.32,13.41,18.23,18.62,1.79,84.89,63.74,780.0,14.53,83.31,0.16,17.1,1.33,0.267,1
MOES-TRN-1463,2018-11-30T18:00:00Z,GRID-DEL-05,Western_Disturbance_Monsoon_Interaction,270.32,9.93,37.41,11.24,9.09,16.86,20.03,85.81,54.57,212.0,11.69,68.38,0.03,9.94,0.74,0.069,0
MOES-TRN-1464,2018-11-30T21:00:00Z,GRID-KOL-06,Hooghly_Spring_Tide_Downpour,231.77,71.09,53.68,25.94,75.54,69.36,102.38,92.21,81.46,6.1,13.63,50.96,2.04,76.23,76.97,1.196,3
MOES-TRN-1465,2018-12-01T00:00:00Z,GRID-MUM-01,Mesoscale_Convective_System,227.75,70.27,55.93,23.33,76.2,64.85,126.81,93.22,80.66,4.2,14.49,49.95,3.31,85.79,94.17,1.815,3
MOES-TRN-1466,2018-12-01T03:00:00Z,GRID-CHE-04,Northeast_Monsoon_Depression,259.16,29.79,46.94,20.6,33.64,30.23,62.88,91.04,66.96,5.8,13.98,68.27,2.72,31.8,25.16,0.361,1
MOES-TRN-1467,2018-12-01T06:00:00Z,GRID-GUW-02,Valley_Monsoon_Shower,219.28,91.59,56.59,31.01,93.05,97.13,227.81,88.02,90.5,51.4,13.37,27.55,0.19,103.78,118.99,2.339,3
MOES-TRN-1468,2018-12-01T09:00:00Z,GRID-WAY-03,Western_Ghats_Orographic_Surge,274.3,11.88,37.74,11.8,10.14,8.33,6.38,81.23,35.81,780.0,14.9,91.54,0.01,9.58,0.0,0.207,0
MOES-TRN-1469,2018-12-01T12:00:00Z,GRID-DEL-05,Scattered_Convective_Cell,189.24,118.75,55.56,35.14,129.61,151.4,160.59,92.0,99.22,212.0,11.56,24.76,0.2,124.08,135.66,2.26,3
MOES-TRN-1470,2018-12-01T15:00:00Z,GRID-KOL-06,Hooghly_Spring_Tide_Downpour,236.85,49.38,49.93,20.78,58.77,52.9,133.73,92.14,80.45,6.1,14.66,49.16,3.7,53.04,61.17,1.435,3
MOES-TRN-1471,2018-12-01T18:00:00Z,GRID-MUM-01,Offshore_Trough_Cloudburst,266.89,22.73,44.26,12.47,23.79,12.6,25.72,90.64,62.38,4.2,15.0,69.9,1.56,21.25,9.8,0.23,0
MOES-TRN-1472,2018-12-01T21:00:00Z,GRID-CHE-04,Coastal_Squall_Line,245.27,42.74,50.3,20.51,47.46,48.03,73.72,91.5,91.56,5.8,14.25,50.89,2.65,47.86,42.47,0.694,2
MOES-TRN-1473,2018-12-02T00:00:00Z,GRID-GUW-02,Pre_Monsoon_Norwester,248.61,45.35,49.12,15.38,50.17,34.97,80.38,87.4,77.84,51.4,12.74,47.34,0.35,44.93,33.27,0.488,1
MOES-TRN-1474,2018-12-02T03:00:00Z,GRID-WAY-03,Low_Level_Jet_Extreme_Rain,252.54,50.03,49.24,20.58,42.06,44.66,35.78,84.79,68.28,780.0,14.94,54.47,0.08,44.19,20.83,0.307,1
MOES-TRN-1475,2018-12-02T06:00:00Z,GRID-DEL-05,Western_Disturbance_Monsoon_Interaction,267.68,13.0,42.0,8.19,14.65,6.81,30.42,86.12,53.22,212.0,11.23,88.87,0.1,13.52,2.73,0.101,0
MOES-TRN-1476,2018-12-02T09:00:00Z,GRID-KOL-06,Hooghly_Spring_Tide_Downpour,223.6,71.72,52.88,24.97,66.02,65.61,137.46,93.32,91.65,6.1,14.48,49.76,4.08,69.31,80.64,1.792,3
MOES-TRN-1477,2018-12-02T12:00:00Z,GRID-MUM-01,Arabian_Sea_Monsoon_Surge,275.34,7.07,36.18,13.3,9.32,14.63,15.58,87.26,38.1,4.2,14.93,79.11,2.84,8.85,0.56,0.389,1
MOES-TRN-1478,2018-12-02T15:00:00Z,GRID-CHE-04,Stratiform_Monsoon_Rain,209.67,122.94,56.03,37.32,109.56,129.66,139.3,94.45,96.28,5.8,14.62,24.14,1.78,116.49,130.64,2.321,3
MOES-TRN-1479,2018-12-02T18:00:00Z,GRID-GUW-02,Pre_Monsoon_Norwester,246.99,60.63,51.06,17.27,53.09,54.01,119.45,88.69,82.92,51.4,12.94,55.68,0.03,55.56,52.71,0.848,2
MOES-TRN-1480,2018-12-02T21:00:00Z,GRID-WAY-03,Low_Level_Jet_Extreme_Rain,266.99,28.81,48.02,15.34,29.32,35.69,61.84,85.25,63.54,780.0,14.67,67.01,0.08,32.45,17.1,0.343,1
MOES-TRN-1481,2018-12-03T00:00:00Z,GRID-DEL-05,Urban_Heat_Island_Downpour,260.19,23.5,44.89,17.35,25.29,28.52,64.93,89.58,62.52,212.0,12.18,55.68,0.23,24.82,17.56,0.229,0
MOES-TRN-1482,2018-12-03T03:00:00Z,GRID-KOL-06,Gangetic_West_Bengal_Deep_Depression,265.14,15.18,42.5,12.92,15.97,12.58,15.34,90.04,56.22,6.1,14.88,77.74,3.28,15.55,4.27,0.402,1
MOES-TRN-1483,2018-12-03T06:00:00Z,GRID-MUM-01,Arabian_Sea_Monsoon_Surge,273.69,6.65,37.51,9.09,5.26,3.25,9.55,91.1,57.28,4.2,14.32,68.09,3.7,6.1,0.37,0.421,1
MOES-TRN-1484,2018-12-03T09:00:00Z,GRID-CHE-04,Northeast_Monsoon_Depression,256.4,34.99,48.59,16.76,37.38,33.53,34.26,91.11,77.09,5.8,13.28,53.03,1.3,37.19,24.5,0.213,0
MOES-TRN-1485,2018-12-03T12:00:00Z,GRID-GUW-02,Valley_Monsoon_Shower,196.44,109.39,56.78,38.58,117.27,99.9,304.3,90.29,92.5,51.4,13.13,39.27,0.37,117.31,155.1,2.968,3
MOES-TRN-1486,2018-12-03T15:00:00Z,GRID-WAY-03,Monsoon_Vortex_Feeder_Band,239.48,51.95,51.29,21.71,53.13,54.51,94.66,85.99,75.96,780.0,15.31,41.65,0.26,54.86,41.78,0.84,2
MOES-TRN-1487,2018-12-03T18:00:00Z,GRID-DEL-05,Western_Disturbance_Monsoon_Interaction,270.09,13.18,43.1,11.01,17.65,10.11,3.89,84.1,41.35,212.0,11.39,84.13,0.27,16.0,0.95,0.02,0
MOES-TRN-1488,2018-12-03T21:00:00Z,GRID-KOL-06,Bay_Cyclone_Spiral_Band,249.79,46.98,48.44,18.65,48.97,41.58,26.01,91.18,79.12,6.1,14.17,73.08,1.44,44.37,29.27,0.186,0
MOES-TRN-1489,2018-12-04T00:00:00Z,GRID-MUM-01,Offshore_Trough_Cloudburst,262.94,24.02,44.76,16.32,28.01,29.01,67.93,92.8,81.62,4.2,14.99,67.58,4.37,25.86,24.02,0.751,2
MOES-TRN-1490,2018-12-04T03:00:00Z,GRID-CHE-04,Stratiform_Monsoon_Rain,188.0,165.42,58.04,45.99,152.1,152.92,186.08,91.71,88.46,5.8,13.37,46.11,3.83,155.16,171.02,3.151,3
MOES-TRN-1491,2018-12-04T06:00:00Z,GRID-GUW-02,Pre_Monsoon_Norwester,232.68,71.94,53.66,29.29,78.13,72.24,132.94,88.84,88.02,51.4,13.01,51.85,0.39,77.67,76.33,1.191,3
MOES-TRN-1492,2018-12-04T09:00:00Z,GRID-WAY-03,Monsoon_Vortex_Feeder_Band,241.28,59.18,50.54,20.68,55.64,58.68,84.06,88.36,84.29,780.0,15.17,36.98,0.19,55.64,45.07,0.86,2
MOES-TRN-1493,2018-12-04T12:00:00Z,GRID-DEL-05,Urban_Heat_Island_Downpour,250.22,44.51,50.28,18.63,42.8,47.07,48.88,86.35,67.44,212.0,12.0,56.83,0.22,46.17,26.84,0.242,0
MOES-TRN-1494,2018-12-04T15:00:00Z,GRID-KOL-06,Hooghly_Spring_Tide_Downpour,236.58,62.1,54.65,21.98,66.31,76.06,90.29,91.9,84.4,6.1,14.01,41.64,3.22,76.17,73.57,1.356,3
MOES-TRN-1495,2018-12-04T18:00:00Z,GRID-MUM-01,Arabian_Sea_Monsoon_Surge,271.6,13.53,41.72,12.63,13.45,12.78,31.84,90.24,50.8,4.2,14.93,79.96,1.51,13.79,5.47,0.317,1
MOES-TRN-1496,2018-12-04T21:00:00Z,GRID-CHE-04,Bay_of_Bengal_Cyclonic_Landfall,268.14,11.17,39.98,9.23,16.05,15.37,14.52,88.18,55.83,5.8,13.46,85.57,1.64,13.72,2.31,0.136,0
MOES-TRN-1497,2018-12-05T00:00:00Z,GRID-GUW-02,Brahmaputra_Trough_Convection,260.38,20.88,44.69,16.76,27.16,29.79,53.62,86.47,81.1,51.4,13.14,60.79,0.13,25.08,12.19,0.205,0
MOES-TRN-1498,2018-12-05T03:00:00Z,GRID-WAY-03,Monsoon_Vortex_Feeder_Band,239.52,73.7,55.47,24.11,65.09,65.96,71.15,87.7,88.9,780.0,15.16,41.27,0.39,79.95,63.08,1.054,2
MOES-TRN-1499,2018-12-05T06:00:00Z,GRID-DEL-05,Western_Disturbance_Monsoon_Interaction,274.07,11.63,36.76,11.56,10.78,10.05,12.83,84.2,45.71,212.0,11.75,90.32,0.01,9.68,0.17,0.085,0
MOES-TRN-1500,2018-12-05T09:00:00Z,GRID-KOL-06,Bay_Cyclone_Spiral_Band,257.33,29.58,47.73,11.38,29.28,32.46,37.06,89.25,65.84,6.1,14.35,74.63,2.85,31.63,17.63,0.396,1
MOES-TRN-1501,2018-12-05T12:00:00Z,GRID-MUM-01,Mesoscale_Convective_System,228.94,82.71,54.1,25.91,81.87,78.16,115.96,93.03,79.19,4.2,14.73,39.94,2.39,83.34,88.94,1.551,3
MOES-TRN-1502,2018-12-05T15:00:00Z,GRID-CHE-04,Northeast_Monsoon_Depression,252.52,39.42,49.55,17.92,37.56,39.07,54.43,90.69,71.18,5.8,14.16,55.01,1.62,40.64,30.58,0.394,1
MOES-TRN-1503,2018-12-05T18:00:00Z,GRID-GUW-02,Meghalaya_Orographic_Cloudburst,267.77,18.73,41.97,11.93,14.35,11.48,13.57,85.31,51.38,51.4,13.06,77.53,0.39,14.95,1.6,0.153,0
MOES-TRN-1504,2018-12-05T21:00:00Z,GRID-WAY-03,Monsoon_Vortex_Feeder_Band,248.0,46.71,49.92,19.56,53.29,47.18,69.2,85.56,78.64,780.0,14.83,41.22,0.28,49.7,32.0,0.594,1
MOES-TRN-1505,2018-12-06T00:00:00Z,GRID-DEL-05,Urban_Heat_Island_Downpour,259.36,26.52,46.03,15.1,26.37,23.5,71.61,89.35,63.34,212.0,11.55,75.6,0.32,26.34,19.59,0.219,0
MOES-TRN-1506,2018-12-06T03:00:00Z,GRID-KOL-06,Bay_Cyclone_Spiral_Band,257.58,40.51,51.56,20.22,49.03,43.59,69.64,90.19,71.24,6.1,13.71,69.48,1.5,50.69,41.52,0.489,1
MOES-TRN-1507,2018-12-06T06:00:00Z,GRID-MUM-01,Offshore_Trough_Cloudburst,245.83,43.63,48.59,16.92,42.59,29.95,50.0,91.27,66.46,4.2,14.73,67.93,4.3,40.05,30.27,0.708,2
MOES-TRN-1508,2018-12-06T09:00:00Z,GRID-CHE-04,Stratiform_Monsoon_Rain,205.51,123.27,55.67,35.94,110.86,130.63,295.59,94.74,95.75,5.8,14.01,45.37,2.87,115.32,164.46,3.177,3
MOES-TRN-1509,2018-12-06T12:00:00Z,GRID-GUW-02,Meghalaya_Orographic_Cloudburst,268.35,8.16,35.94,10.96,7.38,3.86,25.86,83.93,52.83,51.4,12.45,86.35,0.11,6.71,0.14,0.144,0
MOES-TRN-1510,2018-12-06T15:00:00Z,GRID-WAY-03,Western_Ghats_Orographic_Surge,259.11,15.77,43.01,15.88,18.76,16.17,20.93,82.14,40.6,780.0,15.83,84.4,0.12,17.61,1.88,0.293,1
MOES-TRN-1511,2018-12-06T18:00:00Z,GRID-DEL-05,Yamuna_Catchment_Surge,251.36,55.53,50.55,19.25,46.34,42.38,104.91,89.77,81.53,212.0,11.74,45.23,0.39,49.28,46.39,0.76,2
MOES-TRN-1512,2018-12-06T21:00:00Z,GRID-KOL-06,Hooghly_Spring_Tide_Downpour,243.62,56.61,51.13,21.34,58.4,62.29,92.81,90.67,83.66,6.1,14.44,40.71,3.25,58.27,54.19,1.141,2
MOES-TRN-1513,2018-12-07T00:00:00Z,GRID-MUM-01,Moderate_Monsoon_Spell,214.41,89.96,55.14,31.92,91.51,89.15,151.22,93.98,99.23,4.2,14.24,39.56,4.12,94.24,109.87,2.284,3
MOES-TRN-1514,2018-12-07T03:00:00Z,GRID-CHE-04,Coastal_Squall_Line,241.62,61.56,49.58,25.98,51.04,48.4,77.53,91.25,82.23,5.8,13.76,50.88,1.24,50.66,45.29,0.683,2
MOES-TRN-1515,2018-12-07T06:00:00Z,GRID-GUW-02,Pre_Monsoon_Norwester,232.46,78.46,53.05,25.12,69.76,79.98,140.52,88.84,86.89,51.4,13.39,45.35,0.34,74.38,74.78,1.316,3
MOES-TRN-1516,2018-12-07T09:00:00Z,GRID-WAY-03,Light_Orographic_Spell,205.97,103.25,58.31,32.47,113.52,110.03,224.53,86.09,90.62,780.0,15.35,44.62,0.0,126.48,134.69,2.482,3
MOES-TRN-1517,2018-12-07T12:00:00Z,GRID-DEL-05,Scattered_Convective_Cell,188.0,150.36,59.17,42.88,148.49,140.73,203.3,90.22,90.55,212.0,11.86,27.29,0.27,158.39,173.45,2.962,3
MOES-TRN-1518,2018-12-07T15:00:00Z,GRID-KOL-06,Gangetic_West_Bengal_Deep_Depression,272.65,7.73,34.78,9.57,3.89,13.26,6.01,87.84,47.33,6.1,14.35,81.8,4.23,6.31,0.01,0.531,1
MOES-TRN-1519,2018-12-07T18:00:00Z,GRID-MUM-01,Offshore_Trough_Cloudburst,255.64,43.37,46.74,17.46,39.82,36.97,53.71,91.96,81.8,4.2,14.48,65.44,3.42,36.98,29.56,0.481,1
MOES-TRN-1520,2018-12-07T21:00:00Z,GRID-CHE-04,Bay_of_Bengal_Cyclonic_Landfall,264.89,22.22,45.11,13.16,19.27,26.55,23.4,85.61,38.23,5.8,13.65,86.85,4.45,22.29,5.8,0.564,1
MOES-TRN-1521,2018-12-08T00:00:00Z,GRID-GUW-02,Meghalaya_Orographic_Cloudburst,278.5,11.16,37.64,12.12,9.34,6.56,23.22,86.49,60.42,51.4,13.24,84.64,0.28,8.88,0.8,0.181,0
MOES-TRN-1522,2018-12-08T03:00:00Z,GRID-WAY-03,Light_Orographic_Spell,202.3,104.21,55.75,32.94,121.94,123.53,254.46,86.83,95.49,780.0,15.23,45.46,0.26,115.9,132.97,2.508,3
MOES-TRN-1523,2018-12-08T06:00:00Z,GRID-DEL-05,Yamuna_Catchment_Surge,230.41,69.33,55.35,24.16,73.66,62.31,138.1,90.83,83.61,212.0,11.55,44.51,0.31,81.41,85.99,1.381,3
MOES-TRN-1524,2018-12-08T09:00:00Z,GRID-KOL-06,Bay_Cyclone_Spiral_Band,255.77,43.51,49.76,19.23,38.82,35.09,46.7,91.0,74.31,6.1,14.06,73.19,1.92,41.65,30.54,0.282,1
MOES-TRN-1525,2018-12-08T12:00:00Z,GRID-MUM-01,Offshore_Trough_Cloudburst,255.32,26.82,46.26,9.89,26.08,24.67,61.99,91.84,74.85,4.2,14.7,59.21,1.56,26.73,22.01,0.287,1
MOES-TRN-1526,2018-12-08T15:00:00Z,GRID-CHE-04,Stratiform_Monsoon_Rain,210.81,121.9,57.11,36.61,116.16,108.06,148.43,93.36,96.62,5.8,14.3,21.52,2.69,122.07,134.99,2.49,3
MOES-TRN-1527,2018-12-08T18:00:00Z,GRID-GUW-02,Brahmaputra_Trough_Convection,259.3,27.52,48.34,15.14,30.04,35.9,32.01,86.56,60.72,51.4,13.04,58.45,0.35,33.1,14.52,0.21,0
MOES-TRN-1528,2018-12-08T21:00:00Z,GRID-WAY-03,Light_Orographic_Spell,218.4,91.27,52.84,33.52,95.8,109.69,159.8,89.1,97.57,780.0,14.98,25.83,0.4,89.79,94.1,1.811,3
MOES-TRN-1529,2018-12-09T00:00:00Z,GRID-DEL-05,Scattered_Convective_Cell,221.43,84.07,54.61,30.52,89.79,90.56,143.51,91.71,91.93,212.0,11.95,25.56,0.37,90.44,98.21,1.726,3
MOES-TRN-1530,2018-12-09T03:00:00Z,GRID-KOL-06,Gangetic_West_Bengal_Deep_Depression,275.21,5.12,28.74,8.66,3.63,0.0,27.75,87.45,42.17,6.1,14.27,78.86,4.3,2.93,0.08,0.58,1
MOES-TRN-1531,2018-12-09T06:00:00Z,GRID-MUM-01,Offshore_Trough_Cloudburst,262.75,36.77,45.35,13.4,29.79,33.03,58.77,91.78,72.35,4.2,15.04,56.48,1.36,29.8,23.92,0.325,1
MOES-TRN-1532,2018-12-09T09:00:00Z,GRID-CHE-04,Stratiform_Monsoon_Rain,201.54,107.74,53.65,37.07,115.23,130.37,287.41,93.64,91.27,5.8,13.96,36.46,4.33,105.58,149.75,3.249,3
MOES-TRN-1533,2018-12-09T12:00:00Z,GRID-GUW-02,Brahmaputra_Trough_Convection,255.48,25.22,44.38,13.73,23.99,27.78,26.09,87.23,81.95,51.4,13.32,53.28,0.19,23.97,8.34,0.171,0
MOES-TRN-1534,2018-12-09T15:00:00Z,GRID-WAY-03,Low_Level_Jet_Extreme_Rain,262.15,30.38,44.84,17.33,34.24,35.82,33.29,86.01,74.1,780.0,15.36,75.17,0.37,30.29,12.19,0.295,1
MOES-TRN-1535,2018-12-09T18:00:00Z,GRID-DEL-05,Western_Disturbance_Monsoon_Interaction,269.18,18.97,42.02,9.81,18.13,13.74,19.14,86.72,53.81,212.0,11.62,69.08,0.01,16.78,3.35,0.053,0
MOES-TRN-1536,2018-12-09T21:00:00Z,GRID-KOL-06,Gangetic_West_Bengal_Deep_Depression,268.34,19.6,43.12,9.8,16.4,19.03,27.79,87.42,52.45,6.1,14.03,73.48,1.92,17.82,5.2,0.253,1
MOES-TRN-1537,2018-12-10T00:00:00Z,GRID-MUM-01,Moderate_Monsoon_Spell,195.73,104.54,54.0,41.71,121.47,111.45,264.05,94.16,94.09,4.2,14.61,45.73,2.51,106.16,146.74,2.807,3
MOES-TRN-1538,2018-12-10T03:00:00Z,GRID-CHE-04,Northeast_Monsoon_Depression,252.06,34.49,49.82,19.59,37.28,32.32,29.4,89.72,73.4,5.8,13.27,75.99,3.41,39.37,23.17,0.377,1
MOES-TRN-1539,2018-12-10T06:00:00Z,GRID-GUW-02,Brahmaputra_Trough_Convection,249.13,36.07,47.55,16.19,43.81,60.24,33.26,87.2,73.98,51.4,12.96,61.58,0.29,41.78,21.98,0.186,0
MOES-TRN-1540,2018-12-10T09:00:00Z,GRID-WAY-03,Low_Level_Jet_Extreme_Rain,248.83,45.58,46.78,16.07,41.19,48.55,66.38,87.52,67.25,780.0,14.99,56.7,0.23,39.53,26.46,0.395,1
MOES-TRN-1541,2018-12-10T12:00:00Z,GRID-DEL-05,Scattered_Convective_Cell,202.34,131.74,53.8,37.3,128.13,105.79,261.14,90.54,89.01,212.0,12.42,42.26,0.17,111.48,140.8,2.547,3
MOES-TRN-1542,2018-12-10T15:00:00Z,GRID-KOL-06,Gangetic_West_Bengal_Deep_Depression,268.8,11.07,39.44,8.01,10.29,9.89,2.32,89.06,58.07,6.1,14.26,84.58,2.15,10.47,0.63,0.117,0
MOES-TRN-1543,2018-12-10T18:00:00Z,GRID-MUM-01,Mesoscale_Convective_System,241.86,64.37,50.81,23.29,60.08,73.25,73.17,93.66,86.9,4.2,14.57,36.34,1.95,60.88,59.59,1.041,2
MOES-TRN-1544,2018-12-10T21:00:00Z,GRID-CHE-04,Northeast_Monsoon_Depression,262.57,35.88,46.57,15.85,29.51,36.33,67.34,89.55,67.0,5.8,13.85,67.43,1.48,31.54,23.33,0.373,1
MOES-TRN-1545,2018-12-11T00:00:00Z,GRID-GUW-02,Meghalaya_Orographic_Cloudburst,265.51,15.96,40.62,9.18,15.28,18.15,27.05,83.25,38.73,51.4,13.52,91.56,0.2,14.93,1.84,0.097,0
MOES-TRN-1546,2018-12-11T03:00:00Z,GRID-WAY-03,Western_Ghats_Orographic_Surge,268.47,20.93,43.98,12.12,21.31,20.13,8.05,82.76,47.03,780.0,14.79,79.55,0.4,20.81,2.22,0.226,0
MOES-TRN-1547,2018-12-11T06:00:00Z,GRID-DEL-05,Scattered_Convective_Cell,188.0,157.61,60.16,39.74,138.92,144.24,203.05,90.95,89.22,212.0,11.64,35.58,0.25,165.36,182.47,3.036,3
MOES-TRN-1548,2018-12-11T09:00:00Z,GRID-KOL-06,Monsoon_Trough_Pass,188.71,161.0,58.96,42.02,144.61,162.96,273.26,94.54,96.66,6.1,14.38,20.98,2.97,160.06,203.49,3.85,3
MOES-TRN-1549,2018-12-11T12:00:00Z,GRID-MUM-01,Arabian_Sea_Monsoon_Surge,271.07,11.32,42.51,14.02,11.3,11.26,23.82,89.53,58.24,4.2,14.87,82.97,1.83,12.98,3.59,0.242,0
MOES-TRN-1550,2018-12-11T15:00:00Z,GRID-CHE-04,Coastal_Squall_Line,237.94,54.09,51.38,19.1,55.41,68.61,72.09,89.96,84.23,5.8,13.48,49.61,3.9,58.29,48.43,0.925,2
MOES-TRN-1551,2018-12-11T18:00:00Z,GRID-GUW-02,Meghalaya_Orographic_Cloudburst,264.83,13.65,41.28,9.69,14.54,14.32,29.99,84.48,45.24,51.4,12.78,80.16,0.38,14.15,2.24,0.113,0
MOES-TRN-1552,2018-12-11T21:00:00Z,GRID-WAY-03,Monsoon_Vortex_Feeder_Band,224.54,82.7,53.83,23.45,76.48,93.78,83.53,86.63,79.92,780.0,14.56,49.38,0.22,82.41,65.37,1.036,2
MOES-TRN-1553,2018-12-12T00:00:00Z,GRID-DEL-05,Urban_Heat_Island_Downpour,262.62,29.48,46.76,13.97,29.61,30.62,83.43,88.03,63.57,212.0,11.23,61.06,0.01,30.02,22.61,0.247,0
MOES-TRN-1554,2018-12-12T03:00:00Z,GRID-KOL-06,Gangetic_West_Bengal_Deep_Depression,273.03,5.02,32.96,9.99,4.94,6.61,19.28,89.33,60.99,6.1,14.73,88.89,4.12,4.95,0.29,0.586,1
MOES-TRN-1555,2018-12-12T06:00:00Z,GRID-MUM-01,Moderate_Monsoon_Spell,221.45,85.24,54.56,28.09,85.07,94.02,169.99,94.08,93.79,4.2,14.57,19.5,3.65,89.11,109.17,2.348,3
MOES-TRN-1556,2018-12-12T09:00:00Z,GRID-CHE-04,Northeast_Monsoon_Depression,261.45,33.67,46.38,12.95,25.94,26.42,29.33,91.31,74.68,5.8,13.78,57.17,2.6,28.19,16.46,0.276,1
MOES-TRN-1557,2018-12-12T12:00:00Z,GRID-GUW-02,Meghalaya_Orographic_Cloudburst,275.25,4.24,28.18,6.14,0.36,3.78,25.9,84.35,55.7,51.4,12.5,88.93,0.0,2.02,0.0,0.134,0
MOES-TRN-1558,2018-12-12T15:00:00Z,GRID-WAY-03,Light_Orographic_Spell,188.0,152.34,58.08,45.27,154.15,137.13,243.36,87.2,95.4,780.0,15.58,33.08,0.22,151.95,166.67,3.114,3
MOES-TRN-1559,2018-12-12T18:00:00Z,GRID-DEL-05,Yamuna_Catchment_Surge,243.84,46.72,49.85,22.99,49.31,59.27,87.24,89.78,77.02,212.0,11.79,38.86,0.38,49.74,43.32,0.685,2
MOES-TRN-1560,2018-12-12T21:00:00Z,GRID-KOL-06,Hooghly_Spring_Tide_Downpour,246.59,62.65,50.43,23.36,64.72,55.23,139.46,93.19,91.64,6.1,13.97,59.76,3.93,58.9,70.62,1.498,3
MOES-TRN-1561,2018-12-13T00:00:00Z,GRID-MUM-01,Arabian_Sea_Monsoon_Surge,270.1,18.5,41.64,11.22,12.59,13.42,22.17,89.14,36.14,4.2,14.49,79.64,2.67,14.29,3.84,0.308,1
MOES-TRN-1562,2018-12-13T03:00:00Z,GRID-CHE-04,Coastal_Squall_Line,234.36,62.45,52.0,21.95,63.57,73.08,73.87,92.31,81.17,5.8,14.41,51.51,2.88,65.12,60.54,1.053,2
MOES-TRN-1563,2018-12-13T06:00:00Z,GRID-GUW-02,Valley_Monsoon_Shower,196.55,141.61,58.55,40.27,134.76,149.64,253.43,89.09,98.46,51.4,13.31,40.31,0.06,148.09,170.75,2.996,3
MOES-TRN-1564,2018-12-13T09:00:00Z,GRID-WAY-03,Western_Ghats_Orographic_Surge,279.17,10.87,39.47,11.11,10.89,9.31,2.17,83.96,60.12,780.0,15.67,74.03,0.28,10.6,0.04,0.205,0
MOES-TRN-1565,2018-12-13T12:00:00Z,GRID-DEL-05,Yamuna_Catchment_Surge,245.59,44.71,49.58,24.97,53.34,64.41,124.43,89.17,76.19,212.0,11.64,45.13,0.16,51.09,50.66,0.822,2
MOES-TRN-1566,2018-12-13T15:00:00Z,GRID-KOL-06,Monsoon_Trough_Pass,200.7,119.64,55.79,38.97,118.73,109.31,132.93,91.92,93.46,6.1,14.68,46.16,3.81,115.38,120.9,2.286,3
MOES-TRN-1567,2018-12-13T18:00:00Z,GRID-MUM-01,Arabian_Sea_Monsoon_Surge,270.34,13.51,40.27,12.37,13.54,10.97,24.35,88.66,42.51,4.2,14.81,77.85,2.48,12.68,3.02,0.285,1
MOES-TRN-1568,2018-12-13T21:00:00Z,GRID-CHE-04,Northeast_Monsoon_Depression,247.95,40.29,49.4,18.34,50.97,48.95,50.52,89.33,75.26,5.8,13.92,61.34,3.19,46.94,32.83,0.578,1
MOES-TRN-1569,2018-12-14T00:00:00Z,GRID-GUW-02,Meghalaya_Orographic_Cloudburst,271.07,19.39,44.52,9.34,18.73,15.89,15.17,83.86,37.47,51.4,13.6,76.88,0.01,19.52,2.76,0.124,0
MOES-TRN-1570,2018-12-14T03:00:00Z,GRID-WAY-03,Low_Level_Jet_Extreme_Rain,259.89,25.87,47.16,13.86,23.11,20.62,44.32,85.71,73.8,780.0,15.17,53.83,0.35,26.15,10.78,0.299,1
MOES-TRN-1571,2018-12-14T06:00:00Z,GRID-DEL-05,Yamuna_Catchment_Surge,244.32,60.28,51.76,21.75,62.63,68.51,122.87,90.84,91.01,212.0,11.24,42.17,0.21,63.09,65.32,1.042,2
MOES-TRN-1572,2018-12-14T09:00:00Z,GRID-KOL-06,Monsoon_Trough_Pass,204.09,124.64,51.3,36.17,111.84,108.39,240.48,94.23,95.73,6.1,14.1,28.44,3.43,96.39,132.12,2.74,3
MOES-TRN-1573,2018-12-14T12:00:00Z,GRID-MUM-01,Arabian_Sea_Monsoon_Surge,275.32,3.33,31.88,7.83,3.13,2.61,1.9,87.66,47.96,4.2,14.67,70.42,3.78,3.23,0.0,0.455,1
MOES-TRN-1574,2018-12-14T15:00:00Z,GRID-CHE-04,Bay_of_Bengal_Cyclonic_Landfall,262.85,16.12,43.73,12.56,16.56,17.95,28.83,88.58,53.89,5.8,13.58,90.11,2.94,17.7,6.09,0.382,1
MOES-TRN-1575,2018-12-14T18:00:00Z,GRID-GUW-02,Brahmaputra_Trough_Convection,260.14,24.85,46.0,16.55,25.88,25.73,36.08,86.11,72.99,51.4,13.79,57.11,0.23,26.16,10.04,0.189,0
MOES-TRN-1576,2018-12-14T21:00:00Z,GRID-WAY-03,Light_Orographic_Spell,202.28,132.75,55.98,37.52,122.63,137.93,169.85,87.97,94.57,780.0,14.84,31.97,0.1,123.92,125.98,2.312,3
MOES-TRN-1577,2018-12-15T00:00:00Z,GRID-DEL-05,Urban_Heat_Island_Downpour,270.84,22.53,45.56,13.46,22.56,28.67,40.99,89.36,75.69,212.0,11.7,56.37,0.24,24.41,13.0,0.147,0
MOES-TRN-1578,2018-12-15T03:00:00Z,GRID-KOL-06,Bay_Cyclone_Spiral_Band,244.8,40.51,47.13,19.3,48.56,56.46,36.21,91.3,75.38,6.1,14.33,69.42,4.21,43.13,30.37,0.612,2
MOES-TRN-1579,2018-12-15T06:00:00Z,GRID-MUM-01,Mesoscale_Convective_System,229.88,90.01,52.01,24.23,82.26,88.2,150.5,94.65,86.98,4.2,14.28,49.07,2.02,78.79,96.34,1.604,3
MOES-TRN-1580,2018-12-15T09:00:00Z,GRID-CHE-04,Bay_of_Bengal_Cyclonic_Landfall,278.95,0.0,28.91,11.44,2.61,9.3,24.66,86.62,40.86,5.8,14.16,84.86,1.31,3.04,0.01,0.185,0
MOES-TRN-1581,2018-12-15T12:00:00Z,GRID-GUW-02,Pre_Monsoon_Norwester,246.54,52.14,50.29,22.68,48.38,56.51,137.01,86.57,75.89,51.4,13.59,47.33,0.03,50.86,47.51,0.887,2
MOES-TRN-1582,2018-12-15T15:00:00Z,GRID-WAY-03,Western_Ghats_Orographic_Surge,261.63,15.8,44.45,13.31,15.51,15.88,26.71,81.91,39.78,780.0,14.8,73.96,0.17,17.64,2.21,0.281,1
MOES-TRN-1583,2018-12-15T18:00:00Z,GRID-DEL-05,Yamuna_Catchment_Surge,232.93,79.63,53.22,22.97,70.79,59.77,112.77,90.31,80.7,212.0,11.12,47.83,0.31,72.74,71.06,1.089,2
MOES-TRN-1584,2018-12-15T21:00:00Z,GRID-KOL-06,Hooghly_Spring_Tide_Downpour,233.57,63.53,53.02,27.44,74.92,63.51,122.49,92.67,86.63,6.1,14.97,56.19,1.42,71.55,77.91,1.304,3
MOES-TRN-1585,2018-12-16T00:00:00Z,GRID-MUM-01,Offshore_Trough_Cloudburst,258.3,38.85,45.88,14.71,37.05,36.07,34.36,91.15,62.78,4.2,14.97,57.16,3.14,33.95,21.84,0.423,1
MOES-TRN-1586,2018-12-16T03:00:00Z,GRID-CHE-04,Northeast_Monsoon_Depression,253.1,37.61,48.5,16.93,33.89,29.42,28.39,91.15,80.76,5.8,13.47,70.88,3.69,35.55,22.09,0.447,1
MOES-TRN-1587,2018-12-16T06:00:00Z,GRID-GUW-02,Pre_Monsoon_Norwester,224.19,90.17,53.05,28.02,85.76,73.08,97.72,88.18,86.04,51.4,13.1,56.74,0.03,81.39,70.95,1.019,2
MOES-TRN-1588,2018-12-16T09:00:00Z,GRID-WAY-03,Low_Level_Jet_Extreme_Rain,251.38,43.55,49.0,18.03,44.86,37.38,61.08,83.66,58.28,780.0,14.81,53.94,0.09,42.73,22.31,0.325,1
MOES-TRN-1589,2018-12-16T12:00:00Z,GRID-DEL-05,Scattered_Convective_Cell,188.0,136.64,57.68,40.95,141.75,145.05,170.0,92.83,98.51,212.0,11.55,27.64,0.08,142.99,158.82,2.651,3
MOES-TRN-1590,2018-12-16T15:00:00Z,GRID-KOL-06,Gangetic_West_Bengal_Deep_Depression,275.52,7.53,37.9,7.51,6.85,2.29,17.79,87.52,40.44,6.1,14.12,90.38,3.0,6.85,0.31,0.336,1
MOES-TRN-1591,2018-12-16T18:00:00Z,GRID-MUM-01,Offshore_Trough_Cloudburst,267.48,22.15,44.3,8.48,21.43,20.11,27.27,92.16,68.22,4.2,14.54,65.81,2.88,21.36,11.89,0.324,1
MOES-TRN-1592,2018-12-16T21:00:00Z,GRID-CHE-04,Stratiform_Monsoon_Rain,203.12,118.22,56.9,41.9,120.74,118.16,274.14,95.46,95.89,5.8,14.24,26.28,2.23,123.33,169.89,3.208,3
MOES-TRN-1593,2018-12-17T00:00:00Z,GRID-GUW-02,Pre_Monsoon_Norwester,241.22,51.43,52.0,23.19,58.24,57.92,115.78,88.55,86.94,51.4,13.06,42.14,0.13,59.2,54.99,1.0,2
MOES-TRN-1594,2018-12-17T03:00:00Z,GRID-WAY-03,Monsoon_Vortex_Feeder_Band,234.61,66.9,50.47,25.88,61.84,72.12,91.89,86.15,86.98,780.0,14.65,54.41,0.31,60.95,46.82,0.757,2
MOES-TRN-1595,2018-12-17T06:00:00Z,GRID-DEL-05,Yamuna_Catchment_Surge,223.5,84.46,55.09,27.27,80.75,71.34,130.83,91.15,89.2,212.0,11.41,58.49,0.04,86.55,90.24,1.35,3
MOES-TRN-1596,2018-12-17T09:00:00Z,GRID-KOL-06,Hooghly_Spring_Tide_Downpour,245.21,62.55,50.4,23.83,64.75,51.09,110.92,91.86,79.21,6.1,14.32,45.25,2.6,58.24,60.68,1.154,3
MOES-TRN-1597,2018-12-17T12:00:00Z,GRID-MUM-01,Offshore_Trough_Cloudburst,252.98,26.01,48.54,13.58,33.5,33.17,70.82,91.78,65.52,4.2,15.29,56.15,4.1,34.15,30.04,0.836,2
MOES-TRN-1598,2018-12-17T15:00:00Z,GRID-CHE-04,Northeast_Monsoon_Depression,253.04,45.65,50.05,20.89,43.52,43.36,33.59,89.89,75.23,5.8,14.48,53.8,1.29,45.59,29.45,0.381,1
MOES-TRN-1599,2018-12-17T18:00:00Z,GRID-GUW-02,Pre_Monsoon_Norwester,231.75,78.09,53.81,24.51,83.59,68.64,90.48,88.47,91.32,51.4,13.05,59.72,0.36,80.8,69.6,0.97,2
MOES-TRN-1600,2018-12-17T21:00:00Z,GRID-WAY-03,Low_Level_Jet_Extreme_Rain,250.31,38.19,48.91,16.96,42.36,49.61,28.83,83.94,62.24,780.0,15.14,57.81,0.26,42.45,17.42,0.276,1
MOES-TRN-1601,2018-12-18T00:00:00Z,GRID-DEL-05,Urban_Heat_Island_Downpour,259.2,25.36,46.72,15.19,23.07,26.57,38.75,88.34,71.21,212.0,11.29,74.7,0.22,26.25,12.79,0.095,0
MOES-TRN-1602,2018-12-18T03:00:00Z,GRID-KOL-06,Hooghly_Spring_Tide_Downpour,240.46,62.89,50.84,25.01,59.99,51.89,87.85,93.19,86.27,6.1,15.07,60.0,1.82,57.68,58.48,0.893,2
MOES-TRN-1603,2018-12-18T06:00:00Z,GRID-MUM-01,Mesoscale_Convective_System,242.03,52.59,52.58,27.12,60.22,60.22,131.95,94.25,87.74,4.2,14.77,60.0,2.09,62.28,75.04,1.262,3
MOES-TRN-1604,2018-12-18T09:00:00Z,GRID-CHE-04,Bay_of_Bengal_Cyclonic_Landfall,266.62,12.99,42.61,10.22,18.6,14.92,0.44,87.39,44.48,5.8,14.47,79.98,2.75,16.61,1.91,0.278,1
MOES-TRN-1605,2018-12-18T12:00:00Z,GRID-GUW-02,Brahmaputra_Trough_Convection,264.18,24.9,44.01,17.55,23.37,24.37,74.39,88.18,81.82,51.4,12.39,68.6,0.28,22.84,15.8,0.28,1
MOES-TRN-1606,2018-12-18T15:00:00Z,GRID-WAY-03,Light_Orographic_Spell,203.98,115.56,55.01,34.1,111.49,93.49,192.02,87.24,89.55,780.0,15.38,27.5,0.16,105.92,111.33,2.175,3
MOES-TRN-1607,2018-12-18T18:00:00Z,GRID-DEL-05,Scattered_Convective_Cell,188.0,134.77,56.94,41.82,142.1,161.46,139.66,91.66,92.37,212.0,11.49,28.76,0.22,140.42,146.24,2.404,3
MOES-TRN-1608,2018-12-18T21:00:00Z,GRID-KOL-06,Hooghly_Spring_Tide_Downpour,244.71,49.45,51.55,21.87,51.85,49.51,149.19,91.6,81.22,6.1,14.78,59.14,3.89,53.98,63.99,1.482,3
MOES-TRN-1609,2018-12-19T00:00:00Z,GRID-MUM-01,Arabian_Sea_Monsoon_Surge,269.27,7.67,39.07,8.84,7.47,6.95,29.83,89.49,46.09,4.2,14.95,76.15,3.83,8.27,2.03,0.579,1
MOES-TRN-1610,2018-12-19T03:00:00Z,GRID-CHE-04,Stratiform_Monsoon_Rain,209.99,97.27,53.32,32.46,104.3,94.93,304.27,92.92,90.8,5.8,14.27,22.01,4.33,93.59,139.45,3.273,3
MOES-TRN-1611,2018-12-19T06:00:00Z,GRID-GUW-02,Pre_Monsoon_Norwester,232.75,70.54,53.1,23.89,71.45,63.55,132.88,88.16,90.22,51.4,12.99,35.74,0.04,71.63,69.01,1.295,3
MOES-TRN-1612,2018-12-19T09:00:00Z,GRID-WAY-03,Low_Level_Jet_Extreme_Rain,260.0,33.78,48.79,19.17,38.51,32.15,28.06,84.03,61.61,780.0,15.13,74.94,0.12,37.6,14.13,0.274,1
MOES-TRN-1613,2018-12-19T12:00:00Z,GRID-DEL-05,Urban_Heat_Island_Downpour,246.89,46.52,47.31,19.28,43.68,41.08,63.56,87.7,68.5,212.0,11.86,70.31,0.35,40.36,26.91,0.183,0
MOES-TRN-1614,2018-12-19T15:00:00Z,GRID-KOL-06,Hooghly_Spring_Tide_Downpour,230.52,82.36,52.94,27.9,78.17,61.61,129.0,91.19,79.92,6.1,13.8,36.28,3.37,75.27,79.1,1.606,3
MOES-TRN-1615,2018-12-19T18:00:00Z,GRID-MUM-01,Mesoscale_Convective_System,230.55,78.99,55.03,26.27,81.22,81.25,152.51,93.72,81.42,4.2,14.98,46.39,2.34,86.96,102.26,1.838,3
MOES-TRN-1616,2018-12-19T21:00:00Z,GRID-CHE-04,Coastal_Squall_Line,236.27,72.25,50.24,22.03,66.51,83.41,76.17,93.71,87.57,5.8,13.78,53.56,2.91,64.61,63.97,1.09,2
MOES-TRN-1617,2018-12-20T00:00:00Z,GRID-GUW-02,Pre_Monsoon_Norwester,245.64,60.91,50.35,19.3,59.5,62.6,92.09,86.99,79.29,51.4,13.63,51.75,0.39,57.48,45.51,0.712,2
MOES-TRN-1618,2018-12-20T03:00:00Z,GRID-WAY-03,Western_Ghats_Orographic_Surge,270.24,15.32,41.75,10.48,13.7,8.96,33.35,83.7,57.62,780.0,15.19,68.3,0.26,13.66,2.03,0.31,1
MOES-TRN-1619,2018-12-20T06:00:00Z,GRID-DEL-05,Western_Disturbance_Monsoon_Interaction,268.63,15.42,45.92,14.27,22.06,19.79,32.48,85.2,40.31,212.0,11.17,84.97,0.12,22.27,6.55,0.063,0
MOES-TRN-1620,2018-12-20T09:00:00Z,GRID-KOL-06,Hooghly_Spring_Tide_Downpour,238.27,63.75,51.22,18.71,61.28,56.16,88.79,93.19,87.78,6.1,13.84,42.55,2.09,59.91,60.82,1.002,2
MOES-TRN-1621,2018-12-20T12:00:00Z,GRID-MUM-01,Arabian_Sea_Monsoon_Surge,268.25,10.26,37.02,6.89,7.43,1.12,10.85,89.68,60.2,4.2,14.61,74.89,4.44,7.02,0.39,0.652,2
MOES-TRN-1622,2018-12-20T15:00:00Z,GRID-CHE-04,Bay_of_Bengal_Cyclonic_Landfall,272.89,3.94,32.23,9.07,1.94,0.0,11.65,85.93,42.22,5.8,13.77,84.45,3.96,2.57,0.0,0.472,1
MOES-TRN-1623,2018-12-20T18:00:00Z,GRID-GUW-02,Pre_Monsoon_Norwester,246.7,49.93,51.99,20.21,52.34,56.57,160.91,86.91,75.43,51.4,12.51,43.12,0.38,56.5,57.95,1.127,2
MOES-TRN-1624,2018-12-20T21:00:00Z,GRID-WAY-03,Monsoon_Vortex_Feeder_Band,241.27,51.08,48.94,22.19,55.36,54.13,160.31,87.05,91.83,780.0,14.64,54.68,0.22,50.14,52.42,1.032,2
MOES-TRN-1625,2018-12-21T00:00:00Z,GRID-DEL-05,Yamuna_Catchment_Surge,235.84,68.87,53.42,25.04,67.08,63.06,145.36,90.23,84.43,212.0,11.4,39.72,0.36,70.8,75.84,1.344,3
MOES-TRN-1626,2018-12-21T03:00:00Z,GRID-KOL-06,Bay_Cyclone_Spiral_Band,256.65,33.54,47.39,18.43,39.03,43.36,67.6,91.26,72.09,6.1,14.79,67.55,2.93,36.96,30.94,0.542,1
MOES-TRN-1627,2018-12-21T06:00:00Z,GRID-MUM-01,Offshore_Trough_Cloudburst,256.88,28.74,46.7,16.95,25.73,32.29,53.19,91.01,58.26,4.2,15.44,76.8,3.27,28.57,20.6,0.534,1
MOES-TRN-1628,2018-12-21T09:00:00Z,GRID-CHE-04,Northeast_Monsoon_Depression,256.51,37.56,45.99,13.02,36.27,29.8,25.63,88.49,62.06,5.8,14.06,55.7,4.12,32.7,15.55,0.568,1
MOES-TRN-1629,2018-12-21T12:00:00Z,GRID-GUW-02,Meghalaya_Orographic_Cloudburst,277.12,7.1,35.19,10.08,7.04,4.19,5.27,83.48,49.72,51.4,13.07,75.33,0.15,6.24,0.0,0.097,0
MOES-TRN-1630,2018-12-21T15:00:00Z,GRID-WAY-03,Monsoon_Vortex_Feeder_Band,239.56,59.24,50.45,22.51,59.51,58.25,158.16,85.9,79.1,780.0,15.1,46.14,0.27,56.84,55.52,1.146,2
MOES-TRN-1631,2018-12-21T18:00:00Z,GRID-DEL-05,Western_Disturbance_Monsoon_Interaction,268.73,7.8,36.52,14.13,12.99,14.33,26.5,87.59,55.82,212.0,11.66,90.26,0.1,10.43,1.82,0.163,0
MOES-TRN-1632,2018-12-21T21:00:00Z,GRID-KOL-06,Hooghly_Spring_Tide_Downpour,238.3,66.88,50.66,22.36,61.23,53.63,159.12,92.56,78.18,6.1,14.31,56.18,4.22,58.58,72.88,1.66,3
MOES-TRN-1633,2018-12-22T00:00:00Z,GRID-MUM-01,Moderate_Monsoon_Spell,195.08,145.45,60.24,39.94,131.34,133.68,244.91,94.22,95.18,4.2,14.41,26.17,4.58,159.84,196.09,3.85,3
MOES-TRN-1634,2018-12-22T03:00:00Z,GRID-CHE-04,Stratiform_Monsoon_Rain,212.03,108.27,54.34,32.06,100.85,84.84,205.14,95.02,93.65,5.8,13.68,27.84,4.41,96.58,126.89,2.767,3
MOES-TRN-1635,2018-12-22T06:00:00Z,GRID-GUW-02,Meghalaya_Orographic_Cloudburst,268.09,19.46,45.1,13.69,20.09,13.86,23.31,82.58,37.38,51.4,13.14,81.22,0.34,20.38,3.2,0.185,0
MOES-TRN-1636,2018-12-22T09:00:00Z,GRID-WAY-03,Low_Level_Jet_Extreme_Rain,257.8,25.46,46.74,19.85,27.9,37.78,48.64,85.04,66.64,780.0,14.99,73.19,0.3,29.7,13.0,0.324,1
MOES-TRN-1637,2018-12-22T12:00:00Z,GRID-DEL-05,Western_Disturbance_Monsoon_Interaction,270.08,10.29,40.59,10.25,8.5,8.03,13.47,85.12,39.4,212.0,11.79,77.11,0.06,10.02,0.35,0.048,0
MOES-TRN-1638,2018-12-22T15:00:00Z,GRID-KOL-06,Bay_Cyclone_Spiral_Band,254.81,44.67,50.1,19.63,43.08,29.93,31.07,92.73,81.65,6.1,13.89,66.35,1.87,43.5,32.42,0.219,0
MOES-TRN-1639,2018-12-22T18:00:00Z,GRID-MUM-01,Offshore_Trough_Cloudburst,254.14,35.17,48.82,14.93,34.66,40.81,66.5,90.38,64.14,4.2,14.78,77.8,4.47,37.64,29.72,0.778,2
MOES-TRN-1640,2018-12-22T21:00:00Z,GRID-CHE-04,Stratiform_Monsoon_Rain,220.15,83.23,52.4,29.81,89.74,72.14,194.97,94.94,95.3,5.8,14.16,28.26,2.83,79.5,107.54,2.204,3
MOES-TRN-1641,2018-12-23T00:00:00Z,GRID-GUW-02,Meghalaya_Orographic_Cloudburst,267.23,12.28,39.38,11.56,11.56,13.24,7.06,84.73,54.89,51.4,12.87,83.71,0.39,11.59,0.32,0.121,0
MOES-TRN-1642,2018-12-23T03:00:00Z,GRID-WAY-03,Western_Ghats_Orographic_Surge,276.09,0.68,29.3,6.96,1.89,8.01,16.59,80.65,35.76,780.0,14.64,72.7,0.22,2.74,0.0,0.225,0
MOES-TRN-1643,2018-12-23T06:00:00Z,GRID-DEL-05,Urban_Heat_Island_Downpour,256.65,37.7,49.39,19.09,30.01,35.76,84.66,88.96,71.87,212.0,12.4,61.83,0.36,36.7,29.83,0.36,1
MOES-TRN-1644,2018-12-23T09:00:00Z,GRID-KOL-06,Bay_Cyclone_Spiral_Band,265.44,25.42,46.25,16.57,26.34,25.34,74.38,91.79,77.82,6.1,14.15,59.29,1.65,26.7,24.23,0.359,1
MOES-TRN-1645,2018-12-23T12:00:00Z,GRID-MUM-01,Arabian_Sea_Monsoon_Surge,272.78,10.74,39.15,13.69,9.41,14.18,7.05,87.94,40.25,4.2,14.77,84.32,3.43,10.54,0.66,0.424,1
MOES-TRN-1646,2018-12-23T15:00:00Z,GRID-CHE-04,Coastal_Squall_Line,238.03,64.81,53.79,21.71,63.63,58.64,160.46,90.55,76.69,5.8,13.69,59.03,3.55,69.59,78.65,1.533,3
MOES-TRN-1647,2018-12-23T18:00:00Z,GRID-GUW-02,Pre_Monsoon_Norwester,242.99,60.79,48.03,21.22,62.18,71.23,100.03,87.19,77.11,51.4,13.02,51.65,0.2,55.05,45.29,0.697,2
MOES-TRN-1648,2018-12-23T21:00:00Z,GRID-WAY-03,Light_Orographic_Spell,212.29,99.68,56.55,32.04,100.59,104.33,164.42,88.23,89.48,780.0,15.48,34.67,0.34,108.72,110.92,2.072,3
MOES-TRN-1649,2018-12-24T00:00:00Z,GRID-DEL-05,Urban_Heat_Island_Downpour,261.36,37.05,50.8,18.16,37.04,42.01,68.77,89.35,76.85,212.0,11.59,59.0,0.39,43.34,33.23,0.296,1
MOES-TRN-1650,2018-12-24T03:00:00Z,GRID-KOL-06,Monsoon_Trough_Pass,198.53,110.96,57.4,37.37,126.48,110.93,223.27,93.09,89.51,6.1,14.1,24.93,2.06,126.46,154.82,2.857,3
MOES-TRN-1651,2018-12-24T06:00:00Z,GRID-MUM-01,Offshore_Trough_Cloudburst,248.31,40.26,48.7,16.5,38.99,32.49,77.88,91.3,71.66,4.2,14.94,73.66,1.92,38.71,34.59,0.456,1
MOES-TRN-1652,2018-12-24T09:00:00Z,GRID-CHE-04,Bay_of_Bengal_Cyclonic_Landfall,266.36,17.31,41.26,13.1,18.05,17.44,0.27,87.63,55.35,5.8,13.91,75.37,3.1,16.49,1.95,0.272,1
MOES-TRN-1653,2018-12-24T12:00:00Z,GRID-GUW-02,Brahmaputra_Trough_Convection,254.09,35.05,47.54,17.51,29.6,26.97,63.14,86.09,70.53,51.4,12.43,76.06,0.4,31.54,17.7,0.261,1
MOES-TRN-1654,2018-12-24T15:00:00Z,GRID-WAY-03,Light_Orographic_Spell,221.81,87.97,52.83,30.71,98.94,110.32,227.27,88.8,92.11,780.0,14.77,39.31,0.13,90.48,108.21,2.142,3
MOES-TRN-1655,2018-12-24T18:00:00Z,GRID-DEL-05,Yamuna_Catchment_Surge,234.48,72.46,53.69,27.67,66.42,70.07,95.61,89.66,80.56,212.0,12.08,58.33,0.17,73.12,66.31,0.928,2
MOES-TRN-1656,2018-12-24T21:00:00Z,GRID-KOL-06,Gangetic_West_Bengal_Deep_Depression,274.39,8.9,35.04,8.78,4.96,4.66,30.64,86.22,39.79,6.1,15.33,90.99,1.63,5.77,0.43,0.326,1
MOES-TRN-1657,2018-12-25T00:00:00Z,GRID-MUM-01,Offshore_Trough_Cloudburst,259.56,30.66,49.08,14.15,32.25,23.04,30.34,91.5,65.56,4.2,14.85,69.55,2.42,34.01,21.73,0.335,1
MOES-TRN-1658,2018-12-25T03:00:00Z,GRID-CHE-04,Coastal_Squall_Line,248.79,52.81,49.97,21.51,54.16,58.58,72.48,90.78,79.64,5.8,13.83,56.52,2.94,52.72,45.17,0.755,2
MOES-TRN-1659,2018-12-25T06:00:00Z,GRID-GUW-02,Meghalaya_Orographic_Cloudburst,261.12,22.29,45.25,12.4,19.62,24.66,18.93,84.2,53.11,51.4,13.77,75.08,0.12,22.33,4.45,0.181,0
MOES-TRN-1660,2018-12-25T09:00:00Z,GRID-WAY-03,Western_Ghats_Orographic_Surge,267.21,5.95,37.88,9.03,8.8,10.15,11.79,83.89,55.4,780.0,15.46,68.44,0.14,8.44,0.03,0.29,1
MOES-TRN-1661,2018-12-25T12:00:00Z,GRID-DEL-05,Urban_Heat_Island_Downpour,261.63,23.07,46.35,13.59,26.13,24.56,82.04,89.38,69.33,212.0,11.44,61.42,0.06,26.26,21.4,0.238,0
MOES-TRN-1662,2018-12-25T15:00:00Z,GRID-KOL-06,Monsoon_Trough_Pass,213.57,105.67,56.69,32.06,109.23,114.99,179.93,94.36,97.34,6.1,14.25,25.63,3.05,115.26,138.01,2.631,3
MOES-TRN-1663,2018-12-25T18:00:00Z,GRID-MUM-01,Arabian_Sea_Monsoon_Surge,266.27,11.38,40.08,9.34,13.42,3.92,31.29,90.56,57.54,4.2,14.6,71.49,1.43,11.2,4.17,0.285,1
MOES-TRN-1664,2018-12-25T21:00:00Z,GRID-CHE-04,Stratiform_Monsoon_Rain,188.0,131.42,56.42,42.83,152.22,171.66,307.52,93.07,88.03,5.8,15.11,43.23,3.02,142.08,188.63,3.652,3
MOES-TRN-1665,2018-12-26T00:00:00Z,GRID-GUW-02,Brahmaputra_Trough_Convection,242.8,43.85,48.22,21.06,42.12,39.85,60.49,88.62,78.92,51.4,12.69,74.87,0.25,40.64,28.1,0.233,0
MOES-TRN-1666,2018-12-26T03:00:00Z,GRID-WAY-03,Western_Ghats_Orographic_Surge,270.77,11.65,42.43,12.25,14.8,15.46,2.92,84.8,64.48,780.0,14.97,72.54,0.19,14.89,0.8,0.152,0
MOES-TRN-1667,2018-12-26T06:00:00Z,GRID-DEL-05,Scattered_Convective_Cell,209.5,97.08,53.77,32.21,107.97,109.57,236.19,92.28,89.52,212.0,10.93,31.12,0.31,98.68,127.83,2.333,3
MOES-TRN-1668,2018-12-26T09:00:00Z,GRID-KOL-06,Monsoon_Trough_Pass,211.94,86.43,55.0,33.34,104.51,114.85,308.46,92.03,88.29,6.1,14.3,18.06,3.52,101.6,145.65,3.265,3
MOES-TRN-1669,2018-12-26T12:00:00Z,GRID-MUM-01,Arabian_Sea_Monsoon_Surge,273.65,7.03,34.95,7.86,9.23,6.13,31.49,87.01,42.19,4.2,14.82,71.63,4.01,7.27,0.98,0.612,2
MOES-TRN-1670,2018-12-26T15:00:00Z,GRID-CHE-04,Stratiform_Monsoon_Rain,219.66,103.81,54.76,33.4,103.81,99.24,183.08,94.08,95.22,5.8,14.41,27.96,2.21,100.84,123.6,2.209,3
MOES-TRN-1671,2018-12-26T18:00:00Z,GRID-GUW-02,Brahmaputra_Trough_Convection,257.49,38.1,51.2,16.17,35.11,32.61,28.85,86.89,73.82,51.4,12.24,58.45,0.36,42.49,21.33,0.156,0
MOES-TRN-1672,2018-12-26T21:00:00Z,GRID-WAY-03,Light_Orographic_Spell,204.58,117.4,56.58,33.13,107.4,132.02,177.46,87.63,90.38,780.0,15.36,32.81,0.01,118.2,121.15,2.189,3
MOES-TRN-1673,2018-12-27T00:00:00Z,GRID-DEL-05,Yamuna_Catchment_Surge,237.56,66.9,52.59,26.96,61.97,49.56,113.02,89.11,86.47,212.0,11.19,44.43,0.14,63.78,59.89,0.945,2
MOES-TRN-1674,2018-12-27T03:00:00Z,GRID-KOL-06,Gangetic_West_Bengal_Deep_Depression,269.38,16.79,44.15,9.5,19.57,19.92,24.6,87.3,44.5,6.1,14.59,68.57,4.15,19.61,5.7,0.604,2
MOES-TRN-1675,2018-12-27T06:00:00Z,GRID-MUM-01,Offshore_Trough_Cloudburst,256.13,45.56,50.99,17.86,43.06,37.43,55.99,91.39,63.95,4.2,14.59,68.42,3.82,46.82,37.74,0.757,2
MOES-TRN-1676,2018-12-27T09:00:00Z,GRID-CHE-04,Stratiform_Monsoon_Rain,188.0,161.61,56.08,47.27,146.54,144.51,279.09,92.07,95.79,5.8,14.1,23.32,1.73,139.09,176.44,3.334,3
MOES-TRN-1677,2018-12-27T12:00:00Z,GRID-GUW-02,Brahmaputra_Trough_Convection,268.17,18.66,45.85,12.07,24.81,14.97,69.4,86.16,61.52,51.4,13.29,61.02,0.2,23.08,12.84,0.334,1
MOES-TRN-1678,2018-12-27T15:00:00Z,GRID-WAY-03,Western_Ghats_Orographic_Surge,267.44,18.54,41.05,11.82,17.36,23.87,4.81,83.82,54.52,780.0,15.62,73.77,0.22,17.19,1.24,0.251,1
MOES-TRN-1679,2018-12-27T18:00:00Z,GRID-DEL-05,Western_Disturbance_Monsoon_Interaction,268.08,16.45,42.74,12.4,18.81,13.15,14.47,85.3,38.73,212.0,11.39,73.19,0.04,17.09,2.4,0.047,0
MOES-TRN-1680,2018-12-27T21:00:00Z,GRID-KOL-06,Bay_Cyclone_Spiral_Band,247.26,39.95,48.39,16.98,41.32,45.63,46.84,89.61,62.68,6.1,13.59,71.07,3.21,40.83,27.4,0.442,1
MOES-TRN-1681,2018-12-28T00:00:00Z,GRID-MUM-01,Offshore_Trough_Cloudburst,260.21,33.29,45.6,16.4,34.91,29.82,46.06,92.35,68.14,4.2,15.0,58.2,2.26,31.02,23.54,0.347,1
MOES-TRN-1682,2018-12-28T03:00:00Z,GRID-CHE-04,Stratiform_Monsoon_Rain,207.81,120.93,55.67,36.59,109.81,111.34,234.87,91.88,89.48,5.8,14.03,46.29,2.79,111.87,139.37,2.639,3
MOES-TRN-1683,2018-12-28T06:00:00Z,GRID-GUW-02,Valley_Monsoon_Shower,192.77,147.42,57.2,45.75,144.64,142.43,297.16,89.93,98.12,51.4,13.39,33.12,0.28,142.33,177.1,3.285,3
MOES-TRN-1684,2018-12-28T09:00:00Z,GRID-WAY-03,Low_Level_Jet_Extreme_Rain,261.98,28.86,46.38,13.58,25.25,22.2,52.62,83.47,63.82,780.0,15.19,75.52,0.02,26.56,10.06,0.366,1
MOES-TRN-1685,2018-12-28T12:00:00Z,GRID-DEL-05,Yamuna_Catchment_Surge,244.58,53.53,52.02,19.94,53.79,54.72,87.53,89.39,78.08,212.0,11.42,55.16,0.3,57.49,49.57,0.649,2
MOES-TRN-1686,2018-12-28T15:00:00Z,GRID-KOL-06,Hooghly_Spring_Tide_Downpour,237.91,58.2,50.84,24.12,63.86,57.73,76.85,93.69,92.13,6.1,14.37,47.27,2.44,59.22,58.87,1.001,2
MOES-TRN-1687,2018-12-28T18:00:00Z,GRID-MUM-01,Offshore_Trough_Cloudburst,240.94,40.93,50.66,17.09,44.36,47.6,37.03,91.63,70.11,4.2,14.75,60.97,1.53,47.17,34.76,0.388,1
MOES-TRN-1688,2018-12-28T21:00:00Z,GRID-CHE-04,Stratiform_Monsoon_Rain,200.85,117.51,57.46,36.34,122.03,138.14,164.61,92.63,88.69,5.8,14.02,35.95,1.79,130.02,144.23,2.428,3
MOES-TRN-1689,2018-12-29T00:00:00Z,GRID-GUW-02,Meghalaya_Orographic_Cloudburst,277.18,3.15,34.99,11.79,8.02,5.45,9.05,83.56,45.99,51.4,13.63,75.67,0.32,6.11,0.0,0.136,0
MOES-TRN-1690,2018-12-29T03:00:00Z,GRID-WAY-03,Monsoon_Vortex_Feeder_Band,240.47,58.7,48.1,19.16,60.55,50.15,153.97,86.65,76.75,780.0,14.75,53.86,0.28,51.26,51.32,1.059,2
MOES-TRN-1691,2018-12-29T06:00:00Z,GRID-DEL-05,Western_Disturbance_Monsoon_Interaction,263.61,19.45,42.68,8.52,21.85,22.78,6.97,87.78,60.65,212.0,11.5,69.11,0.27,20.03,4.21,0.02,0
MOES-TRN-1692,2018-12-29T09:00:00Z,GRID-KOL-06,Hooghly_Spring_Tide_Downpour,251.78,47.16,51.39,20.5,48.82,47.35,94.82,91.49,75.5,6.1,14.43,45.74,3.62,51.73,50.35,1.165,3
MOES-TRN-1693,2018-12-29T12:00:00Z,GRID-MUM-01,Mesoscale_Convective_System,243.79,48.47,47.73,18.34,55.89,51.19,74.61,91.47,76.75,4.2,14.4,40.63,2.14,47.38,42.15,0.76,2
MOES-TRN-1694,2018-12-29T15:00:00Z,GRID-CHE-04,Bay_of_Bengal_Cyclonic_Landfall,274.72,11.17,37.82,11.11,8.57,10.17,28.2,86.57,37.36,5.8,13.67,68.39,4.42,9.16,1.2,0.673,2
MOES-TRN-1695,2018-12-29T18:00:00Z,GRID-GUW-02,Meghalaya_Orographic_Cloudburst,274.24,1.94,31.91,9.44,2.66,6.58,23.66,83.62,39.19,51.4,12.9,73.11,0.35,3.39,0.0,0.21,0
MOES-TRN-1696,2018-12-29T21:00:00Z,GRID-WAY-03,Western_Ghats_Orographic_Surge,266.5,15.83,43.15,11.6,19.77,19.57,32.92,84.71,59.15,780.0,14.54,71.42,0.13,18.59,4.44,0.274,1
MOES-TRN-1697,2018-12-30T00:00:00Z,GRID-DEL-05,Scattered_Convective_Cell,220.08,80.52,51.18,30.56,94.91,97.52,287.92,92.16,96.49,212.0,11.96,28.59,0.1,81.03,121.32,2.455,3
MOES-TRN-1698,2018-12-30T03:00:00Z,GRID-KOL-06,Hooghly_Spring_Tide_Downpour,235.05,66.11,49.96,24.37,62.79,54.38,82.62,92.46,89.25,6.1,13.65,54.18,3.56,57.53,55.51,1.098,2
MOES-TRN-1699,2018-12-30T06:00:00Z,GRID-MUM-01,Mesoscale_Convective_System,241.56,56.81,50.81,17.48,50.98,53.62,71.77,93.11,81.57,4.2,14.56,43.39,2.14,53.45,50.87,0.836,2
MOES-TRN-1700,2018-12-30T09:00:00Z,GRID-CHE-04,Stratiform_Monsoon_Rain,199.05,129.16,56.58,43.58,140.27,122.42,187.25,92.39,92.77,5.8,13.84,25.62,4.22,131.22,149.62,3.005,3
MOES-TRN-1701,2018-12-30T12:00:00Z,GRID-GUW-02,Valley_Monsoon_Shower,224.58,77.89,51.02,30.19,90.55,91.46,306.22,90.77,93.63,51.4,13.25,31.39,0.29,77.69,118.09,2.551,3
MOES-TRN-1702,2018-12-30T15:00:00Z,GRID-WAY-03,Monsoon_Vortex_Feeder_Band,229.61,66.22,55.01,24.29,71.68,82.54,89.36,87.73,88.63,780.0,15.46,50.89,0.14,81.37,68.14,1.11,2
MOES-TRN-1703,2018-12-30T18:00:00Z,GRID-DEL-05,Western_Disturbance_Monsoon_Interaction,256.46,20.85,40.72,13.74,15.15,10.23,11.3,87.88,53.62,212.0,11.37,72.0,0.27,14.62,2.26,0.048,0
MOES-TRN-1704,2018-12-30T21:00:00Z,GRID-KOL-06,Hooghly_Spring_Tide_Downpour,231.15,78.04,53.55,34.71,85.53,82.04,100.66,92.35,79.4,6.1,14.96,36.31,3.44,82.42,82.95,1.692,3
MOES-TRN-1705,2018-12-31T00:00:00Z,GRID-MUM-01,Moderate_Monsoon_Spell,203.08,126.82,56.53,40.02,123.76,112.36,237.92,96.31,97.31,4.2,14.86,28.43,2.51,122.88,164.07,3.113,3
MOES-TRN-1706,2018-12-31T03:00:00Z,GRID-CHE-04,Bay_of_Bengal_Cyclonic_Landfall,269.84,16.1,46.04,12.68,22.41,19.03,26.34,88.75,57.54,5.8,13.93,84.73,3.13,22.55,8.87,0.373,1
MOES-TRN-1707,2018-12-31T06:00:00Z,GRID-GUW-02,Brahmaputra_Trough_Convection,246.88,39.13,49.17,22.42,45.92,47.65,73.53,85.54,59.05,51.4,13.66,65.37,0.02,44.19,28.31,0.383,1
MOES-TRN-1708,2018-12-31T09:00:00Z,GRID-WAY-03,Low_Level_Jet_Extreme_Rain,251.53,38.22,51.08,13.93,40.16,44.83,64.39,83.79,65.45,780.0,15.96,72.24,0.34,45.82,25.33,0.44,1
MOES-TRN-1709,2018-12-31T12:00:00Z,GRID-DEL-05,Western_Disturbance_Monsoon_Interaction,267.67,10.48,40.87,11.89,12.97,3.14,1.9,84.95,53.97,212.0,11.6,69.44,0.35,11.23,0.15,0.025,0
MOES-TRN-1710,2018-12-31T15:00:00Z,GRID-KOL-06,Gangetic_West_Bengal_Deep_Depression,262.1,21.51,44.11,12.31,20.4,19.59,27.06,88.18,55.79,6.1,15.0,80.73,2.25,20.6,7.25,0.279,1
MOES-TRN-1711,2018-12-31T18:00:00Z,GRID-MUM-01,Moderate_Monsoon_Spell,221.31,92.22,54.51,24.98,88.53,84.18,293.75,94.49,94.1,4.2,14.61,33.54,1.27,89.95,138.12,2.83,3
MOES-TRN-1712,2018-12-31T21:00:00Z,GRID-CHE-04,Bay_of_Bengal_Cyclonic_Landfall,268.15,19.05,40.1,11.06,14.27,14.32,0.29,88.86,56.96,5.8,14.3,74.44,3.8,14.22,1.58,0.447,1
MOES-TRN-1713,2019-01-01T00:00:00Z,GRID-GUW-02,Meghalaya_Orographic_Cloudburst,263.66,15.87,42.94,11.11,15.31,15.64,25.93,85.93,62.62,51.4,14.09,86.65,0.28,16.18,3.34,0.187,0
MOES-TRN-1714,2019-01-01T03:00:00Z,GRID-WAY-03,Low_Level_Jet_Extreme_Rain,248.64,51.46,48.48,21.11,46.08,48.97,60.45,84.63,65.16,780.0,14.59,73.44,0.14,45.09,25.37,0.292,1
MOES-TRN-1715,2019-01-01T06:00:00Z,GRID-DEL-05,Scattered_Convective_Cell,222.0,91.33,53.79,29.58,89.13,98.28,132.68,92.04,99.26,212.0,10.82,42.61,0.13,89.1,95.47,1.463,3
MOES-TRN-1716,2019-01-01T09:00:00Z,GRID-KOL-06,Hooghly_Spring_Tide_Downpour,228.09,96.77,53.56,27.62,84.31,71.24,160.04,92.42,90.55,6.1,14.6,59.98,1.33,83.48,96.9,1.694,3
MOES-TRN-1717,2019-01-01T12:00:00Z,GRID-MUM-01,Mesoscale_Convective_System,235.39,72.25,52.34,22.28,66.28,83.12,75.44,93.22,88.55,4.2,14.6,42.43,2.1,70.16,67.95,1.125,2
MOES-TRN-1718,2019-01-01T15:00:00Z,GRID-CHE-04,Bay_of_Bengal_Cyclonic_Landfall,265.71,9.17,37.11,10.24,8.12,11.53,6.92,87.84,57.93,5.8,13.9,91.74,3.5,8.6,0.25,0.424,1
MOES-TRN-1719,2019-01-01T18:00:00Z,GRID-GUW-02,Meghalaya_Orographic_Cloudburst,265.18,17.72,40.77,13.59,17.66,20.99,31.29,84.72,50.71,51.4,12.66,81.47,0.13,16.61,3.41,0.111,0
MOES-TRN-1720,2019-01-01T21:00:00Z,GRID-WAY-03,Western_Ghats_Orographic_Surge,269.87,5.72,42.82,8.77,10.29,2.59,14.61,81.16,35.92,780.0,15.29,80.74,0.26,10.72,0.07,0.241,0
MOES-TRN-1721,2019-01-02T00:00:00Z,GRID-DEL-05,Western_Disturbance_Monsoon_Interaction,271.58,15.91,42.13,7.14,10.33,9.43,9.01,85.2,36.6,212.0,12.54,74.73,0.17,12.8,0.71,0.076,0
MOES-TRN-1722,2019-01-02T03:00:00Z,GRID-KOL-06,Hooghly_Spring_Tide_Downpour,243.61,65.53,51.88,17.43,58.21,63.43,75.62,93.21,91.15,6.1,14.87,56.26,4.06,61.88,59.99,1.236,3
MOES-TRN-1723,2019-01-02T06:00:00Z,GRID-MUM-01,Mesoscale_Convective_System,251.87,42.14,47.52,16.51,47.19,42.17,89.68,94.3,92.43,4.2,15.37,35.41,1.21,41.47,45.98,0.865,2
MOES-TRN-1724,2019-01-02T09:00:00Z,GRID-CHE-04,Bay_of_Bengal_Cyclonic_Landfall,274.93,6.15,40.17,11.72,9.32,16.32,19.35,88.68,56.12,5.8,13.39,87.7,3.06,10.59,1.72,0.339,1
MOES-TRN-1725,2019-01-02T12:00:00Z,GRID-GUW-02,Brahmaputra_Trough_Convection,251.13,48.04,48.76,17.39,44.53,37.24,38.85,85.5,66.95,51.4,13.69,72.02,0.14,42.83,21.3,0.2,0
MOES-TRN-1726,2019-01-02T15:00:00Z,GRID-WAY-03,Low_Level_Jet_Extreme_Rain,251.73,38.21,48.5,15.9,39.72,42.99,35.03,85.91,71.9,780.0,14.96,77.6,0.32,39.77,18.96,0.286,1
MOES-TRN-1727,2019-01-02T18:00:00Z,GRID-DEL-05,Western_Disturbance_Monsoon_Interaction,279.09,0.0,30.29,9.62,4.69,3.11,14.32,85.67,55.38,212.0,11.77,74.27,0.39,3.13,0.0,0.08,0
MOES-TRN-1728,2019-01-02T21:00:00Z,GRID-KOL-06,Bay_Cyclone_Spiral_Band,242.91,51.43,50.39,15.7,47.18,43.0,66.94,93.55,76.89,6.1,14.91,73.77,3.92,48.64,46.31,0.844,2
MOES-TRN-1729,2019-01-03T00:00:00Z,GRID-MUM-01,Mesoscale_Convective_System,228.0,62.83,53.01,29.03,75.88,71.29,143.18,93.5,85.14,4.2,14.86,41.11,2.62,72.85,85.79,1.636,3
MOES-TRN-1730,2019-01-03T03:00:00Z,GRID-CHE-04,Coastal_Squall_Line,242.34,58.06,49.39,25.86,58.06,59.05,137.38,90.74,76.54,5.8,14.09,39.99,3.7,53.88,59.4,1.441,3
MOES-TRN-1731,2019-01-03T06:00:00Z,GRID-GUW-02,Brahmaputra_Trough_Convection,263.17,38.74,48.87,15.92,31.53,34.48,40.13,85.6,59.67,51.4,13.77,72.23,0.27,36.23,16.82,0.218,0
MOES-TRN-1732,2019-01-03T09:00:00Z,GRID-WAY-03,Light_Orographic_Spell,218.6,97.65,53.87,30.2,88.55,75.92,187.85,86.95,89.43,780.0,14.75,40.74,0.05,87.06,91.79,1.761,3
MOES-TRN-1733,2019-01-03T12:00:00Z,GRID-DEL-05,Western_Disturbance_Monsoon_Interaction,262.54,14.57,41.67,10.43,13.18,13.54,14.75,86.77,61.57,212.0,11.75,81.87,0.28,13.92,1.84,0.094,0
MOES-TRN-1734,2019-01-03T15:00:00Z,GRID-KOL-06,Gangetic_West_Bengal_Deep_Depression,279.57,1.89,37.5,5.45,1.92,6.14,16.81,87.72,47.59,6.1,14.57,86.96,2.39,4.47,0.03,0.18,0
MOES-TRN-1735,2019-01-03T18:00:00Z,GRID-MUM-01,Offshore_Trough_Cloudburst,267.23,28.0,45.21,10.25,24.17,27.48,63.18,89.8,59.36,4.2,14.4,76.11,3.13,25.32,17.96,0.511,1
MOES-TRN-1736,2019-01-03T21:00:00Z,GRID-CHE-04,Bay_of_Bengal_Cyclonic_Landfall,273.39,17.21,42.16,14.56,21.02,15.56,0.81,87.28,44.01,5.8,13.47,87.07,1.74,17.95,2.41,0.136,0
MOES-TRN-1737,2019-01-04T00:00:00Z,GRID-GUW-02,Brahmaputra_Trough_Convection,264.05,15.98,43.95,11.08,26.43,27.47,32.23,86.3,69.15,51.4,13.41,62.3,0.03,22.96,7.76,0.163,0
MOES-TRN-1738,2019-01-04T03:00:00Z,GRID-WAY-03,Low_Level_Jet_Extreme_Rain,253.62,37.07,47.77,19.64,38.98,37.79,41.89,85.6,78.57,780.0,15.03,73.98,0.02,37.32,17.88,0.258,1
MOES-TRN-1739,2019-01-04T06:00:00Z,GRID-DEL-05,Urban_Heat_Island_Downpour,255.97,38.77,48.58,20.28,32.18,30.82,62.35,89.08,73.52,212.0,11.3,71.14,0.25,35.43,24.87,0.2,0
MOES-TRN-1740,2019-01-04T09:00:00Z,GRID-KOL-06,Gangetic_West_Bengal_Deep_Depression,276.23,7.11,34.85,8.9,5.51,7.66,16.49,86.9,37.36,6.1,14.19,76.05,4.4,6.06,0.1,0.549,1
MOES-TRN-1741,2019-01-04T12:00:00Z,GRID-MUM-01,Offshore_Trough_Cloudburst,252.8,38.04,47.09,15.46,39.77,43.24,39.39,91.4,77.73,4.2,14.34,62.95,3.79,37.49,26.23,0.54,1
MOES-TRN-1742,2019-01-04T15:00:00Z,GRID-CHE-04,Bay_of_Bengal_Cyclonic_Landfall,262.43,13.41,43.57,11.33,14.59,15.75,4.28,88.94,48.25,5.8,13.78,79.7,4.32,16.06,2.7,0.537,1
MOES-TRN-1743,2019-01-04T18:00:00Z,GRID-GUW-02,Meghalaya_Orographic_Cloudburst,271.0,14.81,41.64,11.6,18.16,15.18,13.71,82.95,36.62,51.4,13.42,86.98,0.27,16.07,1.23,0.148,0
MOES-TRN-1744,2019-01-04T21:00:00Z,GRID-WAY-03,Western_Ghats_Orographic_Surge,273.75,3.8,31.72,7.92,7.46,0.65,19.53,82.81,41.65,780.0,15.15,84.63,0.26,4.65,0.0,0.2,0
MOES-TRN-1745,2019-01-05T00:00:00Z,GRID-DEL-05,Scattered_Convective_Cell,204.53,102.28,57.58,32.07,125.01,130.87,216.32,92.35,98.16,212.0,12.18,24.38,0.0,128.52,153.16,2.72,3
MOES-TRN-1746,2019-01-05T03:00:00Z,GRID-KOL-06,Hooghly_Spring_Tide_Downpour,222.75,69.01,51.73,24.88,75.36,82.35,70.27,93.07,89.93,6.1,14.62,47.8,4.09,71.16,67.43,1.371,3
MOES-TRN-1747,2019-01-05T06:00:00Z,GRID-MUM-01,Mesoscale_Convective_System,229.94,78.17,50.65,24.21,72.67,84.42,110.8,94.29,91.85,4.2,14.56,35.22,1.25,69.04,77.19,1.394,3
MOES-TRN-1748,2019-01-05T09:00:00Z,GRID-CHE-04,Coastal_Squall_Line,244.32,61.48,50.26,23.18,65.5,65.5,117.9,92.74,92.77,5.8,13.92,35.15,3.68,60.04,66.0,1.465,3
MOES-TRN-1749,2019-01-05T12:00:00Z,GRID-GUW-02,Meghalaya_Orographic_Cloudburst,274.56,12.58,39.69,8.89,7.87,10.97,23.0,83.67,50.35,51.4,13.05,87.75,0.11,10.07,0.5,0.162,0
MOES-TRN-1750,2019-01-05T15:00:00Z,GRID-WAY-03,Western_Ghats_Orographic_Surge,266.68,25.97,43.18,15.89,17.49,26.18,16.72,82.69,60.26,780.0,15.53,71.65,0.11,20.3,2.68,0.3,1
MOES-TRN-1751,2019-01-05T18:00:00Z,GRID-DEL-05,Yamuna_Catchment_Surge,244.25,55.22,51.4,24.83,59.99,52.31,92.62,90.69,86.62,212.0,11.33,53.45,0.27,57.98,53.92,0.712,2
MOES-TRN-1752,2019-01-05T21:00:00Z,GRID-KOL-06,Bay_Cyclone_Spiral_Band,253.31,38.27,45.53,17.14,35.02,28.63,38.8,89.91,62.54,6.1,14.58,76.1,2.55,31.61,18.85,0.287,1
MOES-TRN-1753,2019-01-06T00:00:00Z,GRID-MUM-01,Moderate_Monsoon_Spell,188.33,129.48,59.74,42.77,144.89,136.83,232.18,94.3,92.32,4.2,14.57,28.71,1.4,158.14,191.85,3.438,3
MOES-TRN-1754,2019-01-06T03:00:00Z,GRID-CHE-04,Bay_of_Bengal_Cyclonic_Landfall,258.96,16.23,44.38,14.28,21.26,26.62,23.37,88.01,48.17,5.8,13.74,79.1,3.06,21.33,7.06,0.355,1
MOES-TRN-1755,2019-01-06T06:00:00Z,GRID-GUW-02,Pre_Monsoon_Norwester,236.16,61.7,49.77,26.44,60.44,65.54,163.75,88.14,85.18,51.4,13.33,53.92,0.24,57.08,61.79,1.145,2
MOES-TRN-1756,2019-01-06T09:00:00Z,GRID-WAY-03,Western_Ghats_Orographic_Surge,267.62,9.93,37.14,7.89,8.83,12.81,7.85,85.08,59.67,780.0,15.11,70.72,0.07,9.18,0.09,0.183,0
MOES-TRN-1757,2019-01-06T12:00:00Z,GRID-DEL-05,Western_Disturbance_Monsoon_Interaction,263.71,26.58,42.68,10.28,20.81,15.4,33.02,86.19,44.99,212.0,11.62,72.84,0.28,19.75,5.98,0.09,0
MOES-TRN-1758,2019-01-06T15:00:00Z,GRID-KOL-06,Bay_Cyclone_Spiral_Band,250.26,46.62,50.1,19.98,45.76,32.1,80.38,90.96,69.36,6.1,13.55,67.18,2.96,45.12,40.19,0.615,2
MOES-TRN-1759,2019-01-06T18:00:00Z,GRID-MUM-01,Offshore_Trough_Cloudburst,261.33,18.45,44.68,14.57,25.21,24.46,47.93,92.16,67.71,4.2,14.46,55.75,3.38,23.19,16.96,0.528,1
MOES-TRN-1760,2019-01-06T21:00:00Z,GRID-CHE-04,Stratiform_Monsoon_Rain,211.57,94.43,54.74,33.62,111.42,102.68,268.01,91.99,92.68,5.8,13.87,27.96,1.75,102.58,137.73,2.709,3
MOES-TRN-1761,2019-01-07T00:00:00Z,GRID-GUW-02,Valley_Monsoon_Shower,196.76,119.6,56.72,38.82,120.58,119.5,169.19,90.17,92.51,51.4,13.54,47.67,0.39,122.62,130.84,2.196,3
MOES-TRN-1762,2019-01-07T03:00:00Z,GRID-WAY-03,Low_Level_Jet_Extreme_Rain,251.11,42.31,48.68,18.04,34.44,34.62,29.21,87.0,76.9,780.0,15.61,75.24,0.39,37.57,17.82,0.323,1
MOES-TRN-1763,2019-01-07T06:00:00Z,GRID-DEL-05,Western_Disturbance_Monsoon_Interaction,273.59,7.87,37.27,13.16,7.44,6.83,1.48,85.93,48.43,212.0,11.2,76.1,0.31,7.53,0.0,0.053,0
MOES-TRN-1764,2019-01-07T09:00:00Z,GRID-KOL-06,Bay_Cyclone_Spiral_Band,252.78,38.98,48.97,18.85,37.71,38.48,72.02,89.01,59.44,6.1,14.26,70.95,2.44,39.38,29.84,0.451,1
MOES-TRN-1765,2019-01-07T12:00:00Z,GRID-MUM-01,Arabian_Sea_Monsoon_Surge,272.92,6.76,35.19,8.32,3.4,5.76,16.54,88.02,35.78,4.2,15.15,82.92,2.59,5.03,0.08,0.274,1
MOES-TRN-1766,2019-01-07T15:00:00Z,GRID-CHE-04,Bay_of_Bengal_Cyclonic_Landfall,264.05,18.01,43.16,12.56,18.56,21.51,24.97,87.84,49.87,5.8,14.24,80.46,3.84,18.76,5.66,0.471,1
MOES-TRN-1767,2019-01-07T18:00:00Z,GRID-GUW-02,Pre_Monsoon_Norwester,233.62,65.79,53.64,23.75,72.18,85.68,143.1,87.64,81.32,51.4,12.96,57.61,0.01,76.22,74.12,1.216,3
MOES-TRN-1768,2019-01-07T21:00:00Z,GRID-WAY-03,Western_Ghats_Orographic_Surge,258.43,19.8,44.73,15.45,22.87,28.13,33.94,81.17,37.78,780.0,15.7,86.24,0.07,23.09,4.53,0.277,1
MOES-TRN-1769,2019-01-08T00:00:00Z,GRID-DEL-05,Scattered_Convective_Cell,201.79,131.13,57.2,37.0,122.8,97.56,186.45,90.94,89.9,212.0,11.65,38.75,0.16,125.13,139.23,2.28,3
MOES-TRN-1770,2019-01-08T03:00:00Z,GRID-KOL-06,Bay_Cyclone_Spiral_Band,252.92,38.29,50.58,19.96,38.66,43.54,28.43,91.78,77.17,6.1,14.38,66.63,4.42,43.84,30.37,0.686,2
MOES-TRN-1771,2019-01-08T06:00:00Z,GRID-MUM-01,Offshore_Trough_Cloudburst,263.03,24.41,47.67,8.93,22.7,22.14,67.32,92.2,77.55,4.2,14.66,70.0,3.94,26.76,23.65,0.656,2
MOES-TRN-1772,2019-01-08T09:00:00Z,GRID-CHE-04,Bay_of_Bengal_Cyclonic_Landfall,275.28,3.75,36.9,11.59,8.57,5.07,19.94,87.41,42.61,5.8,14.52,77.4,3.58,6.93,0.39,0.436,1
MOES-TRN-1773,2019-01-08T12:00:00Z,GRID-GUW-02,Valley_Monsoon_Shower,203.48,115.86,55.48,34.49,110.48,110.29,271.55,88.92,94.02,51.4,12.9,40.88,0.06,110.2,137.09,2.542,3
MOES-TRN-1774,2019-01-08T15:00:00Z,GRID-WAY-03,Monsoon_Vortex_Feeder_Band,226.14,82.98,50.6,27.5,82.5,83.04,118.65,85.49,75.12,780.0,15.57,56.37,0.1,73.22,61.48,1.043,2
MOES-TRN-1775,2019-01-08T18:00:00Z,GRID-DEL-05,Western_Disturbance_Monsoon_Interaction,275.12,9.29,38.02,10.83,6.07,1.72,34.39,87.8,64.07,212.0,11.54,85.73,0.03,6.81,1.25,0.038,0
MOES-TRN-1776,2019-01-08T21:00:00Z,GRID-KOL-06,Monsoon_Trough_Pass,195.86,143.14,57.58,38.01,127.84,141.12,149.4,93.23,93.61,6.1,14.1,22.14,1.32,137.58,150.16,2.642,3
MOES-TRN-1777,2019-01-09T00:00:00Z,GRID-MUM-01,Arabian_Sea_Monsoon_Surge,269.91,6.92,37.89,9.71,10.1,6.07,34.93,89.9,55.18,4.2,14.21,78.92,2.04,8.51,2.82,0.243,0
MOES-TRN-1778,2019-01-09T03:00:00Z,GRID-CHE-04,Northeast_Monsoon_Depression,256.8,32.01,45.62,13.36,31.02,22.18,61.88,88.33,60.88,5.8,14.17,64.9,1.2,28.3,18.02,0.263,1
MOES-TRN-1779,2019-01-09T06:00:00Z,GRID-GUW-02,Pre_Monsoon_Norwester,225.0,77.23,52.18,28.13,79.95,83.2,156.19,89.7,90.81,51.4,13.87,41.32,0.16,75.67,81.41,1.522,3
MOES-TRN-1780,2019-01-09T09:00:00Z,GRID-WAY-03,Monsoon_Vortex_Feeder_Band,245.19,57.28,51.43,20.82,48.92,57.77,123.66,86.28,76.71,780.0,15.1,45.26,0.37,54.95,47.93,0.92,2
MOES-TRN-1781,2019-01-09T12:00:00Z,GRID-DEL-05,Urban_Heat_Island_Downpour,251.39,45.06,50.08,19.8,46.29,50.84,51.25,88.48,75.32,212.0,11.62,65.51,0.25,47.66,32.06,0.256,1
MOES-TRN-1782,2019-01-09T15:00:00Z,GRID-KOL-06,Hooghly_Spring_Tide_Downpour,228.91,68.54,52.69,28.08,86.53,88.28,96.91,92.9,89.74,6.1,14.47,58.52,2.87,79.12,80.4,1.354,3
MOES-TRN-1783,2019-01-09T18:00:00Z,GRID-MUM-01,Offshore_Trough_Cloudburst,251.56,35.64,47.94,15.33,41.86,43.75,47.53,91.28,75.21,4.2,15.42,65.21,3.75,39.3,29.14,0.642,2
MOES-TRN-1784,2019-01-09T21:00:00Z,GRID-CHE-04,Stratiform_Monsoon_Rain,227.85,74.31,54.54,27.01,86.55,85.71,222.48,92.68,91.87,5.8,14.69,21.93,3.39,86.68,114.19,2.549,3
MOES-TRN-1785,2019-01-10T00:00:00Z,GRID-GUW-02,Brahmaputra_Trough_Convection,258.35,41.34,46.57,15.46,41.05,35.78,51.44,85.88,67.54,51.4,13.33,60.14,0.33,36.72,19.33,0.289,1
MOES-TRN-1786,2019-01-10T03:00:00Z,GRID-WAY-03,Western_Ghats_Orographic_Surge,265.46,14.4,45.46,12.97,19.73,12.37,7.61,82.33,48.7,780.0,14.66,75.06,0.35,19.63,1.67,0.155,0
MOES-TRN-1787,2019-01-10T06:00:00Z,GRID-DEL-05,Western_Disturbance_Monsoon_Interaction,274.41,7.8,40.48,12.28,14.1,18.31,15.18,84.37,37.31,212.0,11.44,71.48,0.12,13.12,0.92,0.038,0
MOES-TRN-1788,2019-01-10T09:00:00Z,GRID-KOL-06,Gangetic_West_Bengal_Deep_Depression,274.91,4.05,34.72,6.12,3.99,0.0,1.08,89.13,49.18,6.1,14.43,81.04,3.05,3.89,0.0,0.294,1
MOES-TRN-1789,2019-01-10T12:00:00Z,GRID-MUM-01,Offshore_Trough_Cloudburst,250.08,37.34,47.59,19.22,38.74,40.49,73.82,91.73,76.76,4.2,14.23,66.34,4.38,37.36,33.4,0.795,2
MOES-TRN-1790,2019-01-10T15:00:00Z,GRID-CHE-04,Northeast_Monsoon_Depression,262.38,24.75,45.41,12.83,27.24,26.8,65.12,91.68,74.12,5.8,14.06,76.56,3.9,26.11,21.8,0.59,1
MOES-TRN-1791,2019-01-10T18:00:00Z,GRID-GUW-02,Valley_Monsoon_Shower,190.85,146.73,57.66,42.04,143.62,138.36,171.63,90.24,95.52,51.4,13.21,30.88,0.01,144.26,152.75,2.619,3
MOES-TRN-1792,2019-01-10T21:00:00Z,GRID-WAY-03,Monsoon_Vortex_Feeder_Band,231.08,70.56,53.0,23.47,75.63,64.84,147.83,86.62,82.03,780.0,14.88,56.0,0.32,73.06,69.75,1.281,3
MOES-TRN-1793,2019-01-11T00:00:00Z,GRID-DEL-05,Urban_Heat_Island_Downpour,254.57,37.84,49.96,14.44,38.2,34.53,66.88,87.78,68.89,212.0,11.87,74.32,0.33,40.88,28.07,0.23,0
MOES-TRN-1794,2019-01-11T03:00:00Z,GRID-KOL-06,Gangetic_West_Bengal_Deep_Depression,264.42,21.43,46.48,14.55,22.38,19.77,17.29,90.11,64.88,6.1,14.49,78.53,2.28,24.08,9.92,0.267,1
MOES-TRN-1795,2019-01-11T06:00:00Z,GRID-MUM-01,Arabian_Sea_Monsoon_Surge,279.25,13.69,38.47,10.06,11.86,16.06,5.47,86.06,35.88,4.2,14.74,78.83,2.89,11.91,0.52,0.312,1
MOES-TRN-1796,2019-01-11T09:00:00Z,GRID-CHE-04,Coastal_Squall_Line,242.78,56.15,52.85,23.63,53.16,53.82,65.85,90.91,76.68,5.8,13.64,39.64,2.99,60.17,50.98,0.931,2
MOES-TRN-1797,2019-01-11T12:00:00Z,GRID-GUW-02,Meghalaya_Orographic_Cloudburst,276.97,9.2,38.62,9.7,10.26,12.68,22.95,82.64,37.76,51.4,13.3,79.28,0.19,10.17,0.36,0.186,0
MOES-TRN-1798,2019-01-11T15:00:00Z,GRID-WAY-03,Monsoon_Vortex_Feeder_Band,237.4,59.61,50.69,23.11,61.41,64.6,82.93,85.69,81.13,780.0,14.86,42.92,0.23,59.1,42.61,0.758,2
MOES-TRN-1799,2019-01-11T18:00:00Z,GRID-DEL-05,Yamuna_Catchment_Surge,243.39,52.81,51.85,19.66,56.6,50.86,100.97,89.52,78.39,212.0,11.01,53.36,0.39,57.4,52.49,0.759,2
MOES-TRN-1800,2019-01-11T21:00:00Z,GRID-KOL-06,Bay_Cyclone_Spiral_Band,248.88,46.3,48.9,19.53,38.9,40.97,40.1,89.5,69.57,6.1,14.72,67.02,2.51,41.21,26.3,0.348,1
MOES-TRN-1801,2019-01-12T00:00:00Z,GRID-MUM-01,Mesoscale_Convective_System,236.94,62.85,52.61,21.61,61.48,67.72,71.5,92.29,79.78,4.2,14.47,44.91,2.0,65.54,60.38,0.985,2
MOES-TRN-1802,2019-01-12T03:00:00Z,GRID-CHE-04,Bay_of_Bengal_Cyclonic_Landfall,276.07,5.7,37.37,7.39,7.51,1.93,23.48,86.99,49.88,5.8,14.01,73.92,2.67,6.56,0.41,0.282,1
MOES-TRN-1803,2019-01-12T06:00:00Z,GRID-GUW-02,Brahmaputra_Trough_Convection,250.69,47.4,48.04,16.63,44.34,53.8,66.56,86.69,60.02,51.4,12.85,63.23,0.27,43.7,28.53,0.268,1
MOES-TRN-1804,2019-01-12T09:00:00Z,GRID-WAY-03,Monsoon_Vortex_Feeder_Band,249.5,43.38,51.64,19.15,47.55,47.3,132.81,86.56,80.93,780.0,15.86,42.87,0.24,51.34,47.12,1.015,2
MOES-TRN-1805,2019-01-12T12:00:00Z,GRID-DEL-05,Urban_Heat_Island_Downpour,255.43,46.71,49.09,19.81,49.84,50.08,58.9,87.07,64.6,212.0,11.57,56.72,0.06,47.07,30.54,0.286,1
MOES-TRN-1806,2019-01-12T15:00:00Z,GRID-KOL-06,Hooghly_Spring_Tide_Downpour,231.65,66.85,54.09,27.08,73.57,78.82,75.33,93.5,79.55,6.1,14.51,54.83,3.11,77.73,75.99,1.301,3
MOES-TRN-1807,2019-01-12T18:00:00Z,GRID-MUM-01,Arabian_Sea_Monsoon_Surge,265.73,19.88,42.78,12.9,21.78,18.27,8.66,89.83,51.7,4.2,14.1,79.43,1.75,19.52,5.53,0.171,0
MOES-TRN-1808,2019-01-12T21:00:00Z,GRID-CHE-04,Stratiform_Monsoon_Rain,201.97,133.66,55.97,37.18,123.28,118.7,288.54,93.53,97.66,5.8,13.44,27.7,2.84,121.61,165.55,3.267,3
MOES-TRN-1809,2019-01-13T00:00:00Z,GRID-GUW-02,Meghalaya_Orographic_Cloudburst,264.06,18.77,42.6,12.68,19.5,19.72,4.68,85.36,63.02,51.4,12.73,91.23,0.24,18.53,2.16,0.031,0
MOES-TRN-1810,2019-01-13T03:00:00Z,GRID-WAY-03,Low_Level_Jet_Extreme_Rain,253.18,31.85,49.03,13.82,37.05,28.96,25.8,85.33,73.2,780.0,15.23,53.52,0.31,36.75,14.68,0.282,1
MOES-TRN-1811,2019-01-13T06:00:00Z,GRID-DEL-05,Urban_Heat_Island_Downpour,257.49,38.96,46.97,14.31,36.66,46.52,28.54,90.49,80.76,212.0,11.26,65.34,0.22,36.74,22.05,0.144,0
MOES-TRN-1812,2019-01-13T09:00:00Z,GRID-KOL-06,Gangetic_West_Bengal_Deep_Depression,271.78,4.59,31.06,5.7,0.88,4.97,4.1,88.56,48.27,6.1,13.98,89.16,3.81,2.78,0.0,0.419,1
MOES-TRN-1813,2019-01-13T12:00:00Z,GRID-MUM-01,Mesoscale_Convective_System,236.42,54.86,50.91,21.26,63.77,67.83,69.58,91.91,81.99,4.2,15.35,61.42,4.49,60.25,54.07,1.18,3
MOES-TRN-1814,2019-01-13T15:00:00Z,GRID-CHE-04,Coastal_Squall_Line,229.39,81.02,53.74,24.9,71.45,68.17,133.49,93.03,85.96,5.8,14.2,42.02,3.31,76.3,85.82,1.69,3
MOES-TRN-1815,2019-01-13T18:00:00Z,GRID-GUW-02,Valley_Monsoon_Shower,204.61,116.27,55.74,35.88,111.87,111.05,139.2,89.49,93.63,51.4,13.59,45.72,0.26,112.22,112.37,1.863,3
MOES-TRN-1816,2019-01-13T21:00:00Z,GRID-WAY-03,Light_Orographic_Spell,198.04,143.71,55.63,41.57,130.0,131.41,185.07,87.52,91.38,780.0,14.82,43.35,0.26,125.79,129.76,2.297,3
MOES-TRN-1817,2019-01-14T00:00:00Z,GRID-DEL-05,Yamuna_Catchment_Surge,241.59,46.42,52.8,18.75,57.0,50.84,163.95,90.94,89.52,212.0,11.79,45.99,0.19,59.48,70.72,1.266,3
MOES-TRN-1818,2019-01-14T03:00:00Z,GRID-KOL-06,Monsoon_Trough_Pass,202.04,121.55,53.24,38.64,130.56,140.82,242.11,93.57,97.77,6.1,14.22,34.2,1.82,113.58,147.57,2.766,3
MOES-TRN-1819,2019-01-14T06:00:00Z,GRID-MUM-01,Offshore_Trough_Cloudburst,249.55,40.79,50.83,18.49,39.7,43.87,81.54,92.54,78.42,4.2,14.61,73.02,2.17,45.28,43.91,0.618,2
MOES-TRN-1820,2019-01-14T09:00:00Z,GRID-CHE-04,Stratiform_Monsoon_Rain,188.0,144.17,56.57,36.87,146.21,147.38,142.89,93.6,96.35,5.8,13.82,21.7,4.47,139.34,151.58,2.998,3
MOES-TRN-1821,2019-01-14T12:00:00Z,GRID-GUW-02,Brahmaputra_Trough_Convection,244.9,49.85,49.71,19.43,45.36,46.44,63.27,87.13,78.34,51.4,12.88,58.98,0.18,46.64,31.09,0.332,1
MOES-TRN-1822,2019-01-14T15:00:00Z,GRID-WAY-03,Monsoon_Vortex_Feeder_Band,232.32,87.85,52.35,30.2,76.0,71.43,131.09,87.15,87.12,780.0,15.25,50.64,0.39,74.75,69.14,1.225,3
MOES-TRN-1823,2019-01-14T18:00:00Z,GRID-DEL-05,Urban_Heat_Island_Downpour,255.94,28.52,49.81,16.26,33.55,36.64,45.64,88.61,73.03,212.0,11.65,66.85,0.11,37.58,22.91,0.177,0
MOES-TRN-1824,2019-01-14T21:00:00Z,GRID-KOL-06,Monsoon_Trough_Pass,189.11,141.16,57.94,41.91,135.39,141.19,196.17,94.45,92.61,6.1,14.17,43.53,1.24,142.56,168.93,2.886,3
MOES-TRN-1825,2019-01-15T00:00:00Z,GRID-MUM-01,Moderate_Monsoon_Spell,212.68,108.76,54.4,31.61,96.03,86.29,234.5,93.27,91.3,4.2,14.75,46.86,2.17,95.28,126.96,2.404,3
MOES-TRN-1826,2019-01-15T03:00:00Z,GRID-CHE-04,Stratiform_Monsoon_Rain,218.72,102.55,55.01,30.78,86.86,95.15,302.64,93.75,97.96,5.8,13.25,27.56,3.14,94.73,142.62,2.983,3
MOES-TRN-1827,2019-01-15T06:00:00Z,GRID-GUW-02,Valley_Monsoon_Shower,193.98,111.03,57.66,38.77,125.65,151.74,166.68,89.43,88.79,51.4,13.15,35.81,0.06,133.61,138.89,2.411,3
MOES-TRN-1828,2019-01-15T09:00:00Z,GRID-WAY-03,Light_Orographic_Spell,201.2,129.29,55.95,39.09,128.02,126.09,273.81,88.62,97.72,780.0,15.52,46.81,0.26,123.6,149.75,2.836,3
MOES-TRN-1829,2019-01-15T12:00:00Z,GRID-DEL-05,Urban_Heat_Island_Downpour,262.45,34.59,48.1,15.32,30.76,20.58,31.0,90.26,77.05,212.0,11.0,53.09,0.0,31.95,18.25,0.101,0
MOES-TRN-1830,2019-01-15T15:00:00Z,GRID-KOL-06,Monsoon_Trough_Pass,202.01,124.32,54.86,35.58,117.8,110.98,239.27,92.18,90.13,6.1,13.97,46.06,2.39,111.49,140.82,2.628,3
MOES-TRN-1831,2019-01-15T18:00:00Z,GRID-MUM-01,Arabian_Sea_Monsoon_Surge,271.59,2.86,32.51,9.34,4.29,0.0,3.35,86.4,39.36,4.2,14.97,85.32,3.85,3.34,0.0,0.468,1
MOES-TRN-1832,2019-01-15T21:00:00Z,GRID-CHE-04,Stratiform_Monsoon_Rain,188.0,130.39,56.51,43.7,137.53,157.56,135.54,91.54,88.39,5.8,13.5,20.27,2.66,134.88,139.52,2.52,3
MOES-TRN-1833,2019-01-16T00:00:00Z,GRID-GUW-02,Meghalaya_Orographic_Cloudburst,265.13,18.25,45.42,13.5,15.42,18.31,24.48,84.23,51.55,51.4,13.46,83.74,0.14,19.4,3.71,0.197,0
MOES-TRN-1834,2019-01-16T03:00:00Z,GRID-WAY-03,Low_Level_Jet_Extreme_Rain,259.15,43.57,49.74,16.46,39.59,48.1,57.54,85.89,61.64,780.0,14.91,57.41,0.35,43.73,25.71,0.363,1
MOES-TRN-1835,2019-01-16T06:00:00Z,GRID-DEL-05,Scattered_Convective_Cell,188.83,136.72,57.87,45.4,151.35,159.94,244.36,91.74,96.9,212.0,11.12,38.98,0.11,150.07,178.75,3.067,3
MOES-TRN-1836,2019-01-16T09:00:00Z,GRID-KOL-06,Hooghly_Spring_Tide_Downpour,234.47,73.95,50.08,24.58,71.07,63.31,154.67,93.86,88.85,6.1,14.55,54.44,2.07,63.44,80.02,1.393,3
MOES-TRN-1837,2019-01-16T12:00:00Z,GRID-MUM-01,Arabian_Sea_Monsoon_Surge,271.78,2.29,32.33,9.45,3.83,8.06,30.23,90.36,64.08,4.2,14.81,83.73,4.13,4.17,0.9,0.581,1
MOES-TRN-1838,2019-01-16T15:00:00Z,GRID-CHE-04,Northeast_Monsoon_Depression,263.33,24.82,47.97,13.72,22.77,25.88,39.26,89.32,59.66,5.8,15.19,73.73,1.23,27.87,15.24,0.298,1
MOES-TRN-1839,2019-01-16T18:00:00Z,GRID-GUW-02,Pre_Monsoon_Norwester,245.36,50.61,51.31,26.08,55.31,65.04,115.56,87.54,82.23,51.4,13.05,50.45,0.4,57.01,50.78,0.835,2
MOES-TRN-1840,2019-01-16T21:00:00Z,GRID-WAY-03,Western_Ghats_Orographic_Surge,266.02,2.9,41.02,9.89,7.97,4.81,10.13,80.62,41.79,780.0,15.32,79.43,0.12,8.44,0.0,0.212,0
MOES-TRN-1841,2019-01-17T00:00:00Z,GRID-DEL-05,Urban_Heat_Island_Downpour,241.45,45.52,49.44,19.26,46.92,39.4,37.2,89.22,72.93,212.0,11.43,73.36,0.22,44.98,28.46,0.101,0
MOES-TRN-1842,2019-01-17T03:00:00Z,GRID-KOL-06,Gangetic_West_Bengal_Deep_Depression,263.81,16.01,45.17,10.84,21.04,10.97,20.9,86.19,37.03,6.1,14.43,89.81,2.89,19.86,4.67,0.371,1
MOES-TRN-1843,2019-01-17T06:00:00Z,GRID-MUM-01,Offshore_Trough_Cloudburst,255.94,38.29,47.93,15.71,32.93,31.44,49.5,91.52,70.42,4.2,14.42,63.95,3.89,34.59,25.85,0.62,2
MOES-TRN-1844,2019-01-17T09:00:00Z,GRID-CHE-04,Northeast_Monsoon_Depression,259.4,26.39,45.09,15.3,26.54,28.38,46.74,90.38,78.47,5.8,14.07,66.02,3.23,25.95,16.42,0.462,1
MOES-TRN-1845,2019-01-17T12:00:00Z,GRID-GUW-02,Valley_Monsoon_Shower,188.21,123.73,57.39,40.94,142.44,127.61,182.72,89.28,96.3,51.4,12.97,34.99,0.04,136.85,145.06,2.461,3
MOES-TRN-1846,2019-01-17T15:00:00Z,GRID-WAY-03,Western_Ghats_Orographic_Surge,271.99,14.24,39.31,8.81,11.81,14.07,11.2,80.83,39.31,780.0,15.09,88.97,0.23,12.08,0.1,0.206,0
MOES-TRN-1847,2019-01-17T18:00:00Z,GRID-DEL-05,Urban_Heat_Island_Downpour,249.93,43.36,49.43,17.38,46.21,52.31,69.45,86.45,61.26,212.0,11.13,73.87,0.33,46.15,30.65,0.135,0
MOES-TRN-1848,2019-01-17T21:00:00Z,GRID-KOL-06,Bay_Cyclone_Spiral_Band,249.79,43.32,50.93,15.01,40.95,52.21,46.41,89.47,69.52,6.1,13.98,68.93,3.37,47.6,32.88,0.502,1
MOES-TRN-1849,2019-01-18T00:00:00Z,GRID-MUM-01,Offshore_Trough_Cloudburst,256.13,27.07,45.98,15.23,26.78,31.98,54.99,91.82,71.87,4.2,14.97,72.09,4.54,27.71,21.49,0.719,2
MOES-TRN-1850,2019-01-18T03:00:00Z,GRID-CHE-04,Bay_of_Bengal_Cyclonic_Landfall,273.0,20.88,43.51,13.21,17.93,7.84,11.04,85.63,37.69,5.8,14.0,84.87,3.82,17.37,2.36,0.478,1
MOES-TRN-1851,2019-01-18T06:00:00Z,GRID-GUW-02,Meghalaya_Orographic_Cloudburst,262.06,20.42,42.48,9.51,16.96,26.98,17.27,83.59,45.58,51.4,12.42,81.38,0.28,18.76,2.54,0.133,0
MOES-TRN-1852,2019-01-18T09:00:00Z,GRID-WAY-03,Western_Ghats_Orographic_Surge,274.69,2.83,27.06,4.73,0.36,7.79,23.61,82.72,53.0,780.0,15.15,79.02,0.39,2.25,0.0,0.235,0
MOES-TRN-1853,2019-01-18T12:00:00Z,GRID-DEL-05,Urban_Heat_Island_Downpour,264.46,18.88,45.09,9.29,20.58,24.76,25.9,88.48,62.31,212.0,12.51,65.99,0.18,21.99,8.2,0.096,0
MOES-TRN-1854,2019-01-18T15:00:00Z,GRID-KOL-06,Bay_Cyclone_Spiral_Band,248.48,41.8,51.42,18.11,45.51,48.49,52.49,88.96,58.47,6.1,14.42,69.49,3.15,49.85,35.04,0.613,2
MOES-TRN-1855,2019-01-18T18:00:00Z,GRID-MUM-01,Offshore_Trough_Cloudburst,260.67,24.97,45.06,15.74,26.22,24.63,55.06,90.54,69.18,4.2,14.67,70.33,4.03,25.04,17.37,0.579,1
MOES-TRN-1856,2019-01-18T21:00:00Z,GRID-CHE-04,Bay_of_Bengal_Cyclonic_Landfall,269.85,21.42,43.22,10.47,19.23,14.58,18.61,87.98,50.14,5.8,13.88,76.16,4.34,18.64,4.94,0.615,2
MOES-TRN-1857,2019-01-19T00:00:00Z,GRID-GUW-02,Pre_Monsoon_Norwester,224.99,79.49,54.04,25.35,82.54,87.97,164.68,87.45,77.3,51.4,12.89,42.7,0.17,84.21,85.58,1.538,3
MOES-TRN-1858,2019-01-19T03:00:00Z,GRID-WAY-03,Monsoon_Vortex_Feeder_Band,229.98,66.07,53.55,24.16,75.67,75.39,107.36,87.15,86.12,780.0,15.58,35.99,0.38,75.82,65.33,1.22,3
MOES-TRN-1859,2019-01-19T06:00:00Z,GRID-DEL-05,Yamuna_Catchment_Surge,236.76,76.64,51.35,26.26,68.39,75.56,142.92,92.2,87.48,212.0,11.75,44.28,0.07,67.72,77.34,1.279,3
MOES-TRN-1860,2019-01-19T09:00:00Z,GRID-KOL-06,Monsoon_Trough_Pass,188.76,157.25,56.81,42.43,152.59,148.47,210.7,91.57,90.2,6.1,14.27,34.51,1.81,145.4,166.29,2.961,3
MOES-TRN-1861,2019-01-19T12:00:00Z,GRID-MUM-01,Mesoscale_Convective_System,230.62,64.84,54.19,26.52,66.57,73.8,103.98,92.89,80.91,4.2,14.74,53.97,2.01,74.43,77.32,1.231,3
MOES-TRN-1862,2019-01-19T15:00:00Z,GRID-CHE-04,Coastal_Squall_Line,237.05,70.13,51.71,23.22,66.83,63.56,109.24,90.85,78.24,5.8,13.9,41.14,2.29,65.42,64.72,1.147,2
MOES-TRN-1863,2019-01-19T18:00:00Z,GRID-GUW-02,Meghalaya_Orographic_Cloudburst,276.98,6.67,36.71,8.39,4.84,6.54,33.79,84.51,48.9,51.4,13.39,81.7,0.17,6.12,0.35,0.194,0
MOES-TRN-1864,2019-01-19T21:00:00Z,GRID-WAY-03,Light_Orographic_Spell,192.57,127.98,57.37,41.3,140.12,158.68,146.76,86.89,93.95,780.0,14.81,36.15,0.35,140.85,134.34,2.322,3
MOES-TRN-1865,2019-01-20T00:00:00Z,GRID-DEL-05,Scattered_Convective_Cell,188.0,137.6,57.81,41.68,147.16,128.41,209.23,91.07,89.13,212.0,11.15,18.44,0.1,143.81,162.9,2.841,3
MOES-TRN-1866,2019-01-20T03:00:00Z,GRID-KOL-06,Bay_Cyclone_Spiral_Band,250.41,52.79,50.07,23.48,47.6,47.22,53.17,91.29,59.24,6.1,14.27,71.27,3.82,48.86,38.83,0.69,2
MOES-TRN-1867,2019-01-20T06:00:00Z,GRID-MUM-01,Offshore_Trough_Cloudburst,243.38,52.63,49.17,18.81,44.37,46.95,47.79,92.04,70.48,4.2,15.61,61.77,2.69,45.66,36.35,0.559,1
MOES-TRN-1868,2019-01-20T09:00:00Z,GRID-CHE-04,Bay_of_Bengal_Cyclonic_Landfall,265.48,13.54,43.28,10.13,13.13,10.44,2.26,88.9,55.49,5.8,13.83,76.4,3.25,14.54,1.87,0.318,1
MOES-TRN-1869,2019-01-20T12:00:00Z,GRID-GUW-02,Pre_Monsoon_Norwester,251.92,41.71,50.24,22.25,52.21,47.92,152.05,88.08,78.28,51.4,13.38,40.05,0.27,49.32,52.24,1.015,2
MOES-TRN-1870,2019-01-20T15:00:00Z,GRID-WAY-03,Monsoon_Vortex_Feeder_Band,235.31,65.88,52.24,25.31,65.01,72.82,142.04,87.93,87.06,780.0,15.86,35.54,0.27,66.92,65.98,1.387,3
MOES-TRN-1871,2019-01-20T18:00:00Z,GRID-DEL-05,Urban_Heat_Island_Downpour,248.45,43.37,48.32,18.88,42.66,44.26,27.65,86.59,67.02,212.0,12.18,73.58,0.07,41.57,20.01,0.084,0
MOES-TRN-1872,2019-01-20T21:00:00Z,GRID-KOL-06,Monsoon_Trough_Pass,188.0,144.82,58.55,48.17,153.69,163.7,237.06,94.06,94.84,6.1,14.24,36.26,3.02,157.78,191.84,3.571,3
MOES-TRN-1873,2019-01-21T00:00:00Z,GRID-MUM-01,Moderate_Monsoon_Spell,226.4,88.02,53.34,32.81,90.86,89.51,143.43,95.49,97.32,4.2,14.5,22.39,1.68,86.31,104.59,1.884,3
MOES-TRN-1874,2019-01-21T03:00:00Z,GRID-CHE-04,Northeast_Monsoon_Depression,252.24,52.06,50.61,22.5,44.03,43.76,37.54,87.84,62.6,5.8,14.1,60.74,3.57,48.18,28.86,0.567,1
MOES-TRN-1875,2019-01-21T06:00:00Z,GRID-GUW-02,Brahmaputra_Trough_Convection,264.45,30.82,47.93,16.26,29.77,30.76,82.43,88.27,73.08,51.4,13.05,63.85,0.25,32.1,24.49,0.32,1
MOES-TRN-1876,2019-01-21T09:00:00Z,GRID-WAY-03,Western_Ghats_Orographic_Surge,278.9,7.59,34.79,9.96,1.62,4.46,5.7,81.68,38.38,780.0,15.69,90.93,0.07,4.2,0.0,0.21,0
MOES-TRN-1877,2019-01-21T12:00:00Z,GRID-DEL-05,Western_Disturbance_Monsoon_Interaction,271.98,7.45,41.08,12.74,12.21,17.02,29.95,88.9,60.87,212.0,11.73,71.65,0.33,12.53,3.67,0.116,0
MOES-TRN-1878,2019-01-21T15:00:00Z,GRID-KOL-06,Bay_Cyclone_Spiral_Band,254.11,44.16,48.59,16.94,40.39,37.61,81.37,91.19,67.37,6.1,14.48,69.19,2.71,40.38,36.56,0.587,1
MOES-TRN-1879,2019-01-21T18:00:00Z,GRID-MUM-01,Offshore_Trough_Cloudburst,255.98,27.85,44.58,12.89,28.37,31.74,70.5,92.04,77.32,4.2,14.83,74.0,1.88,26.82,24.02,0.384,1
MOES-TRN-1880,2019-01-21T21:00:00Z,GRID-CHE-04,Stratiform_Monsoon_Rain,221.73,83.11,56.04,30.72,92.23,83.07,142.81,92.03,90.33,5.8,14.17,22.18,3.6,97.08,105.41,2.228,3
MOES-TRN-1881,2019-01-22T00:00:00Z,GRID-GUW-02,Meghalaya_Orographic_Cloudburst,277.16,8.43,37.16,11.36,5.89,3.83,7.41,82.29,47.94,51.4,13.09,73.21,0.32,6.58,0.0,0.074,0
MOES-TRN-1882,2019-01-22T03:00:00Z,GRID-WAY-03,Western_Ghats_Orographic_Surge,273.29,9.05,35.38,11.44,7.61,1.23,4.25,82.81,57.27,780.0,15.14,90.15,0.09,6.41,0.0,0.222,0
MOES-TRN-1883,2019-01-22T06:00:00Z,GRID-DEL-05,Yamuna_Catchment_Surge,238.64,50.72,50.09,20.07,54.14,46.47,130.33,90.58,79.34,212.0,12.38,39.56,0.21,50.95,54.85,0.992,2
MOES-TRN-1884,2019-01-22T09:00:00Z,GRID-KOL-06,Gangetic_West_Bengal_Deep_Depression,269.36,14.89,42.43,10.89,15.39,8.26,20.63,86.18,38.06,6.1,14.39,86.93,1.96,14.62,2.34,0.228,0
MOES-TRN-1885,2019-01-22T12:00:00Z,GRID-MUM-01,Offshore_Trough_Cloudburst,251.96,37.4,49.38,14.52,34.5,41.81,79.82,91.27,63.66,4.2,15.09,67.99,3.9,39.17,35.33,0.796,2
MOES-TRN-1886,2019-01-22T15:00:00Z,GRID-CHE-04,Coastal_Squall_Line,246.71,51.04,51.37,20.69,50.65,51.48,109.43,92.85,83.58,5.8,13.69,43.19,2.4,53.58,58.28,1.057,2
MOES-TRN-1887,2019-01-22T18:00:00Z,GRID-GUW-02,Valley_Monsoon_Shower,196.12,131.92,57.9,40.94,134.96,132.09,268.94,89.2,88.74,51.4,12.86,32.19,0.31,139.42,165.91,3.018,3
MOES-TRN-1888,2019-01-22T21:00:00Z,GRID-WAY-03,Light_Orographic_Spell,222.23,86.38,54.22,30.03,101.04,74.27,259.95,87.07,90.08,780.0,14.5,29.6,0.26,91.16,111.06,2.358,3
MOES-TRN-1889,2019-01-23T00:00:00Z,GRID-DEL-05,Scattered_Convective_Cell,188.0,162.8,55.56,44.35,160.69,124.05,204.14,91.63,96.76,212.0,11.73,26.21,0.36,139.1,158.82,2.765,3
MOES-TRN-1890,2019-01-23T03:00:00Z,GRID-KOL-06,Monsoon_Trough_Pass,216.5,106.41,51.12,31.43,95.63,84.13,213.34,91.68,90.97,6.1,14.22,44.64,3.23,83.43,106.26,2.192,3
MOES-TRN-1891,2019-01-23T06:00:00Z,GRID-MUM-01,Arabian_Sea_Monsoon_Surge,268.95,19.25,43.98,11.09,16.74,21.98,1.25,92.22,62.91,4.2,15.28,84.33,4.33,19.06,6.21,0.559,1
MOES-TRN-1892,2019-01-23T09:00:00Z,GRID-CHE-04,Coastal_Squall_Line,239.41,56.97,50.7,18.29,62.56,58.82,68.0,91.18,78.1,5.8,14.0,51.45,1.9,58.33,50.31,0.681,2
MOES-TRN-1893,2019-01-23T12:00:00Z,GRID-GUW-02,Pre_Monsoon_Norwester,241.53,58.05,49.34,22.97,57.93,68.26,85.74,88.84,75.74,51.4,13.19,46.62,0.18,55.0,45.81,0.696,2
MOES-TRN-1894,2019-01-23T15:00:00Z,GRID-WAY-03,Western_Ghats_Orographic_Surge,270.41,16.05,42.01,11.25,13.94,9.2,23.11,80.77,35.56,780.0,15.27,85.09,0.02,14.08,0.74,0.289,1
MOES-TRN-1895,2019-01-23T18:00:00Z,GRID-DEL-05,Scattered_Convective_Cell,189.21,154.3,55.9,44.56,138.75,133.51,223.34,91.87,96.33,212.0,11.4,21.04,0.01,132.46,157.14,2.779,3
MOES-TRN-1896,2019-01-23T21:00:00Z,GRID-KOL-06,Hooghly_Spring_Tide_Downpour,244.01,54.44,53.79,19.96,55.93,66.15,91.25,91.59,76.58,6.1,14.65,59.35,3.1,66.08,63.36,1.118,2
MOES-TRN-1897,2019-01-24T00:00:00Z,GRID-MUM-01,Arabian_Sea_Monsoon_Surge,279.95,2.28,31.8,13.99,9.25,5.43,30.14,89.48,51.63,4.2,14.73,84.72,4.33,5.78,1.14,0.607,2
MOES-TRN-1898,2019-01-24T03:00:00Z,GRID-CHE-04,Coastal_Squall_Line,244.69,55.41,50.33,20.35,45.3,41.98,88.12,91.22,79.37,5.8,14.08,57.16,2.02,48.27,45.17,0.714,2
MOES-TRN-1899,2019-01-24T06:00:00Z,GRID-GUW-02,Meghalaya_Orographic_Cloudburst,269.42,6.8,33.53,8.99,6.3,7.78,16.43,85.88,52.86,51.4,12.88,77.11,0.19,6.03,0.04,0.169,0
MOES-TRN-1900,2019-01-24T09:00:00Z,GRID-WAY-03,Low_Level_Jet_Extreme_Rain,249.53,51.21,49.71,16.31,42.0,52.84,59.47,86.57,75.73,780.0,15.42,58.55,0.11,46.48,29.33,0.437,1
MOES-TRN-1901,2019-01-24T12:00:00Z,GRID-DEL-05,Western_Disturbance_Monsoon_Interaction,270.96,23.58,41.39,9.06,20.63,19.08,8.26,85.17,54.14,212.0,11.84,80.07,0.35,18.79,2.47,0.062,0
MOES-TRN-1902,2019-01-24T15:00:00Z,GRID-KOL-06,Bay_Cyclone_Spiral_Band,258.87,46.09,47.8,14.47,37.36,35.2,40.5,90.92,65.87,6.1,13.98,75.22,3.14,37.84,25.9,0.43,1
MOES-TRN-1903,2019-01-24T18:00:00Z,GRID-MUM-01,Arabian_Sea_Monsoon_Surge,267.04,14.44,40.91,5.18,14.36,10.22,0.03,87.65,44.15,4.2,14.44,90.47,2.72,13.4,0.93,0.242,0
MOES-TRN-1904,2019-01-24T21:00:00Z,GRID-CHE-04,Coastal_Squall_Line,232.31,77.69,52.62,21.54,69.51,65.61,124.9,91.14,84.21,5.8,14.24,61.49,1.49,70.7,73.73,1.217,3
MOES-TRN-1905,2019-01-25T00:00:00Z,GRID-GUW-02,Brahmaputra_Trough_Convection,262.72,31.43,47.46,14.95,31.75,28.93,77.29,83.21,58.73,51.4,13.08,68.6,0.03,31.95,16.65,0.322,1
MOES-TRN-1906,2019-01-25T03:00:00Z,GRID-WAY-03,Monsoon_Vortex_Feeder_Band,244.11,47.42,52.26,21.51,56.53,50.57,89.94,87.04,83.35,780.0,15.53,42.81,0.08,57.7,45.38,0.886,2
MOES-TRN-1907,2019-01-25T06:00:00Z,GRID-DEL-05,Western_Disturbance_Monsoon_Interaction,269.21,18.27,43.02,16.48,17.52,28.74,21.35,87.64,53.55,212.0,11.6,86.21,0.12,19.31,5.38,0.098,0
MOES-TRN-1908,2019-01-25T09:00:00Z,GRID-KOL-06,Gangetic_West_Bengal_Deep_Depression,274.71,13.4,39.94,13.47,12.37,13.35,30.61,88.52,42.61,6.1,14.08,83.63,4.1,12.37,3.45,0.563,1
MOES-TRN-1909,2019-01-25T12:00:00Z,GRID-MUM-01,Offshore_Trough_Cloudburst,257.13,29.99,47.63,12.72,30.14,25.95,38.05,90.87,63.23,4.2,14.28,61.73,2.81,30.94,19.59,0.36,1
MOES-TRN-1910,2019-01-25T15:00:00Z,GRID-CHE-04,Stratiform_Monsoon_Rain,199.32,132.73,55.0,38.46,127.67,128.33,132.7,93.43,91.82,5.8,13.79,18.36,4.47,119.67,129.38,2.703,3
MOES-TRN-1911,2019-01-25T18:00:00Z,GRID-GUW-02,Pre_Monsoon_Norwester,236.75,70.17,53.83,30.55,77.15,87.64,157.96,88.44,86.61,51.4,13.3,45.75,0.09,79.82,82.55,1.46,3
MOES-TRN-1912,2019-01-25T21:00:00Z,GRID-WAY-03,Western_Ghats_Orographic_Surge,268.08,13.18,42.38,5.38,14.24,9.69,15.24,82.99,44.25,780.0,14.91,76.56,0.24,14.07,0.83,0.2,0
MOES-TRN-1913,2019-01-26T00:00:00Z,GRID-DEL-05,Scattered_Convective_Cell,199.15,114.03,55.45,35.98,111.01,106.83,284.81,91.97,95.26,212.0,11.27,33.17,0.04,109.49,148.13,2.742,3
MOES-TRN-1914,2019-01-26T03:00:00Z,GRID-KOL-06,Hooghly_Spring_Tide_Downpour,228.06,79.49,53.01,25.36,75.09,77.1,131.89,92.39,81.13,6.1,13.89,39.08,2.18,76.04,83.54,1.475,3
MOES-TRN-1915,2019-01-26T06:00:00Z,GRID-MUM-01,Mesoscale_Convective_System,248.5,42.81,52.19,19.28,51.87,51.29,71.38,94.41,89.68,4.2,14.4,49.59,1.23,55.06,55.46,0.862,2
MOES-TRN-1916,2019-01-26T09:00:00Z,GRID-CHE-04,Coastal_Squall_Line,243.78,66.71,48.81,21.23,58.15,59.54,158.42,91.65,81.22,5.8,14.35,39.52,2.82,54.22,66.27,1.416,3
MOES-TRN-1917,2019-01-26T12:00:00Z,GRID-GUW-02,Meghalaya_Orographic_Cloudburst,275.47,4.58,34.95,12.26,2.82,7.66,7.83,85.6,63.84,51.4,13.0,74.12,0.37,4.66,0.0,0.131,0
MOES-TRN-1918,2019-01-26T15:00:00Z,GRID-WAY-03,Low_Level_Jet_Extreme_Rain,257.57,27.59,45.97,12.25,26.08,17.45,62.66,84.65,61.9,780.0,15.18,58.31,0.33,25.48,11.86,0.354,1
MOES-TRN-1919,2019-01-26T18:00:00Z,GRID-DEL-05,Yamuna_Catchment_Surge,232.56,66.77,53.14,25.12,62.24,55.24,112.03,91.07,82.28,212.0,11.53,36.61,0.24,66.52,66.85,1.063,2
MOES-TRN-1920,2019-01-26T21:00:00Z,GRID-KOL-06,Gangetic_West_Bengal_Deep_Depression,275.5,4.12,35.97,16.75,5.17,13.62,19.83,88.63,58.81,6.1,14.34,73.01,2.56,6.6,0.53,0.271,1
MOES-TRN-1921,2019-01-27T00:00:00Z,GRID-MUM-01,Offshore_Trough_Cloudburst,254.92,32.13,46.58,13.89,32.0,28.7,33.88,91.2,69.8,4.2,15.17,57.78,2.44,30.82,19.24,0.316,1
MOES-TRN-1922,2019-01-27T03:00:00Z,GRID-CHE-04,Bay_of_Bengal_Cyclonic_Landfall,267.86,13.98,37.12,6.73,12.35,6.93,33.12,86.18,40.19,5.8,14.11,80.81,3.44,10.34,1.79,0.463,1
MOES-TRN-1923,2019-01-27T06:00:00Z,GRID-GUW-02,Pre_Monsoon_Norwester,239.49,53.51,53.86,18.83,55.62,62.97,87.5,88.4,79.6,51.4,12.94,36.79,0.19,65.61,54.83,0.923,2
MOES-TRN-1924,2019-01-27T09:00:00Z,GRID-WAY-03,Low_Level_Jet_Extreme_Rain,243.8,36.75,49.72,20.92,44.38,44.33,73.43,84.9,69.77,780.0,15.19,68.52,0.16,43.89,27.05,0.44,1
MOES-TRN-1925,2019-01-27T12:00:00Z,GRID-DEL-05,Yamuna_Catchment_Surge,230.66,75.09,50.44,22.43,65.13,61.92,70.88,89.38,77.21,212.0,11.22,40.46,0.15,62.02,50.35,0.686,2
MOES-TRN-1926,2019-01-27T15:00:00Z,GRID-KOL-06,Monsoon_Trough_Pass,188.0,146.33,56.93,44.06,160.24,129.56,181.13,93.16,88.87,6.1,14.02,37.84,1.28,144.62,163.84,2.782,3
MOES-TRN-1927,2019-01-27T18:00:00Z,GRID-MUM-01,Offshore_Trough_Cloudburst,255.97,38.14,49.07,16.97,31.69,34.81,63.7,92.59,76.36,4.2,14.89,60.08,2.89,36.62,32.42,0.609,2
MOES-TRN-1928,2019-01-27T21:00:00Z,GRID-CHE-04,Stratiform_Monsoon_Rain,194.68,145.53,55.27,40.42,135.69,148.04,166.74,92.88,93.57,5.8,14.01,46.03,1.46,128.8,144.23,2.412,3
MOES-TRN-1929,2019-01-28T00:00:00Z,GRID-GUW-02,Pre_Monsoon_Norwester,229.91,69.67,54.12,28.03,72.09,64.73,155.26,88.24,80.7,51.4,13.0,45.05,0.12,75.76,77.66,1.447,3
MOES-TRN-1930,2019-01-28T03:00:00Z,GRID-WAY-03,Low_Level_Jet_Extreme_Rain,247.93,46.65,49.49,13.95,47.98,47.28,30.91,85.46,77.6,780.0,15.01,62.92,0.38,46.77,22.89,0.282,1
MOES-TRN-1931,2019-01-28T06:00:00Z,GRID-DEL-05,Yamuna_Catchment_Surge,235.93,69.02,54.98,29.94,75.12,63.88,108.55,90.16,82.19,212.0,11.49,52.45,0.36,80.39,77.07,1.172,3
MOES-TRN-1932,2019-01-28T09:00:00Z,GRID-KOL-06,Bay_Cyclone_Spiral_Band,256.7,44.51,50.35,16.92,39.43,33.44,45.14,90.94,61.35,6.1,14.02,52.27,2.13,43.14,31.44,0.355,1
MOES-TRN-1933,2019-01-28T12:00:00Z,GRID-MUM-01,Moderate_Monsoon_Spell,210.11,103.17,54.3,34.21,108.13,103.45,167.84,92.52,91.51,4.2,15.06,34.88,1.37,100.98,116.0,2.11,3
MOES-TRN-1934,2019-01-28T15:00:00Z,GRID-CHE-04,Coastal_Squall_Line,231.05,72.4,51.23,27.34,70.1,84.34,92.46,92.08,89.37,5.8,14.52,50.55,1.57,68.59,67.2,1.088,2
MOES-TRN-1935,2019-01-28T18:00:00Z,GRID-GUW-02,Valley_Monsoon_Shower,194.61,151.87,56.51,41.59,134.56,159.31,160.57,89.05,96.78,51.4,12.58,33.52,0.32,137.46,140.24,2.37,3
MOES-TRN-1936,2019-01-28T21:00:00Z,GRID-WAY-03,Western_Ghats_Orographic_Surge,270.96,18.6,44.01,10.87,17.78,13.12,12.98,84.83,59.99,780.0,15.32,76.18,0.22,18.14,2.47,0.227,0
MOES-TRN-1937,2019-01-29T00:00:00Z,GRID-DEL-05,Western_Disturbance_Monsoon_Interaction,267.75,16.44,42.44,13.73,20.89,16.19,19.57,85.9,43.05,212.0,11.33,76.76,0.25,18.08,3.54,0.09,0
MOES-TRN-1938,2019-01-29T03:00:00Z,GRID-KOL-06,Gangetic_West_Bengal_Deep_Depression,266.34,14.99,42.29,9.29,17.59,18.43,10.36,87.72,49.86,6.1,13.58,74.98,3.09,16.79,3.01,0.328,1
MOES-TRN-1939,2019-01-29T06:00:00Z,GRID-MUM-01,Offshore_Trough_Cloudburst,256.19,50.92,46.25,20.04,41.65,47.35,48.06,92.25,68.75,4.2,14.8,55.91,1.91,39.67,31.4,0.452,1
MOES-TRN-1940,2019-01-29T09:00:00Z,GRID-CHE-04,Stratiform_Monsoon_Rain,188.0,151.71,55.81,43.65,140.15,130.8,288.28,93.3,88.03,5.8,12.97,19.19,3.75,131.75,174.87,3.61,3
MOES-TRN-1941,2019-01-29T12:00:00Z,GRID-GUW-02,Valley_Monsoon_Shower,199.48,133.16,57.85,40.93,125.24,146.75,300.37,90.96,96.91,51.4,13.49,27.04,0.03,137.59,176.22,3.313,3
MOES-TRN-1942,2019-01-29T15:00:00Z,GRID-WAY-03,Monsoon_Vortex_Feeder_Band,232.31,64.07,53.0,25.99,72.82,68.72,80.52,87.43,92.14,780.0,14.74,36.32,0.16,71.52,56.68,0.988,2
MOES-TRN-1943,2019-01-29T18:00:00Z,GRID-DEL-05,Yamuna_Catchment_Surge,236.6,66.59,51.71,22.57,61.07,66.24,103.59,91.36,92.62,212.0,11.17,44.96,0.27,63.03,62.48,0.941,2
MOES-TRN-1944,2019-01-29T21:00:00Z,GRID-KOL-06,Bay_Cyclone_Spiral_Band,249.08,43.85,46.57,20.01,38.27,36.25,37.34,92.21,74.73,6.1,14.69,52.21,1.87,36.13,26.08,0.377,1
MOES-TRN-1945,2019-01-30T00:00:00Z,GRID-MUM-01,Offshore_Trough_Cloudburst,262.26,28.4,46.07,14.73,32.15,37.4,64.62,90.29,76.84,4.2,15.05,58.17,4.12,30.83,23.43,0.779,2
MOES-TRN-1946,2019-01-30T03:00:00Z,GRID-CHE-04,Bay_of_Bengal_Cyclonic_Landfall,260.17,18.41,44.83,13.98,19.0,18.4,2.77,86.69,35.47,5.8,14.14,68.23,2.2,20.14,3.23,0.145,0
MOES-TRN-1947,2019-01-30T06:00:00Z,GRID-GUW-02,Pre_Monsoon_Norwester,239.0,60.55,52.8,21.37,63.49,59.72,141.93,88.59,89.57,51.4,12.94,38.64,0.07,65.47,66.14,1.257,3
MOES-TRN-1948,2019-01-30T09:00:00Z,GRID-WAY-03,Monsoon_Vortex_Feeder_Band,243.89,56.3,51.83,24.02,56.93,54.34,66.68,86.59,78.71,780.0,15.22,49.34,0.27,58.51,40.76,0.699,2
MOES-TRN-1949,2019-01-30T12:00:00Z,GRID-DEL-05,Urban_Heat_Island_Downpour,260.82,30.64,45.37,10.56,26.3,25.39,53.86,88.16,68.43,212.0,11.99,66.24,0.23,26.45,15.1,0.13,0
MOES-TRN-1950,2019-01-30T15:00:00Z,GRID-KOL-06,Gangetic_West_Bengal_Deep_Depression,267.34,12.57,41.87,14.08,16.96,14.11,33.4,87.08,45.78,6.1,14.26,77.69,2.09,15.26,4.31,0.228,0
MOES-TRN-1951,2019-01-30T18:00:00Z,GRID-MUM-01,Arabian_Sea_Monsoon_Surge,270.46,11.49,41.28,10.7,8.05,8.76,12.03,89.11,54.08,4.2,14.72,72.48,2.69,10.56,1.29,0.277,1
MOES-TRN-1952,2019-01-30T21:00:00Z,GRID-CHE-04,Stratiform_Monsoon_Rain,217.63,91.32,52.78,30.45,91.67,76.13,167.51,93.38,94.24,5.8,14.17,22.55,3.31,83.33,100.99,2.099,3
MOES-TRN-1953,2019-01-31T00:00:00Z,GRID-GUW-02,Meghalaya_Orographic_Cloudburst,269.29,6.97,34.71,7.27,8.82,15.33,29.2,82.61,36.42,51.4,13.69,82.03,0.07,8.34,0.29,0.195,0
MOES-TRN-1954,2019-01-31T03:00:00Z,GRID-WAY-03,Western_Ghats_Orographic_Surge,268.26,3.92,32.22,6.98,3.44,3.17,2.11,84.55,61.63,780.0,15.34,72.44,0.34,3.58,0.0,0.182,0
MOES-TRN-1955,2019-01-31T06:00:00Z,GRID-DEL-05,Western_Disturbance_Monsoon_Interaction,278.63,3.68,32.27,10.4,0.49,8.12,7.01,85.13,42.88,212.0,11.19,75.54,0.07,3.12,0.0,0.025,0
MOES-TRN-1956,2019-01-31T09:00:00Z,GRID-KOL-06,Bay_Cyclone_Spiral_Band,261.22,36.09,46.03,15.82,29.19,20.43,41.34,93.05,69.88,6.1,14.11,54.31,3.44,28.51,21.66,0.464,1
MOES-TRN-1957,2019-01-31T12:00:00Z,GRID-MUM-01,Offshore_Trough_Cloudburst,262.45,31.07,46.49,10.21,28.84,29.04,36.75,92.28,69.43,4.2,15.66,59.58,2.19,29.38,20.25,0.285,1
MOES-TRN-1958,2019-01-31T15:00:00Z,GRID-CHE-04,Northeast_Monsoon_Depression,256.28,36.87,47.34,17.21,36.66,29.58,62.27,89.78,67.41,5.8,13.22,76.16,2.77,34.58,25.29,0.332,1
MOES-TRN-1959,2019-01-31T18:00:00Z,GRID-GUW-02,Meghalaya_Orographic_Cloudburst,276.62,2.83,34.02,8.89,5.3,11.05,32.89,86.3,62.61,51.4,13.03,78.87,0.37,5.57,0.5,0.164,0
MOES-TRN-1960,2019-01-31T21:00:00Z,GRID-WAY-03,Monsoon_Vortex_Feeder_Band,232.48,74.09,55.06,24.57,76.66,86.08,138.8,85.96,86.36,780.0,14.92,42.2,0.29,85.27,77.58,1.402,3
MOES-TRN-1961,2019-02-01T00:00:00Z,GRID-DEL-05,Urban_Heat_Island_Downpour,259.63,36.12,45.73,12.71,28.0,20.98,28.78,88.68,75.38,212.0,11.53,66.66,0.08,27.77,12.7,0.116,0
MOES-TRN-1962,2019-02-01T03:00:00Z,GRID-KOL-06,Gangetic_West_Bengal_Deep_Depression,270.22,8.95,38.65,12.59,7.07,3.12,21.79,89.42,46.44,6.1,14.55,73.93,3.21,7.59,1.12,0.361,1
MOES-TRN-1963,2019-02-01T06:00:00Z,GRID-MUM-01,Offshore_Trough_Cloudburst,258.72,21.21,43.31,12.84,24.23,22.73,59.1,90.91,58.94,4.2,14.9,68.83,4.42,21.72,15.96,0.754,2
MOES-TRN-1964,2019-02-01T09:00:00Z,GRID-CHE-04,Stratiform_Monsoon_Rain,188.0,150.08,59.53,44.99,148.47,155.4,291.82,93.2,94.94,5.8,13.68,35.28,1.28,163.53,206.92,3.742,3
MOES-TRN-1965,2019-02-01T12:00:00Z,GRID-GUW-02,Valley_Monsoon_Shower,221.06,90.96,53.02,29.0,96.32,104.94,137.64,87.85,90.57,51.4,13.12,47.76,0.36,89.86,86.31,1.453,3
MOES-TRN-1966,2019-02-01T15:00:00Z,GRID-WAY-03,Monsoon_Vortex_Feeder_Band,227.61,71.19,53.6,29.34,77.49,89.78,124.87,88.89,87.34,780.0,15.53,55.0,0.11,79.52,76.51,1.329,3
MOES-TRN-1967,2019-02-01T18:00:00Z,GRID-DEL-05,Western_Disturbance_Monsoon_Interaction,280.35,5.63,31.89,6.73,1.19,3.98,32.43,85.81,45.77,212.0,11.21,90.85,0.02,3.06,0.07,0.102,0
MOES-TRN-1968,2019-02-01T21:00:00Z,GRID-KOL-06,Gangetic_West_Bengal_Deep_Depression,263.83,20.21,45.72,16.45,20.48,20.72,11.96,87.82,53.01,6.1,14.19,87.47,4.34,22.32,6.04,0.589,1
MOES-TRN-1969,2019-02-02T00:00:00Z,GRID-MUM-01,Moderate_Monsoon_Spell,210.32,98.76,57.08,34.7,116.61,117.75,229.81,95.12,93.11,4.2,14.81,22.58,4.08,119.68,155.53,3.24,3
MOES-TRN-1970,2019-02-02T03:00:00Z,GRID-CHE-04,Northeast_Monsoon_Depression,267.64,18.83,44.73,16.07,25.62,28.14,69.71,90.84,72.6,5.8,14.13,77.27,1.59,23.98,19.55,0.307,1
MOES-TRN-1971,2019-02-02T06:00:00Z,GRID-GUW-02,Brahmaputra_Trough_Convection,263.98,33.93,45.78,15.25,31.88,33.72,78.36,85.32,65.71,51.4,13.73,53.31,0.01,30.74,18.56,0.371,1
MOES-TRN-1972,2019-02-02T09:00:00Z,GRID-WAY-03,Low_Level_Jet_Extreme_Rain,248.27,35.79,47.34,15.46,36.79,33.46,71.13,86.68,77.0,780.0,14.48,63.69,0.33,35.0,22.41,0.353,1
MOES-TRN-1973,2019-02-02T12:00:00Z,GRID-DEL-05,Western_Disturbance_Monsoon_Interaction,274.56,2.58,35.15,9.72,4.2,5.14,20.72,86.49,48.52,212.0,11.13,91.18,0.35,4.57,0.03,0.064,0
MOES-TRN-1974,2019-02-02T15:00:00Z,GRID-KOL-06,Hooghly_Spring_Tide_Downpour,226.35,69.27,51.92,22.82,71.17,72.3,100.82,94.29,91.75,6.1,14.2,59.3,2.03,68.75,74.77,1.153,3
MOES-TRN-1975,2019-02-02T18:00:00Z,GRID-MUM-01,Moderate_Monsoon_Spell,217.27,112.77,56.02,32.27,98.74,90.56,214.95,94.1,92.19,4.2,14.97,47.23,4.02,105.25,134.96,2.776,3
MOES-TRN-1976,2019-02-02T21:00:00Z,GRID-CHE-04,Bay_of_Bengal_Cyclonic_Landfall,268.28,8.57,39.7,9.05,12.53,13.07,20.81,89.04,56.38,5.8,14.34,91.13,3.73,11.5,2.35,0.486,1
MOES-TRN-1977,2019-02-03T00:00:00Z,GRID-GUW-02,Valley_Monsoon_Shower,222.05,90.32,52.02,28.08,97.41,95.29,160.77,90.16,90.27,51.4,13.12,37.16,0.08,85.62,93.09,1.648,3
MOES-TRN-1978,2019-02-03T03:00:00Z,GRID-WAY-03,Monsoon_Vortex_Feeder_Band,247.54,63.41,52.77,22.56,59.22,60.15,121.08,87.65,91.94,780.0,15.13,40.49,0.32,64.24,58.66,1.104,2
MOES-TRN-1979,2019-02-03T06:00:00Z,GRID-DEL-05,Scattered_Convective_Cell,199.75,117.14,55.22,40.59,121.04,101.55,162.82,91.71,98.78,212.0,11.54,26.08,0.13,111.94,123.39,2.132,3
MOES-TRN-1980,2019-02-03T09:00:00Z,GRID-KOL-06,Hooghly_Spring_Tide_Downpour,226.61,69.6,51.93,23.17,74.33,59.19,162.73,92.74,92.09,6.1,14.46,35.52,3.53,68.22,83.46,1.822,3
MOES-TRN-1981,2019-02-03T12:00:00Z,GRID-MUM-01,Offshore_Trough_Cloudburst,248.24,53.84,48.47,17.62,43.84,39.5,72.86,91.64,70.23,4.2,14.78,56.21,2.9,43.28,38.4,0.663,2
MOES-TRN-1982,2019-02-03T15:00:00Z,GRID-CHE-04,Bay_of_Bengal_Cyclonic_Landfall,265.95,15.27,41.82,14.11,16.85,20.34,3.57,87.75,51.47,5.8,13.99,87.68,2.15,16.49,2.27,0.07,0
MOES-TRN-1983,2019-02-03T18:00:00Z,GRID-GUW-02,Brahmaputra_Trough_Convection,259.62,23.5,45.42,13.94,20.25,21.61,26.78,86.31,72.96,51.4,13.73,73.65,0.26,22.53,6.84,0.219,0
MOES-TRN-1984,2019-02-03T21:00:00Z,GRID-WAY-03,Western_Ghats_Orographic_Surge,273.2,16.28,40.16,9.71,15.28,23.75,13.74,84.53,60.15,780.0,15.57,88.82,0.26,15.51,1.53,0.329,1
MOES-TRN-1985,2019-02-04T00:00:00Z,GRID-DEL-05,Yamuna_Catchment_Surge,219.92,91.83,52.84,25.66,82.81,70.46,152.84,91.28,86.3,212.0,11.43,35.54,0.33,79.44,88.39,1.53,3
MOES-TRN-1986,2019-02-04T03:00:00Z,GRID-KOL-06,Hooghly_Spring_Tide_Downpour,226.49,83.49,53.19,25.94,86.09,92.47,74.25,91.92,78.29,6.1,14.65,46.03,2.81,83.64,77.4,1.324,3
MOES-TRN-1987,2019-02-04T06:00:00Z,GRID-MUM-01,Offshore_Trough_Cloudburst,251.96,46.59,50.42,19.64,46.49,39.61,83.06,90.62,59.98,4.2,15.12,73.48,3.27,47.21,41.92,0.789,2
MOES-TRN-1988,2019-02-04T09:00:00Z,GRID-CHE-04,Northeast_Monsoon_Depression,254.85,33.16,49.69,21.42,39.29,43.79,77.06,90.36,76.09,5.8,13.64,62.66,3.73,41.25,34.87,0.759,2
MOES-TRN-1989,2019-02-04T12:00:00Z,GRID-GUW-02,Meghalaya_Orographic_Cloudburst,267.82,4.46,39.04,7.85,9.38,13.62,0.08,83.31,39.68,51.4,13.43,81.49,0.34,9.4,0.0,0.123,0
MOES-TRN-1990,2019-02-04T15:00:00Z,GRID-WAY-03,Western_Ghats_Orographic_Surge,261.71,19.97,43.91,10.37,19.74,14.45,0.54,83.84,61.37,780.0,15.0,76.97,0.17,19.19,1.55,0.178,0
MOES-TRN-1991,2019-02-04T18:00:00Z,GRID-DEL-05,Scattered_Convective_Cell,221.25,103.25,52.08,27.66,93.27,82.52,258.43,91.45,90.59,212.0,10.89,31.58,0.34,84.5,116.38,2.243,3
MOES-TRN-1992,2019-02-04T21:00:00Z,GRID-KOL-06,Hooghly_Spring_Tide_Downpour,230.71,68.17,53.9,25.62,77.91,92.6,145.42,89.21,77.03,6.1,13.84,53.81,2.26,80.74,82.75,1.39,3
MOES-TRN-1993,2019-02-05T00:00:00Z,GRID-MUM-01,Arabian_Sea_Monsoon_Surge,274.39,7.2,33.84,11.24,8.34,5.97,23.18,90.76,56.36,4.2,14.04,82.11,2.07,6.68,1.34,0.209,0
MOES-TRN-1994,2019-02-05T03:00:00Z,GRID-CHE-04,Northeast_Monsoon_Depression,247.83,45.87,48.41,14.22,44.37,48.07,68.3,92.84,80.98,5.8,13.68,77.14,2.8,43.3,40.01,0.542,1
MOES-TRN-1995,2019-02-05T06:00:00Z,GRID-GUW-02,Brahmaputra_Trough_Convection,251.77,41.47,49.58,22.62,43.46,54.26,49.66,87.69,79.9,51.4,12.81,59.61,0.12,45.4,28.53,0.258,1
MOES-TRN-1996,2019-02-05T09:00:00Z,GRID-WAY-03,Western_Ghats_Orographic_Surge,272.72,7.05,35.09,9.11,5.89,11.02,32.51,85.03,57.82,780.0,15.47,81.87,0.29,6.73,0.49,0.305,1
MOES-TRN-1997,2019-02-05T12:00:00Z,GRID-DEL-05,Yamuna_Catchment_Surge,233.78,64.32,48.9,23.62,65.07,60.94,65.63,90.32,82.6,212.0,11.72,51.21,0.27,56.82,46.56,0.524,1
MOES-TRN-1998,2019-02-05T15:00:00Z,GRID-KOL-06,Hooghly_Spring_Tide_Downpour,221.17,99.17,55.35,29.27,84.47,86.71,138.5,92.44,85.45,6.1,14.48,49.87,3.85,93.7,102.31,1.993,3
MOES-TRN-1999,2019-02-05T18:00:00Z,GRID-MUM-01,Arabian_Sea_Monsoon_Surge,264.82,25.69,43.89,15.58,23.43,30.25,32.73,91.25,61.52,4.2,14.42,79.06,1.96,23.71,13.46,0.206,0
MOES-TRN-2000,2019-02-05T21:00:00Z,GRID-CHE-04,Bay_of_Bengal_Cyclonic_Landfall,273.75,7.65,31.28,8.37,3.3,0.85,19.12,86.63,35.15,5.8,14.34,89.76,3.19,3.65,0.0,0.371,1
MOES-TRN-2001,2019-02-06T00:00:00Z,GRID-GUW-02,Pre_Monsoon_Norwester,232.71,65.97,52.55,25.15,75.11,78.74,101.92,88.23,75.15,51.4,13.55,56.63,0.11,72.6,63.76,1.004,2
MOES-TRN-2002,2019-02-06T03:00:00Z,GRID-WAY-03,Monsoon_Vortex_Feeder_Band,232.71,78.41,54.74,27.25,81.88,78.36,90.19,87.56,89.91,780.0,15.01,59.34,0.38,85.4,71.65,1.041,2
MOES-TRN-2003,2019-02-06T06:00:00Z,GRID-DEL-05,Yamuna_Catchment_Surge,225.77,75.38,50.94,28.88,77.28,87.42,158.07,89.35,79.14,212.0,11.41,57.77,0.32,71.47,76.95,1.197,3
MOES-TRN-2004,2019-02-06T09:00:00Z,GRID-KOL-06,Monsoon_Trough_Pass,188.0,161.14,54.97,43.27,152.63,129.4,173.02,94.62,89.1,6.1,13.94,34.98,1.28,133.72,155.59,2.614,3
MOES-TRN-2005,2019-02-06T12:00:00Z,GRID-MUM-01,Offshore_Trough_Cloudburst,246.82,44.45,47.93,16.51,36.16,35.81,67.64,91.35,69.83,4.2,15.01,76.41,1.39,37.42,31.51,0.406,1
MOES-TRN-2006,2019-02-06T15:00:00Z,GRID-CHE-04,Bay_of_Bengal_Cyclonic_Landfall,268.31,8.43,38.41,9.36,11.31,18.4,8.66,86.91,37.42,5.8,13.99,85.46,4.43,11.15,0.67,0.566,1
MOES-TRN-2007,2019-02-06T18:00:00Z,GRID-GUW-02,Brahmaputra_Trough_Convection,256.23,28.94,45.93,17.23,32.92,32.84,41.09,87.17,75.58,51.4,13.1,70.7,0.03,30.4,14.74,0.185,0
MOES-TRN-2008,2019-02-06T21:00:00Z,GRID-WAY-03,Light_Orographic_Spell,209.89,96.87,54.99,33.86,116.01,120.2,234.14,88.11,95.09,780.0,14.98,18.77,0.07,108.34,124.98,2.551,3
MOES-TRN-2009,2019-02-07T00:00:00Z,GRID-DEL-05,Western_Disturbance_Monsoon_Interaction,260.13,20.48,43.92,12.39,22.52,17.64,21.74,86.05,38.29,212.0,11.08,73.2,0.09,20.79,5.14,0.02,0
MOES-TRN-2010,2019-02-07T03:00:00Z,GRID-KOL-06,Gangetic_West_Bengal_Deep_Depression,269.36,6.48,35.95,9.37,6.52,12.82,18.55,87.99,48.26,6.1,13.88,83.22,1.72,7.37,0.52,0.162,0
MOES-TRN-2011,2019-02-07T06:00:00Z,GRID-MUM-01,Arabian_Sea_Monsoon_Surge,273.62,8.69,36.02,5.84,5.44,9.06,18.59,88.95,51.15,4.2,14.77,87.24,3.84,6.81,0.58,0.595,1
MOES-TRN-2012,2019-02-07T09:00:00Z,GRID-CHE-04,Coastal_Squall_Line,244.6,46.58,51.91,15.6,48.26,57.46,152.67,91.69,79.81,5.8,14.07,35.47,2.19,54.3,65.24,1.302,3
MOES-TRN-2013,2019-02-07T12:00:00Z,GRID-GUW-02,Valley_Monsoon_Shower,192.01,145.15,55.65,43.03,132.86,142.63,308.03,88.42,88.8,51.4,13.38,42.67,0.3,128.77,161.58,3.037,3
MOES-TRN-2014,2019-02-07T15:00:00Z,GRID-WAY-03,Light_Orographic_Spell,227.34,96.69,50.98,31.04,89.36,77.75,136.43,88.23,96.01,780.0,14.87,43.3,0.12,78.22,76.07,1.364,3
MOES-TRN-2015,2019-02-07T18:00:00Z,GRID-DEL-05,Yamuna_Catchment_Surge,237.91,59.59,52.84,20.25,57.51,51.81,132.26,90.21,89.73,212.0,12.07,60.65,0.06,62.06,64.79,0.945,2
MOES-TRN-2016,2019-02-07T21:00:00Z,GRID-KOL-06,Monsoon_Trough_Pass,216.45,84.4,55.89,31.41,98.4,98.63,268.41,94.3,95.86,6.1,14.24,19.66,3.89,101.01,143.0,3.125,3
MOES-TRN-2017,2019-02-08T00:00:00Z,GRID-MUM-01,Offshore_Trough_Cloudburst,249.26,47.18,49.59,18.45,47.63,49.75,61.36,89.66,60.93,4.2,14.83,69.47,3.82,47.27,35.81,0.729,2
MOES-TRN-2018,2019-02-08T03:00:00Z,GRID-CHE-04,Northeast_Monsoon_Depression,255.4,41.58,50.57,20.32,47.13,36.65,30.73,89.78,67.04,5.8,13.46,60.0,1.27,46.58,29.58,0.242,0
MOES-TRN-2019,2019-02-08T06:00:00Z,GRID-GUW-02,Meghalaya_Orographic_Cloudburst,265.47,24.69,44.63,10.22,24.33,29.82,20.1,83.45,49.14,51.4,13.31,73.99,0.07,24.55,5.15,0.173,0
MOES-TRN-2020,2019-02-08T09:00:00Z,GRID-WAY-03,Monsoon_Vortex_Feeder_Band,225.62,76.9,52.4,28.8,68.33,61.16,134.76,87.58,92.27,780.0,14.48,50.78,0.03,68.81,65.41,1.186,3
MOES-TRN-2021,2019-02-08T12:00:00Z,GRID-DEL-05,Western_Disturbance_Monsoon_Interaction,270.74,12.67,36.79,9.96,4.18,8.61,24.53,84.65,37.62,212.0,11.73,68.38,0.36,7.14,0.22,0.101,0
MOES-TRN-2022,2019-02-08T15:00:00Z,GRID-KOL-06,Monsoon_Trough_Pass,188.0,137.9,58.56,46.68,162.14,135.97,201.79,93.98,90.56,6.1,14.42,25.32,3.86,156.06,182.17,3.503,3
MOES-TRN-2023,2019-02-08T18:00:00Z,GRID-MUM-01,Arabian_Sea_Monsoon_Surge,269.73,17.42,44.13,14.66,15.86,18.76,25.26,86.57,38.79,4.2,13.72,75.65,1.4,18.13,4.52,0.177,0
MOES-TRN-2024,2019-02-08T21:00:00Z,GRID-CHE-04,Coastal_Squall_Line,228.68,91.03,52.44,30.5,84.18,86.22,75.74,91.77,86.53,5.8,13.8,47.35,1.83,80.74,74.54,1.168,3
MOES-TRN-2025,2019-02-09T00:00:00Z,GRID-GUW-02,Valley_Monsoon_Shower,188.0,147.26,57.14,45.44,149.83,119.3,161.66,88.51,88.92,51.4,13.35,28.72,0.15,140.68,142.05,2.451,3
MOES-TRN-2026,2019-02-09T03:00:00Z,GRID-WAY-03,Light_Orographic_Spell,198.2,125.35,58.32,39.29,127.56,126.62,238.38,87.41,88.85,780.0,14.78,30.06,0.17,137.77,152.42,2.853,3
MOES-TRN-2027,2019-02-09T06:00:00Z,GRID-DEL-05,Urban_Heat_Island_Downpour,246.6,40.21,49.47,14.62,42.51,51.82,70.45,87.88,71.5,212.0,11.78,61.47,0.17,44.27,31.7,0.252,1
MOES-TRN-2028,2019-02-09T09:00:00Z,GRID-KOL-06,Bay_Cyclone_Spiral_Band,249.84,40.05,47.66,17.3,43.41,47.52,40.93,92.86,80.34,6.1,14.33,59.06,3.4,40.66,32.07,0.542,1
MOES-TRN-2029,2019-02-09T12:00:00Z,GRID-MUM-01,Offshore_Trough_Cloudburst,264.61,26.42,47.54,16.05,27.35,22.88,62.12,92.9,75.21,4.2,14.95,72.93,4.56,28.75,25.61,0.813,2
MOES-TRN-2030,2019-02-09T15:00:00Z,GRID-CHE-04,Stratiform_Monsoon_Rain,208.53,109.43,57.65,37.46,116.49,109.32,215.39,94.32,98.46,5.8,13.95,25.58,2.9,123.86,154.16,2.995,3
MOES-TRN-2031,2019-02-09T18:00:00Z,GRID-GUW-02,Meghalaya_Orographic_Cloudburst,265.21,22.52,43.66,16.39,23.11,22.15,11.96,83.47,39.07,51.4,13.1,68.49,0.15,21.73,3.17,0.101,0
MOES-TRN-2032,2019-02-09T21:00:00Z,GRID-WAY-03,Light_Orographic_Spell,203.92,117.41,55.52,40.31,124.56,132.38,277.24,87.98,98.33,780.0,15.4,23.49,0.34,119.1,144.23,2.931,3
MOES-TRN-2033,2019-02-10T00:00:00Z,GRID-DEL-05,Yamuna_Catchment_Surge,235.5,63.68,53.0,25.25,70.39,70.06,66.07,91.87,89.09,212.0,11.51,54.96,0.14,70.69,63.15,0.815,2
MOES-TRN-2034,2019-02-10T03:00:00Z,GRID-KOL-06,Bay_Cyclone_Spiral_Band,253.73,45.82,49.08,16.97,46.66,47.14,25.16,91.5,69.45,6.1,14.23,73.79,2.09,45.29,30.51,0.23,0
MOES-TRN-2035,2019-02-10T06:00:00Z,GRID-MUM-01,Arabian_Sea_Monsoon_Surge,277.23,10.74,37.58,11.29,10.0,7.58,0.95,86.38,36.09,4.2,14.96,82.84,2.56,9.19,0.05,0.217,0
MOES-TRN-2036,2019-02-10T09:00:00Z,GRID-CHE-04,Coastal_Squall_Line,248.59,44.53,49.91,20.71,51.52,45.61,79.67,91.06,84.3,5.8,14.06,56.05,1.29,48.46,43.29,0.588,1
MOES-TRN-2037,2019-02-10T12:00:00Z,GRID-GUW-02,Pre_Monsoon_Norwester,246.72,47.43,49.22,20.81,48.52,50.93,74.92,89.23,83.27,51.4,13.35,37.62,0.02,47.07,37.44,0.624,2
MOES-TRN-2038,2019-02-10T15:00:00Z,GRID-WAY-03,Monsoon_Vortex_Feeder_Band,241.42,57.55,49.56,24.83,60.36,53.82,109.85,86.03,85.65,780.0,15.49,48.4,0.02,54.27,44.21,0.822,2
MOES-TRN-2039,2019-02-10T18:00:00Z,GRID-DEL-05,Scattered_Convective_Cell,213.94,119.02,55.7,34.19,110.06,125.41,179.76,90.98,89.15,212.0,11.57,27.07,0.36,113.76,126.73,2.136,3
MOES-TRN-2040,2019-02-10T21:00:00Z,GRID-KOL-06,Gangetic_West_Bengal_Deep_Depression,264.34,15.53,45.19,14.09,17.46,20.52,19.71,87.22,35.41,6.1,13.62,86.79,2.0,19.78,5.16,0.156,0
MOES-TRN-2041,2019-02-11T00:00:00Z,GRID-MUM-01,Mesoscale_Convective_System,235.82,65.79,50.21,23.11,62.4,55.25,101.38,93.61,82.83,4.2,14.78,49.57,3.31,58.0,62.7,1.251,3
MOES-TRN-2042,2019-02-11T03:00:00Z,GRID-CHE-04,Stratiform_Monsoon_Rain,205.46,105.18,55.24,38.19,113.95,109.5,230.06,91.84,90.73,5.8,13.59,38.12,1.31,108.53,134.93,2.461,3
MOES-TRN-2043,2019-02-11T06:00:00Z,GRID-GUW-02,Brahmaputra_Trough_Convection,266.95,23.78,44.9,13.55,23.18,26.06,38.63,84.78,61.2,51.4,13.02,68.48,0.35,23.73,7.77,0.225,0
MOES-TRN-2044,2019-02-11T09:00:00Z,GRID-WAY-03,Monsoon_Vortex_Feeder_Band,235.07,60.0,53.68,21.82,63.76,67.75,134.45,86.41,79.62,780.0,14.58,49.59,0.05,69.74,63.55,1.19,3
MOES-TRN-2045,2019-02-11T12:00:00Z,GRID-DEL-05,Western_Disturbance_Monsoon_Interaction,270.32,10.24,38.95,8.9,10.06,13.98,5.71,83.4,36.35,212.0,11.22,79.55,0.08,10.59,0.06,0.036,0
MOES-TRN-2046,2019-02-11T15:00:00Z,GRID-KOL-06,Monsoon_Trough_Pass,192.71,128.21,56.95,37.29,130.72,130.18,169.88,93.15,93.92,6.1,14.1,43.94,4.36,130.71,147.57,2.788,3
MOES-TRN-2047,2019-02-11T18:00:00Z,GRID-MUM-01,Moderate_Monsoon_Spell,207.38,108.46,56.04,32.92,116.26,93.7,162.12,95.34,94.42,4.2,14.73,41.51,1.68,111.75,133.48,2.3,3
MOES-TRN-2048,2019-02-11T21:00:00Z,GRID-CHE-04,Northeast_Monsoon_Depression,254.37,34.04,51.66,17.69,36.7,44.98,67.39,90.79,76.09,5.8,14.71,75.06,3.2,45.43,37.54,0.643,2
MOES-TRN-2049,2019-02-12T00:00:00Z,GRID-GUW-02,Brahmaputra_Trough_Convection,250.91,29.71,45.63,18.07,35.63,28.42,61.84,88.38,68.16,51.4,12.69,64.85,0.25,30.57,19.83,0.319,1
MOES-TRN-2050,2019-02-12T03:00:00Z,GRID-WAY-03,Low_Level_Jet_Extreme_Rain,249.63,37.92,48.08,12.8,38.18,49.78,39.34,84.76,75.57,780.0,14.97,59.46,0.19,39.35,17.87,0.311,1
MOES-TRN-2051,2019-02-12T06:00:00Z,GRID-DEL-05,Scattered_Convective_Cell,220.28,86.47,55.51,32.28,88.83,92.64,224.68,92.48,91.67,212.0,11.93,21.22,0.32,94.96,122.26,2.279,3
MOES-TRN-2052,2019-02-12T09:00:00Z,GRID-KOL-06,Hooghly_Spring_Tide_Downpour,244.67,47.79,52.13,18.46,48.18,55.18,80.35,92.73,87.32,6.1,14.13,55.09,3.75,54.82,53.09,1.109,2
MOES-TRN-2053,2019-02-12T12:00:00Z,GRID-MUM-01,Mesoscale_Convective_System,231.35,63.62,52.82,26.81,68.06,76.49,161.63,94.09,83.01,4.2,15.07,52.15,3.0,70.11,88.68,1.735,3
MOES-TRN-2054,2019-02-12T15:00:00Z,GRID-CHE-04,Northeast_Monsoon_Depression,253.23,37.54,46.91,17.35,40.58,34.12,36.27,88.87,66.46,5.8,13.95,53.0,4.16,36.18,20.53,0.618,2
MOES-TRN-2055,2019-02-12T18:00:00Z,GRID-GUW-02,Pre_Monsoon_Norwester,244.81,50.77,50.09,18.34,53.11,46.41,87.75,89.46,86.85,51.4,14.04,46.19,0.09,50.57,43.51,0.719,2
MOES-TRN-2056,2019-02-12T21:00:00Z,GRID-WAY-03,Low_Level_Jet_Extreme_Rain,247.92,38.45,48.99,18.71,43.92,42.09,66.79,85.62,77.89,780.0,15.08,72.08,0.18,42.2,25.7,0.389,1
MOES-TRN-2057,2019-02-13T00:00:00Z,GRID-DEL-05,Western_Disturbance_Monsoon_Interaction,271.45,5.05,33.25,9.39,3.99,5.52,4.4,86.91,52.04,212.0,11.42,75.91,0.1,4.49,0.0,0.024,0
MOES-TRN-2058,2019-02-13T03:00:00Z,GRID-KOL-06,Gangetic_West_Bengal_Deep_Depression,268.59,16.94,40.2,13.94,15.59,25.95,5.1,87.45,39.12,6.1,14.14,90.11,1.97,16.07,2.11,0.207,0
MOES-TRN-2059,2019-02-13T06:00:00Z,GRID-MUM-01,Mesoscale_Convective_System,243.45,51.84,50.39,22.05,51.32,50.83,96.27,94.55,91.15,4.2,15.31,48.76,2.58,51.37,57.53,1.087,2
MOES-TRN-2060,2019-02-13T09:00:00Z,GRID-CHE-04,Northeast_Monsoon_Depression,261.46,19.99,45.87,13.73,26.91,16.28,69.65,88.55,65.34,5.8,13.88,62.46,1.8,24.29,16.57,0.29,1
MOES-TRN-2061,2019-02-13T12:00:00Z,GRID-GUW-02,Pre_Monsoon_Norwester,243.1,49.27,50.8,18.67,53.29,57.91,156.76,90.32,85.94,51.4,13.3,52.52,0.38,53.69,62.27,1.127,2
MOES-TRN-2062,2019-02-13T15:00:00Z,GRID-WAY-03,Low_Level_Jet_Extreme_Rain,257.66,44.97,50.26,18.39,44.11,48.32,41.13,82.95,59.69,780.0,14.42,61.52,0.35,46.87,21.17,0.312,1
MOES-TRN-2063,2019-02-13T18:00:00Z,GRID-DEL-05,Yamuna_Catchment_Surge,240.19,61.69,50.93,22.77,64.13,61.43,81.46,89.69,78.74,212.0,11.9,42.55,0.02,60.64,51.88,0.768,2
MOES-TRN-2064,2019-02-13T21:00:00Z,GRID-KOL-06,Gangetic_West_Bengal_Deep_Depression,273.49,9.28,42.28,7.49,13.9,11.83,9.09,87.03,37.18,6.1,14.41,73.0,1.42,13.55,1.39,0.202,0
MOES-TRN-2065,2019-02-14T00:00:00Z,GRID-MUM-01,Arabian_Sea_Monsoon_Surge,278.58,4.88,33.24,4.79,6.45,11.59,11.19,88.18,37.0,4.2,15.07,69.59,1.5,6.25,0.1,0.219,0
MOES-TRN-2066,2019-02-14T03:00:00Z,GRID-CHE-04,Bay_of_Bengal_Cyclonic_Landfall,276.22,11.3,37.95,11.13,9.55,8.48,24.14,85.35,38.47,5.8,14.25,85.11,3.49,9.37,0.72,0.45,1
MOES-TRN-2067,2019-02-14T06:00:00Z,GRID-GUW-02,Meghalaya_Orographic_Cloudburst,262.35,22.98,41.15,12.42,17.81,19.24,20.61,83.1,37.12,51.4,13.2,73.42,0.09,17.49,2.16,0.112,0
MOES-TRN-2068,2019-02-14T09:00:00Z,GRID-WAY-03,Low_Level_Jet_Extreme_Rain,251.41,34.24,49.27,15.91,36.39,36.64,28.79,83.93,63.88,780.0,15.19,53.53,0.39,38.44,14.68,0.307,1
MOES-TRN-2069,2019-02-14T12:00:00Z,GRID-DEL-05,Urban_Heat_Island_Downpour,254.29,43.44,48.11,16.25,42.84,42.28,73.82,88.71,71.47,212.0,10.82,59.34,0.06,41.0,31.02,0.295,1
MOES-TRN-2070,2019-02-14T15:00:00Z,GRID-KOL-06,Monsoon_Trough_Pass,188.0,155.85,59.31,44.12,148.11,150.37,191.91,93.79,97.63,6.1,14.39,31.83,1.36,161.65,184.99,3.233,3
MOES-TRN-2071,2019-02-14T18:00:00Z,GRID-MUM-01,Arabian_Sea_Monsoon_Surge,277.74,2.32,38.61,10.52,5.35,6.61,2.47,91.64,61.31,4.2,15.04,87.58,3.37,6.35,0.2,0.369,1
MOES-TRN-2072,2019-02-14T21:00:00Z,GRID-CHE-04,Bay_of_Bengal_Cyclonic_Landfall,284.46,2.92,28.66,8.44,4.26,2.62,1.75,88.84,52.67,5.8,13.84,76.73,3.41,3.18,0.0,0.393,1
MOES-TRN-2073,2019-02-15T00:00:00Z,GRID-GUW-02,Valley_Monsoon_Shower,201.21,120.59,54.06,37.53,134.68,143.51,198.49,87.84,88.63,51.4,13.5,34.69,0.25,118.48,126.46,2.257,3
MOES-TRN-2074,2019-02-15T03:00:00Z,GRID-WAY-03,Low_Level_Jet_Extreme_Rain,258.2,28.33,48.81,13.69,30.88,35.19,59.97,82.93,62.71,780.0,14.79,58.8,0.29,34.29,15.36,0.309,1
MOES-TRN-2075,2019-02-15T06:00:00Z,GRID-DEL-05,Western_Disturbance_Monsoon_Interaction,267.38,24.0,42.04,15.38,23.73,24.04,32.71,86.25,47.75,212.0,11.39,89.55,0.0,21.17,6.76,0.108,0
MOES-TRN-2076,2019-02-15T09:00:00Z,GRID-KOL-06,Monsoon_Trough_Pass,198.61,131.52,54.1,37.29,132.15,146.45,192.49,91.87,94.84,6.1,14.23,32.52,3.21,119.85,138.02,2.637,3
MOES-TRN-2077,2019-02-15T12:00:00Z,GRID-MUM-01,Arabian_Sea_Monsoon_Surge,272.38,6.91,37.31,11.3,9.1,7.97,28.5,86.67,39.22,4.2,14.46,76.46,1.24,8.18,0.96,0.214,0
MOES-TRN-2078,2019-02-15T15:00:00Z,GRID-CHE-04,Coastal_Squall_Line,225.68,77.86,52.24,26.26,77.49,88.79,84.66,91.57,84.67,5.8,14.03,38.13,4.19,75.81,71.21,1.537,3
MOES-TRN-2079,2019-02-15T18:00:00Z,GRID-GUW-02,Meghalaya_Orographic_Cloudburst,265.82,22.19,43.26,15.19,19.22,22.32,32.11,85.7,56.16,51.4,13.11,80.88,0.21,19.88,5.61,0.233,0
MOES-TRN-2080,2019-02-15T21:00:00Z,GRID-WAY-03,Low_Level_Jet_Extreme_Rain,255.05,35.67,47.92,17.24,37.13,33.85,27.4,86.66,78.8,780.0,15.53,56.5,0.3,36.08,16.02,0.297,1
MOES-TRN-2081,2019-02-16T00:00:00Z,GRID-DEL-05,Urban_Heat_Island_Downpour,261.34,32.85,46.56,10.37,30.49,31.64,78.99,86.8,65.6,212.0,11.72,56.99,0.14,30.76,20.67,0.24,0
MOES-TRN-2082,2019-02-16T03:00:00Z,GRID-KOL-06,Bay_Cyclone_Spiral_Band,254.73,34.01,47.51,15.74,37.71,35.67,47.43,87.36,60.99,6.1,14.46,58.38,1.63,35.64,19.87,0.256,1
MOES-TRN-2083,2019-02-16T06:00:00Z,GRID-MUM-01,Mesoscale_Convective_System,244.48,46.04,46.61,19.52,53.11,55.29,67.34,94.08,90.11,4.2,14.51,44.86,3.62,44.84,44.0,0.973,2
MOES-TRN-2084,2019-02-16T09:00:00Z,GRID-CHE-04,Bay_of_Bengal_Cyclonic_Landfall,274.13,13.79,41.01,8.77,11.69,15.13,23.26,84.87,39.86,5.8,13.78,74.0,3.35,13.03,1.52,0.438,1
MOES-TRN-2085,2019-02-16T12:00:00Z,GRID-GUW-02,Valley_Monsoon_Shower,217.75,92.61,53.85,34.34,98.05,94.84,195.89,87.87,90.78,51.4,13.49,45.43,0.28,92.45,100.97,1.856,3
MOES-TRN-2086,2019-02-16T15:00:00Z,GRID-WAY-03,Western_Ghats_Orographic_Surge,265.58,21.93,46.25,13.61,19.14,14.04,18.98,83.49,52.97,780.0,15.26,68.5,0.1,21.82,3.84,0.235,0
MOES-TRN-2087,2019-02-16T18:00:00Z,GRID-DEL-05,Urban_Heat_Island_Downpour,255.34,39.95,48.09,18.28,38.21,31.28,27.35,87.77,60.87,212.0,11.92,53.71,0.29,37.11,18.2,0.138,0
MOES-TRN-2088,2019-02-16T21:00:00Z,GRID-KOL-06,Bay_Cyclone_Spiral_Band,255.56,39.5,47.91,14.33,39.61,30.12,43.63,89.92,61.26,6.1,14.48,61.54,4.32,37.11,24.21,0.697,2
MOES-TRN-2089,2019-02-17T00:00:00Z,GRID-MUM-01,Moderate_Monsoon_Spell,221.72,96.52,55.53,34.9,95.78,98.14,208.99,94.0,88.02,4.2,14.55,36.84,3.87,100.07,128.24,2.653,3
MOES-TRN-2090,2019-02-17T03:00:00Z,GRID-CHE-04,Northeast_Monsoon_Depression,254.99,31.74,49.18,18.41,37.89,39.28,61.99,91.82,73.53,5.8,13.45,72.38,4.52,38.8,32.54,0.71,2
MOES-TRN-2091,2019-02-17T06:00:00Z,GRID-GUW-02,Brahmaputra_Trough_Convection,257.29,37.49,50.23,20.15,36.76,42.67,36.24,85.71,58.08,51.4,12.71,69.65,0.31,42.03,20.56,0.181,0
MOES-TRN-2092,2019-02-17T09:00:00Z,GRID-WAY-03,Low_Level_Jet_Extreme_Rain,254.79,32.63,45.95,17.44,28.56,32.42,57.75,85.74,64.22,780.0,14.44,65.41,0.3,29.3,14.86,0.276,1
MOES-TRN-2093,2019-02-17T12:00:00Z,GRID-DEL-05,Urban_Heat_Island_Downpour,250.18,34.96,46.5,20.02,41.08,43.77,51.11,89.09,69.78,212.0,11.57,53.49,0.18,36.74,23.93,0.202,0
MOES-TRN-2094,2019-02-17T15:00:00Z,GRID-KOL-06,Monsoon_Trough_Pass,221.65,88.46,54.83,26.97,90.53,95.98,299.84,93.61,91.47,6.1,13.69,43.98,1.94,93.18,140.07,2.691,3
MOES-TRN-2095,2019-02-17T18:00:00Z,GRID-MUM-01,Offshore_Trough_Cloudburst,253.44,41.81,48.93,19.21,39.6,32.18,83.63,91.56,69.56,4.2,14.42,66.29,2.57,39.59,37.04,0.563,1
MOES-TRN-2096,2019-02-17T21:00:00Z,GRID-CHE-04,Bay_of_Bengal_Cyclonic_Landfall,268.79,24.61,47.0,13.06,18.7,19.23,8.41,84.73,40.24,5.8,13.55,90.03,2.58,23.83,4.38,0.158,0
MOES-TRN-2097,2019-02-18T00:00:00Z,GRID-GUW-02,Valley_Monsoon_Shower,188.0,135.92,58.53,40.61,153.79,167.23,259.5,91.27,96.46,51.4,13.65,22.39,0.22,156.74,187.2,3.457,3
MOES-TRN-2098,2019-02-18T03:00:00Z,GRID-WAY-03,Western_Ghats_Orographic_Surge,263.43,23.37,44.6,18.24,19.88,17.35,0.34,82.41,49.21,780.0,15.12,80.85,0.06,20.87,1.59,0.14,0
MOES-TRN-2099,2019-02-18T06:00:00Z,GRID-DEL-05,Urban_Heat_Island_Downpour,255.66,31.35,46.1,17.69,30.75,37.82,32.14,86.74,61.28,212.0,11.12,58.25,0.09,30.87,13.2,0.134,0
MOES-TRN-2100,2019-02-18T09:00:00Z,GRID-KOL-06,Monsoon_Trough_Pass,195.93,129.57,54.52,37.28,122.14,120.01,228.16,93.94,91.11,6.1,13.99,30.16,4.59,113.78,145.84,3.138,3
MOES-TRN-2101,2019-02-18T12:00:00Z,GRID-MUM-01,Mesoscale_Convective_System,226.78,78.38,52.98,23.66,71.96,85.99,162.77,93.61,86.93,4.2,14.98,58.48,1.87,75.82,93.21,1.645,3
MOES-TRN-2102,2019-02-18T15:00:00Z,GRID-CHE-04,Coastal_Squall_Line,228.0,69.7,53.89,25.61,72.81,60.54,137.14,91.86,87.97,5.8,13.98,50.34,2.28,74.53,81.83,1.373,3
MOES-TRN-2103,2019-02-18T18:00:00Z,GRID-GUW-02,Brahmaputra_Trough_Convection,254.15,33.11,48.56,13.12,37.36,40.73,53.8,86.27,66.03,51.4,13.39,62.12,0.14,37.85,21.09,0.273,1
MOES-TRN-2104,2019-02-18T21:00:00Z,GRID-WAY-03,Monsoon_Vortex_Feeder_Band,240.11,58.68,49.24,24.73,56.22,52.73,162.91,87.88,89.2,780.0,14.73,41.63,0.2,52.09,56.48,1.177,3
MOES-TRN-2105,2019-02-19T00:00:00Z,GRID-DEL-05,Yamuna_Catchment_Surge,243.08,47.28,51.5,21.11,52.87,47.18,111.34,90.49,80.99,212.0,11.57,39.07,0.23,53.58,53.22,0.841,2
MOES-TRN-2106,2019-02-19T03:00:00Z,GRID-KOL-06,Bay_Cyclone_Spiral_Band,249.25,51.73,48.79,20.25,44.12,50.77,65.94,90.23,65.07,6.1,14.18,53.34,4.29,45.23,35.98,0.935,2
MOES-TRN-2107,2019-02-19T06:00:00Z,GRID-MUM-01,Arabian_Sea_Monsoon_Surge,277.79,5.92,35.24,9.83,4.93,7.93,33.06,90.65,59.68,4.2,15.09,70.26,2.4,5.79,1.8,0.357,1
MOES-TRN-2108,2019-02-19T09:00:00Z,GRID-CHE-04,Northeast_Monsoon_Depression,256.89,34.54,47.11,13.88,33.72,33.2,33.52,88.15,60.48,5.8,13.79,66.48,2.38,33.26,16.82,0.256,1
MOES-TRN-2109,2019-02-19T12:00:00Z,GRID-GUW-02,Pre_Monsoon_Norwester,228.17,73.27,53.65,27.03,81.85,89.67,153.79,87.0,80.64,51.4,13.28,37.04,0.29,81.69,79.85,1.457,3
MOES-TRN-2110,2019-02-19T15:00:00Z,GRID-WAY-03,Western_Ghats_Orographic_Surge,270.74,12.94,41.18,15.5,17.38,17.54,22.68,83.3,61.65,780.0,15.41,89.82,0.25,15.5,1.74,0.252,1
MOES-TRN-2111,2019-02-19T18:00:00Z,GRID-DEL-05,Scattered_Convective_Cell,196.88,116.2,55.36,37.56,119.6,109.43,132.79,90.36,93.13,212.0,11.39,43.2,0.17,113.01,114.18,1.725,3
MOES-TRN-2112,2019-02-19T21:00:00Z,GRID-KOL-06,Bay_Cyclone_Spiral_Band,255.06,29.66,47.07,16.87,29.64,26.96,35.71,92.88,80.21,6.1,14.06,55.74,4.54,30.0,21.58,0.677,2
MOES-TRN-2113,2019-02-20T00:00:00Z,GRID-MUM-01,Moderate_Monsoon_Spell,215.25,96.46,55.38,27.0,87.89,81.17,253.07,93.91,89.68,4.2,14.54,47.66,2.76,93.97,131.56,2.562,3
MOES-TRN-2114,2019-02-20T03:00:00Z,GRID-CHE-04,Coastal_Squall_Line,246.24,55.87,48.9,23.18,52.24,43.22,108.66,91.06,75.27,5.8,14.01,61.63,3.99,48.13,48.87,1.118,2
MOES-TRN-2115,2019-02-20T06:00:00Z,GRID-GUW-02,Valley_Monsoon_Shower,214.83,92.4,57.63,28.73,101.47,99.45,289.14,88.82,97.09,51.4,13.03,41.35,0.18,113.94,144.22,2.755,3
MOES-TRN-2116,2019-02-20T09:00:00Z,GRID-WAY-03,Monsoon_Vortex_Feeder_Band,236.2,74.6,53.21,26.46,66.64,73.47,124.57,87.06,85.32,780.0,15.27,51.47,0.19,72.24,65.31,1.175,3
MOES-TRN-2117,2019-02-20T12:00:00Z,GRID-DEL-05,Urban_Heat_Island_Downpour,256.12,39.01,46.87,13.49,32.4,29.2,78.65,88.09,67.93,212.0,11.63,72.24,0.18,32.56,23.91,0.216,0
MOES-TRN-2118,2019-02-20T15:00:00Z,GRID-KOL-06,Hooghly_Spring_Tide_Downpour,223.58,73.16,52.2,26.31,86.05,85.07,132.97,92.79,85.87,6.1,13.94,48.22,3.82,77.66,86.4,1.717,3
MOES-TRN-2119,2019-02-20T18:00:00Z,GRID-MUM-01,Moderate_Monsoon_Spell,209.3,112.76,53.23,33.71,107.74,106.04,278.24,95.04,93.75,4.2,14.6,34.31,2.44,98.61,144.95,2.883,3
MOES-TRN-2120,2019-02-20T21:00:00Z,GRID-CHE-04,Northeast_Monsoon_Depression,253.14,45.37,50.43,18.48,47.35,40.04,29.17,91.0,78.01,5.8,13.77,73.5,2.98,47.42,32.23,0.406,1
MOES-TRN-2121,2019-02-21T00:00:00Z,GRID-GUW-02,Brahmaputra_Trough_Convection,245.49,42.9,46.61,19.4,47.46,45.79,78.32,87.73,75.54,51.4,13.1,70.05,0.38,40.86,30.05,0.311,1
MOES-TRN-2122,2019-02-21T03:00:00Z,GRID-WAY-03,Western_Ghats_Orographic_Surge,263.95,13.67,42.84,11.93,17.02,17.91,18.32,83.31,59.19,780.0,14.89,80.58,0.01,16.71,1.82,0.213,0
MOES-TRN-2123,2019-02-21T06:00:00Z,GRID-DEL-05,Yamuna_Catchment_Surge,232.97,63.71,51.65,22.16,66.79,64.29,91.52,91.43,83.81,212.0,11.28,47.63,0.37,64.3,61.35,0.879,2
MOES-TRN-2124,2019-02-21T09:00:00Z,GRID-KOL-06,Gangetic_West_Bengal_Deep_Depression,266.57,24.11,44.35,14.63,18.93,26.32,25.19,88.4,48.34,6.1,14.39,86.63,1.76,21.64,7.82,0.173,0
MOES-TRN-2125,2019-02-21T12:00:00Z,GRID-MUM-01,Offshore_Trough_Cloudburst,254.3,30.07,45.43,17.23,28.75,47.79,30.61,90.3,65.7,4.2,14.49,57.52,4.0,30.49,17.09,0.53,1
MOES-TRN-2126,2019-02-21T15:00:00Z,GRID-CHE-04,Coastal_Squall_Line,242.13,55.23,53.02,16.93,57.53,50.99,127.95,91.42,87.73,5.8,14.22,47.86,2.26,61.86,66.62,1.184,3
MOES-TRN-2127,2019-02-21T18:00:00Z,GRID-GUW-02,Pre_Monsoon_Norwester,243.92,57.02,52.18,20.53,61.58,66.31,163.61,88.86,81.01,51.4,13.56,54.82,0.1,63.1,69.03,1.28,3
MOES-TRN-2128,2019-02-21T21:00:00Z,GRID-WAY-03,Low_Level_Jet_Extreme_Rain,252.53,43.05,48.26,19.39,38.87,43.79,47.44,83.58,58.68,780.0,14.3,63.39,0.04,39.9,18.05,0.263,1
MOES-TRN-2129,2019-02-22T00:00:00Z,GRID-DEL-05,Yamuna_Catchment_Surge,227.55,68.86,53.23,24.58,81.26,72.98,151.09,90.61,89.9,212.0,11.78,55.67,0.05,76.89,83.82,1.302,3
MOES-TRN-2130,2019-02-22T03:00:00Z,GRID-KOL-06,Hooghly_Spring_Tide_Downpour,230.68,82.69,54.23,27.49,73.39,70.9,157.87,91.23,86.42,6.1,13.86,59.88,1.81,79.65,89.53,1.465,3
MOES-TRN-2131,2019-02-22T06:00:00Z,GRID-MUM-01,Moderate_Monsoon_Spell,193.21,122.49,56.13,43.49,120.06,115.69,214.46,94.05,93.41,4.2,14.55,31.66,1.27,119.03,148.35,2.772,3
MOES-TRN-2132,2019-02-22T09:00:00Z,GRID-CHE-04,Northeast_Monsoon_Depression,264.43,25.62,45.42,12.33,28.38,28.42,56.51,90.52,74.98,5.8,14.02,53.14,2.48,26.92,19.09,0.328,1
MOES-TRN-2133,2019-02-22T12:00:00Z,GRID-GUW-02,Valley_Monsoon_Shower,191.03,123.09,57.23,39.91,131.63,127.79,167.29,88.72,89.32,51.4,13.66,47.87,0.02,131.62,135.05,2.265,3
MOES-TRN-2134,2019-02-22T15:00:00Z,GRID-WAY-03,Western_Ghats_Orographic_Surge,276.89,3.45,33.12,11.24,4.44,7.34,28.37,83.02,41.76,780.0,14.61,77.36,0.32,4.64,0.0,0.18,0
MOES-TRN-2135,2019-02-22T18:00:00Z,GRID-DEL-05,Western_Disturbance_Monsoon_Interaction,273.65,9.64,39.38,9.74,13.87,7.66,13.66,86.69,56.64,212.0,12.05,73.99,0.37,11.26,0.92,0.086,0
MOES-TRN-2136,2019-02-22T21:00:00Z,GRID-KOL-06,Gangetic_West_Bengal_Deep_Depression,274.56,11.62,40.4,11.19,16.74,11.2,4.42,88.92,52.53,6.1,14.46,75.63,4.15,13.7,1.74,0.548,1
MOES-TRN-2137,2019-02-23T00:00:00Z,GRID-MUM-01,Arabian_Sea_Monsoon_Surge,272.35,9.11,35.8,7.54,8.03,9.7,3.46,89.61,45.28,4.2,14.79,81.6,3.79,7.88,0.24,0.484,1
MOES-TRN-2138,2019-02-23T03:00:00Z,GRID-CHE-04,Northeast_Monsoon_Depression,261.03,28.96,48.07,15.97,33.77,26.17,55.33,91.63,80.36,5.8,13.51,57.06,2.29,32.92,25.72,0.345,1
MOES-TRN-2139,2019-02-23T06:00:00Z,GRID-GUW-02,Brahmaputra_Trough_Convection,264.63,27.41,46.43,16.74,27.1,28.14,39.25,88.3,74.0,51.4,13.37,62.63,0.04,27.93,14.02,0.192,0
MOES-TRN-2140,2019-02-23T09:00:00Z,GRID-WAY-03,Western_Ghats_Orographic_Surge,266.77,20.52,40.85,11.92,19.59,16.89,10.91,81.85,39.48,780.0,15.29,88.64,0.2,17.26,1.09,0.246,0
MOES-TRN-2141,2019-02-23T12:00:00Z,GRID-DEL-05,Scattered_Convective_Cell,207.87,119.15,59.01,37.74,122.55,112.4,191.43,91.46,97.96,212.0,11.73,44.05,0.33,138.26,154.72,2.598,3
MOES-TRN-2142,2019-02-23T15:00:00Z,GRID-KOL-06,Bay_Cyclone_Spiral_Band,258.35,27.24,46.73,15.33,23.93,28.21,82.11,91.4,79.26,6.1,14.76,57.36,3.07,27.13,25.39,0.573,1
MOES-TRN-2143,2019-02-23T18:00:00Z,GRID-MUM-01,Moderate_Monsoon_Spell,206.49,130.47,57.25,38.47,130.81,103.25,130.85,95.27,96.74,4.2,14.4,20.45,4.06,129.19,143.8,2.822,3
MOES-TRN-2144,2019-02-23T21:00:00Z,GRID-CHE-04,Coastal_Squall_Line,241.02,59.87,52.12,21.56,58.44,58.25,90.88,91.86,76.81,5.8,13.7,52.37,2.73,61.05,59.14,1.006,2
MOES-TRN-2145,2019-02-24T00:00:00Z,GRID-GUW-02,Meghalaya_Orographic_Cloudburst,269.7,9.89,41.17,10.48,14.95,12.07,0.39,83.53,43.23,51.4,13.01,85.09,0.3,13.32,0.21,0.12,0
MOES-TRN-2146,2019-02-24T03:00:00Z,GRID-WAY-03,Western_Ghats_Orographic_Surge,272.3,2.09,33.89,7.66,5.05,8.75,16.83,84.17,60.15,780.0,15.06,73.41,0.24,5.01,0.0,0.194,0
MOES-TRN-2147,2019-02-24T06:00:00Z,GRID-DEL-05,Yamuna_Catchment_Surge,243.94,56.29,51.66,17.91,62.27,79.99,157.56,90.49,91.53,212.0,10.89,46.74,0.28,63.63,72.22,1.22,3
MOES-TRN-2148,2019-02-24T09:00:00Z,GRID-KOL-06,Hooghly_Spring_Tide_Downpour,232.56,80.1,52.1,27.13,79.04,77.96,75.06,93.18,84.79,6.1,14.4,39.4,2.97,74.81,72.28,1.252,3
MOES-TRN-2149,2019-02-24T12:00:00Z,GRID-MUM-01,Mesoscale_Convective_System,225.24,74.46,54.59,29.14,83.13,74.92,120.27,94.3,91.76,4.2,14.7,44.14,3.71,84.12,94.06,1.802,3
MOES-TRN-2150,2019-02-24T15:00:00Z,GRID-CHE-04,Stratiform_Monsoon_Rain,207.19,116.63,53.93,32.91,119.61,93.85,166.58,92.99,98.34,5.8,13.74,37.22,2.85,104.66,120.66,2.217,3
MOES-TRN-2151,2019-02-24T18:00:00Z,GRID-GUW-02,Valley_Monsoon_Shower,210.6,98.26,56.28,37.3,113.95,107.74,264.39,88.01,88.63,51.4,13.15,23.99,0.16,112.5,135.18,2.642,3
MOES-TRN-2152,2019-02-24T21:00:00Z,GRID-WAY-03,Low_Level_Jet_Extreme_Rain,250.66,36.07,48.29,14.66,35.19,41.69,63.13,83.78,64.34,780.0,15.03,68.59,0.22,37.14,18.78,0.385,1
MOES-TRN-2153,2019-02-25T00:00:00Z,GRID-DEL-05,Western_Disturbance_Monsoon_Interaction,272.51,0.0,28.88,6.57,1.55,0.0,21.0,87.99,55.65,212.0,11.41,90.5,0.2,1.33,0.0,0.059,0
MOES-TRN-2154,2019-02-25T03:00:00Z,GRID-KOL-06,Gangetic_West_Bengal_Deep_Depression,269.43,19.42,41.52,14.54,15.63,22.55,22.2,87.07,41.52,6.1,14.61,88.22,2.63,16.8,3.86,0.282,1
MOES-TRN-2155,2019-02-25T06:00:00Z,GRID-MUM-01,Moderate_Monsoon_Spell,188.0,166.66,57.75,46.31,142.91,177.69,167.31,94.26,91.93,4.2,14.81,44.81,1.35,153.28,172.72,2.878,3
MOES-TRN-2156,2019-02-25T09:00:00Z,GRID-CHE-04,Coastal_Squall_Line,240.15,55.73,49.71,26.18,60.71,49.45,136.62,90.3,78.49,5.8,13.52,40.04,2.2,53.83,58.18,1.08,2
MOES-TRN-2157,2019-02-25T12:00:00Z,GRID-GUW-02,Pre_Monsoon_Norwester,232.49,75.35,53.15,27.98,79.24,80.0,143.64,89.23,87.1,51.4,13.04,60.9,0.36,77.86,79.69,1.235,3
MOES-TRN-2158,2019-02-25T15:00:00Z,GRID-WAY-03,Western_Ghats_Orographic_Surge,276.22,7.04,33.01,7.42,5.52,2.3,23.08,81.55,42.34,780.0,14.95,84.7,0.27,4.89,0.0,0.297,1
MOES-TRN-2159,2019-02-25T18:00:00Z,GRID-DEL-05,Yamuna_Catchment_Surge,237.94,57.52,49.84,19.93,58.73,51.33,145.66,90.52,79.95,212.0,11.0,47.26,0.21,53.91,60.64,0.97,2
MOES-TRN-2160,2019-02-25T21:00:00Z,GRID-KOL-06,Monsoon_Trough_Pass,206.74,108.27,54.08,32.71,111.64,131.77,153.87,93.37,93.36,6.1,14.23,40.78,3.38,106.19,120.49,2.277,3
MOES-TRN-2161,2019-02-26T00:00:00Z,GRID-MUM-01,Mesoscale_Convective_System,233.07,66.52,53.37,20.26,56.78,60.07,79.6,93.94,90.42,4.2,15.2,58.84,1.84,65.91,66.55,1.009,2
MOES-TRN-2162,2019-02-26T03:00:00Z,GRID-CHE-04,Northeast_Monsoon_Depression,255.07,41.71,49.58,17.99,42.71,36.29,62.75,91.29,75.87,5.8,14.39,54.44,4.33,42.63,35.1,0.846,2
MOES-TRN-2163,2019-02-26T06:00:00Z,GRID-GUW-02,Pre_Monsoon_Norwester,233.28,70.74,52.56,28.49,71.49,66.56,161.16,89.38,89.76,51.4,12.81,37.57,0.33,70.3,76.54,1.433,3
MOES-TRN-2164,2019-02-26T09:00:00Z,GRID-WAY-03,Low_Level_Jet_Extreme_Rain,252.02,45.25,49.42,20.5,44.42,45.95,41.15,84.64,70.45,780.0,15.07,54.32,0.02,44.86,22.01,0.28,1
MOES-TRN-2165,2019-02-26T12:00:00Z,GRID-DEL-05,Scattered_Convective_Cell,204.79,121.93,56.27,37.44,117.77,135.16,130.1,90.93,92.37,212.0,11.54,44.89,0.11,121.56,123.56,1.921,3
MOES-TRN-2166,2019-02-26T15:00:00Z,GRID-KOL-06,Gangetic_West_Bengal_Deep_Depression,268.01,16.63,41.35,9.04,13.32,12.74,26.24,87.76,46.32,6.1,14.0,79.91,2.03,13.99,3.34,0.25,1
MOES-TRN-2167,2019-02-26T18:00:00Z,GRID-MUM-01,Moderate_Monsoon_Spell,196.34,119.41,58.89,38.17,139.85,156.41,229.56,93.43,95.59,4.2,14.6,22.2,4.29,150.06,180.63,3.672,3
MOES-TRN-2168,2019-02-26T21:00:00Z,GRID-CHE-04,Northeast_Monsoon_Depression,257.48,39.92,48.2,15.54,37.3,45.39,57.8,91.39,81.76,5.8,13.48,56.76,2.1,38.92,31.01,0.371,1
MOES-TRN-2169,2019-02-27T00:00:00Z,GRID-GUW-02,Valley_Monsoon_Shower,209.19,105.98,55.66,34.83,111.47,125.85,267.61,89.62,92.39,51.4,13.25,42.97,0.34,112.09,140.1,2.58,3
MOES-TRN-2170,2019-02-27T03:00:00Z,GRID-WAY-03,Western_Ghats_Orographic_Surge,269.15,17.62,41.74,14.78,16.35,19.85,29.45,83.73,62.98,780.0,14.97,74.37,0.37,16.55,2.77,0.23,0
MOES-TRN-2171,2019-02-27T06:00:00Z,GRID-DEL-05,Urban_Heat_Island_Downpour,253.97,38.46,47.82,22.5,38.58,45.9,48.74,89.71,76.06,212.0,11.87,60.12,0.25,38.61,26.06,0.144,0
MOES-TRN-2172,2019-02-27T09:00:00Z,GRID-KOL-06,Gangetic_West_Bengal_Deep_Depression,264.21,15.11,42.29,10.56,19.11,16.01,13.36,87.48,44.58,6.1,14.83,83.29,2.23,17.05,3.3,0.216,0
MOES-TRN-2173,2019-02-27T12:00:00Z,GRID-MUM-01,Offshore_Trough_Cloudburst,260.13,38.88,46.72,16.57,36.17,32.86,53.71,90.6,62.69,4.2,15.14,69.99,4.38,34.27,24.8,0.731,2
MOES-TRN-2174,2019-02-27T15:00:00Z,GRID-CHE-04,Northeast_Monsoon_Depression,263.86,25.31,43.93,17.27,27.56,30.2,36.0,89.43,69.79,5.8,14.28,53.29,1.89,25.24,12.9,0.233,0
MOES-TRN-2175,2019-02-27T18:00:00Z,GRID-GUW-02,Valley_Monsoon_Shower,188.0,159.64,57.73,40.23,142.7,125.83,187.63,88.59,91.95,51.4,12.96,30.65,0.21,144.75,151.81,2.593,3
MOES-TRN-2176,2019-02-27T21:00:00Z,GRID-WAY-03,Western_Ghats_Orographic_Surge,268.68,18.08,44.43,11.29,22.07,21.98,23.52,81.97,45.22,780.0,14.34,77.23,0.34,21.34,3.31,0.213,0
MOES-TRN-2177,2019-02-28T00:00:00Z,GRID-DEL-05,Scattered_Convective_Cell,220.37,83.57,54.47,30.37,80.62,87.27,264.58,92.35,95.66,212.0,11.86,42.88,0.22,85.84,121.53,2.319,3
MOES-TRN-2178,2019-02-28T03:00:00Z,GRID-KOL-06,Bay_Cyclone_Spiral_Band,246.13,44.6,50.35,19.58,43.14,40.75,48.79,91.03,73.17,6.1,14.4,58.55,1.78,45.6,34.5,0.454,1
MOES-TRN-2179,2019-02-28T06:00:00Z,GRID-MUM-01,Mesoscale_Convective_System,247.33,50.99,50.05,20.57,54.15,45.09,141.54,93.23,91.65,4.2,15.23,55.62,4.47,50.73,63.26,1.532,3
MOES-TRN-2180,2019-02-28T09:00:00Z,GRID-CHE-04,Bay_of_Bengal_Cyclonic_Landfall,272.58,11.51,43.79,14.35,16.73,11.57,13.88,87.21,42.43,5.8,14.5,91.58,1.78,16.19,2.83,0.247,0
MOES-TRN-2181,2019-02-28T12:00:00Z,GRID-GUW-02,Valley_Monsoon_Shower,188.0,142.51,59.34,45.12,146.51,140.03,201.34,90.97,96.41,51.4,12.8,38.64,0.06,157.78,174.68,2.98,3
MOES-TRN-2182,2019-02-28T15:00:00Z,GRID-WAY-03,Low_Level_Jet_Extreme_Rain,255.2,19.63,47.31,10.73,22.6,21.54,53.64,83.96,60.07,780.0,14.76,54.93,0.38,25.3,9.89,0.353,1
MOES-TRN-2183,2019-02-28T18:00:00Z,GRID-DEL-05,Yamuna_Catchment_Surge,228.18,77.39,52.08,26.04,75.59,60.01,152.24,90.88,90.61,212.0,11.99,56.12,0.09,70.5,78.64,1.245,3
MOES-TRN-2184,2019-02-28T21:00:00Z,GRID-KOL-06,Monsoon_Trough_Pass,189.93,144.13,57.66,40.2,129.88,141.26,250.45,94.57,97.98,6.1,14.43,38.34,4.28,139.05,177.68,3.595,3
MOES-TRN-2185,2019-03-01T00:00:00Z,GRID-MUM-01,Moderate_Monsoon_Spell,200.37,124.24,54.61,42.11,139.88,154.59,193.34,93.04,88.42,4.2,14.81,26.29,4.33,124.89,146.6,3.009,3
MOES-TRN-2186,2019-03-01T03:00:00Z,GRID-CHE-04,Coastal_Squall_Line,232.71,79.86,53.23,32.67,89.78,75.08,106.66,90.46,81.75,5.8,13.73,40.13,2.72,82.17,79.14,1.425,3
MOES-TRN-2187,2019-03-01T06:00:00Z,GRID-GUW-02,Valley_Monsoon_Shower,218.65,94.34,53.39,29.3,101.64,101.96,188.4,90.42,97.15,51.4,13.16,26.82,0.26,93.35,107.14,2.0,3
MOES-TRN-2188,2019-03-01T09:00:00Z,GRID-WAY-03,Western_Ghats_Orographic_Surge,267.93,24.91,43.14,9.58,21.53,13.89,20.46,82.92,43.64,780.0,15.05,88.94,0.37,19.91,2.93,0.277,1
MOES-TRN-2189,2019-03-01T12:00:00Z,GRID-DEL-05,Urban_Heat_Island_Downpour,244.16,40.2,51.1,18.6,48.23,45.2,52.56,88.66,64.8,212.0,11.76,73.27,0.24,49.31,34.03,0.264,1
MOES-TRN-2190,2019-03-01T15:00:00Z,GRID-KOL-06,Monsoon_Trough_Pass,215.65,99.6,55.27,35.54,108.36,91.98,141.92,92.07,94.3,6.1,14.06,44.26,1.33,103.22,111.34,1.856,3
MOES-TRN-2191,2019-03-01T18:00:00Z,GRID-MUM-01,Arabian_Sea_Monsoon_Surge,274.12,7.44,35.33,9.14,5.78,3.85,2.13,87.41,35.63,4.2,15.07,78.72,4.29,5.81,0.0,0.58,1
MOES-TRN-2192,2019-03-01T21:00:00Z,GRID-CHE-04,Northeast_Monsoon_Depression,257.33,37.82,48.26,13.33,38.5,32.19,45.88,92.59,75.74,5.8,13.49,61.37,1.74,37.3,29.49,0.328,1
MOES-TRN-2193,2019-03-02T00:00:00Z,GRID-GUW-02,Brahmaputra_Trough_Convection,248.24,44.62,49.64,18.83,44.81,45.93,38.74,86.26,61.77,51.4,13.06,67.35,0.31,45.38,24.33,0.166,0
MOES-TRN-2194,2019-03-02T03:00:00Z,GRID-WAY-03,Western_Ghats_Orographic_Surge,283.28,0.31,31.15,10.01,3.12,1.27,14.0,84.23,56.28,780.0,15.04,80.98,0.03,2.45,0.0,0.298,1
MOES-TRN-2195,2019-03-02T06:00:00Z,GRID-DEL-05,Yamuna_Catchment_Surge,242.83,52.1,51.2,20.62,50.05,40.52,91.65,89.09,76.32,212.0,11.44,43.1,0.35,51.51,44.37,0.634,2
MOES-TRN-2196,2019-03-02T09:00:00Z,GRID-KOL-06,Hooghly_Spring_Tide_Downpour,233.49,73.05,52.91,23.64,73.47,68.69,94.21,92.0,85.42,6.1,14.69,44.6,1.79,72.87,71.46,1.236,3
MOES-TRN-2197,2019-03-02T12:00:00Z,GRID-MUM-01,Mesoscale_Convective_System,228.66,68.8,51.86,27.14,70.49,69.53,111.63,92.3,76.81,4.2,14.46,55.93,4.15,67.86,71.1,1.507,3
MOES-TRN-2198,2019-03-02T15:00:00Z,GRID-CHE-04,Bay_of_Bengal_Cyclonic_Landfall,275.72,6.51,36.81,10.54,6.75,7.57,32.56,88.56,64.39,5.8,13.17,78.58,3.55,7.0,1.43,0.426,1
MOES-TRN-2199,2019-03-02T18:00:00Z,GRID-GUW-02,Valley_Monsoon_Shower,191.0,142.68,55.75,41.53,135.87,135.62,300.34,87.85,88.99,51.4,13.27,20.75,0.26,129.07,158.52,3.155,3
MOES-TRN-2200,2019-03-02T21:00:00Z,GRID-WAY-03,Western_Ghats_Orographic_Surge,269.38,8.52,41.27,14.63,12.04,16.71,17.57,81.61,39.45,780.0,15.05,69.38,0.36,12.71,0.42,0.265,1
MOES-TRN-2201,2019-03-03T00:00:00Z,GRID-DEL-05,Scattered_Convective_Cell,188.0,147.07,58.74,40.64,140.18,165.45,309.82,91.57,97.31,212.0,11.75,39.94,0.17,154.73,197.1,3.524,3
MOES-TRN-2202,2019-03-03T03:00:00Z,GRID-KOL-06,Monsoon_Trough_Pass,188.0,139.28,54.78,43.23,146.1,134.56,299.99,92.29,91.38,6.1,14.36,45.7,2.48,127.62,170.3,3.255,3
MOES-TRN-2203,2019-03-03T06:00:00Z,GRID-MUM-01,Arabian_Sea_Monsoon_Surge,264.48,19.58,43.48,13.44,16.37,17.68,26.75,89.82,54.24,4.2,14.8,79.32,2.48,17.91,6.95,0.308,1
MOES-TRN-2204,2019-03-03T09:00:00Z,GRID-CHE-04,Stratiform_Monsoon_Rain,219.85,117.93,55.22,32.67,108.45,87.52,210.11,92.74,95.94,5.8,13.85,34.31,4.09,105.33,130.06,2.715,3
MOES-TRN-2205,2019-03-03T12:00:00Z,GRID-GUW-02,Brahmaputra_Trough_Convection,263.02,23.82,44.08,13.31,27.18,24.4,44.85,88.5,79.45,51.4,13.22,58.63,0.24,24.19,12.46,0.159,0
MOES-TRN-2206,2019-03-03T15:00:00Z,GRID-WAY-03,Light_Orographic_Spell,221.23,91.31,56.53,29.43,85.83,79.73,153.41,89.73,98.5,780.0,15.42,25.57,0.05,98.22,102.53,1.956,3
MOES-TRN-2207,2019-03-03T18:00:00Z,GRID-DEL-05,Yamuna_Catchment_Surge,249.1,41.65,48.79,16.03,46.07,47.37,87.25,90.71,83.82,212.0,11.43,39.97,0.05,43.88,39.94,0.567,1
MOES-TRN-2208,2019-03-03T21:00:00Z,GRID-KOL-06,Monsoon_Trough_Pass,225.43,82.74,54.86,28.78,86.14,97.34,249.81,93.87,96.07,6.1,14.03,36.36,4.56,90.9,127.68,2.878,3
MOES-TRN-2209,2019-03-04T00:00:00Z,GRID-MUM-01,Moderate_Monsoon_Spell,219.95,93.01,55.54,29.58,92.07,101.07,247.01,95.36,88.71,4.2,15.74,31.47,2.86,98.56,139.02,2.858,3
MOES-TRN-2210,2019-03-04T03:00:00Z,GRID-CHE-04,Northeast_Monsoon_Depression,259.86,42.07,49.42,17.4,38.14,50.63,83.21,90.83,80.2,5.8,13.87,70.34,2.52,42.63,38.24,0.565,1
MOES-TRN-2211,2019-03-04T06:00:00Z,GRID-GUW-02,Pre_Monsoon_Norwester,243.66,54.15,49.88,26.32,61.85,63.31,118.22,89.48,87.6,51.4,13.31,49.03,0.28,56.32,54.88,0.911,2
MOES-TRN-2212,2019-03-04T09:00:00Z,GRID-WAY-03,Western_Ghats_Orographic_Surge,267.82,13.9,38.36,13.62,12.49,9.09,17.44,81.63,50.58,780.0,15.09,70.93,0.13,11.16,0.21,0.226,0
MOES-TRN-2213,2019-03-04T12:00:00Z,GRID-DEL-05,Yamuna_Catchment_Surge,229.04,71.56,53.18,28.42,70.94,75.74,135.68,90.19,89.43,212.0,11.2,40.48,0.27,73.59,76.35,1.289,3
MOES-TRN-2214,2019-03-04T15:00:00Z,GRID-KOL-06,Hooghly_Spring_Tide_Downpour,231.6,74.68,54.47,22.12,76.25,64.95,103.41,92.42,80.95,6.1,14.38,58.7,3.37,79.61,81.01,1.518,3
MOES-TRN-2215,2019-03-04T18:00:00Z,GRID-MUM-01,Mesoscale_Convective_System,235.8,72.96,53.68,25.12,68.35,72.06,155.63,94.84,90.74,4.2,15.28,44.36,2.65,74.16,93.4,1.853,3
MOES-TRN-2216,2019-03-04T21:00:00Z,GRID-CHE-04,Northeast_Monsoon_Depression,257.0,32.97,49.89,19.42,34.83,39.59,30.14,87.7,59.9,5.8,13.57,76.25,3.93,39.36,20.29,0.492,1
MOES-TRN-2217,2019-03-05T00:00:00Z,GRID-GUW-02,Meghalaya_Orographic_Cloudburst,272.34,12.14,40.48,14.48,10.31,15.9,16.8,82.88,43.04,51.4,12.88,88.09,0.35,12.04,0.48,0.117,0
MOES-TRN-2218,2019-03-05T03:00:00Z,GRID-WAY-03,Western_Ghats_Orographic_Surge,272.73,5.97,40.28,10.77,8.78,9.38,3.54,83.69,59.15,780.0,14.95,77.74,0.05,9.45,0.0,0.191,0
MOES-TRN-2219,2019-03-05T06:00:00Z,GRID-DEL-05,Western_Disturbance_Monsoon_Interaction,278.43,0.05,34.63,9.15,4.22,5.14,6.63,89.08,59.43,212.0,12.32,78.99,0.34,4.03,0.0,0.038,0
MOES-TRN-2220,2019-03-05T09:00:00Z,GRID-KOL-06,Bay_Cyclone_Spiral_Band,250.7,41.02,50.24,18.86,42.79,39.21,70.89,92.27,68.75,6.1,14.04,76.3,1.44,44.41,40.35,0.424,1
MOES-TRN-2221,2019-03-05T12:00:00Z,GRID-MUM-01,Moderate_Monsoon_Spell,188.0,139.19,55.65,45.91,158.08,133.56,294.12,92.9,94.5,4.2,14.6,39.22,2.6,136.15,179.3,3.462,3
MOES-TRN-2222,2019-03-05T15:00:00Z,GRID-CHE-04,Northeast_Monsoon_Depression,261.49,28.6,47.72,15.37,30.39,32.95,72.92,91.46,69.79,5.8,14.2,54.86,2.8,31.94,27.93,0.501,1
MOES-TRN-2223,2019-03-05T18:00:00Z,GRID-GUW-02,Brahmaputra_Trough_Convection,257.09,34.53,46.19,15.93,32.26,34.7,40.94,85.51,62.97,51.4,12.94,66.51,0.22,31.63,13.67,0.224,0
MOES-TRN-2224,2019-03-05T21:00:00Z,GRID-WAY-03,Western_Ghats_Orographic_Surge,276.28,0.0,29.26,9.38,2.97,2.11,33.73,84.66,63.3,780.0,15.3,87.92,0.31,2.21,0.0,0.347,1
MOES-TRN-2225,2019-03-06T00:00:00Z,GRID-DEL-05,Urban_Heat_Island_Downpour,259.91,26.99,46.78,15.75,26.82,28.36,34.84,87.12,62.55,212.0,11.67,66.92,0.28,28.27,12.25,0.056,0
MOES-TRN-2226,2019-03-06T03:00:00Z,GRID-KOL-06,Bay_Cyclone_Spiral_Band,256.02,33.3,48.11,12.68,32.82,27.71,42.9,90.28,80.07,6.1,14.06,72.71,2.54,33.54,21.69,0.295,1
MOES-TRN-2227,2019-03-06T06:00:00Z,GRID-MUM-01,Moderate_Monsoon_Spell,208.66,108.11,56.46,31.84,107.15,101.07,204.7,94.41,92.33,4.2,14.99,42.21,4.52,111.57,139.9,2.923,3
MOES-TRN-2228,2019-03-06T09:00:00Z,GRID-CHE-04,Stratiform_Monsoon_Rain,198.81,116.23,58.47,35.39,117.39,124.23,261.16,91.77,90.58,5.8,13.9,44.0,2.64,133.27,165.88,3.118,3
MOES-TRN-2229,2019-03-06T12:00:00Z,GRID-GUW-02,Brahmaputra_Trough_Convection,246.51,50.12,50.36,21.98,44.73,45.8,47.85,87.85,71.07,51.4,12.94,65.5,0.01,47.83,30.48,0.204,0
MOES-TRN-2230,2019-03-06T15:00:00Z,GRID-WAY-03,Low_Level_Jet_Extreme_Rain,264.25,24.42,46.38,13.99,21.05,13.91,80.57,84.09,62.64,780.0,14.71,77.11,0.27,23.1,12.29,0.443,1
MOES-TRN-2231,2019-03-06T18:00:00Z,GRID-DEL-05,Western_Disturbance_Monsoon_Interaction,268.96,14.57,40.74,13.25,15.47,11.73,15.94,86.27,51.17,212.0,11.6,79.01,0.08,13.96,1.77,0.022,0
MOES-TRN-2232,2019-03-06T21:00:00Z,GRID-KOL-06,Gangetic_West_Bengal_Deep_Depression,266.9,18.49,44.13,11.42,19.99,27.37,3.15,88.68,56.29,6.1,14.58,89.81,1.93,21.07,4.9,0.151,0
MOES-TRN-2233,2019-03-07T00:00:00Z,GRID-MUM-01,Mesoscale_Convective_System,227.53,86.32,53.01,30.28,81.43,78.02,139.15,93.84,88.07,4.2,15.27,50.8,2.06,79.66,92.52,1.557,3
MOES-TRN-2234,2019-03-07T03:00:00Z,GRID-CHE-04,Stratiform_Monsoon_Rain,199.77,124.76,55.66,35.29,118.87,132.62,198.5,94.17,99.33,5.8,14.9,40.16,4.03,118.84,145.05,2.92,3
MOES-TRN-2235,2019-03-07T06:00:00Z,GRID-GUW-02,Brahmaputra_Trough_Convection,254.65,39.22,48.75,18.33,36.33,36.31,39.94,87.08,80.4,51.4,13.27,63.58,0.29,38.16,20.15,0.259,1
MOES-TRN-2236,2019-03-07T09:00:00Z,GRID-WAY-03,Monsoon_Vortex_Feeder_Band,236.7,70.48,53.42,23.14,74.1,65.9,77.29,87.31,86.15,780.0,14.98,58.97,0.19,74.12,58.12,0.894,2
MOES-TRN-2237,2019-03-07T12:00:00Z,GRID-DEL-05,Western_Disturbance_Monsoon_Interaction,275.99,2.81,36.29,9.5,4.67,6.19,13.32,83.71,35.12,212.0,11.67,83.95,0.05,5.25,0.0,0.049,0
MOES-TRN-2238,2019-03-07T15:00:00Z,GRID-KOL-06,Bay_Cyclone_Spiral_Band,255.99,36.92,49.3,16.97,36.15,43.78,83.67,89.7,58.68,6.1,14.58,52.85,1.26,39.85,33.69,0.552,1
MOES-TRN-2239,2019-03-07T18:00:00Z,GRID-MUM-01,Offshore_Trough_Cloudburst,262.23,28.96,45.99,11.43,27.34,30.91,79.24,93.27,78.97,4.2,14.79,75.82,2.7,28.09,29.11,0.438,1
MOES-TRN-2240,2019-03-07T21:00:00Z,GRID-CHE-04,Northeast_Monsoon_Depression,263.11,26.45,42.64,11.58,25.57,31.71,68.86,90.62,72.61,5.8,14.37,61.39,2.52,23.78,18.9,0.416,1
MOES-TRN-2241,2019-03-08T00:00:00Z,GRID-GUW-02,Meghalaya_Orographic_Cloudburst,274.05,12.24,41.54,16.49,12.23,10.52,19.57,82.72,38.71,51.4,13.33,69.64,0.24,12.68,0.68,0.122,0
MOES-TRN-2242,2019-03-08T03:00:00Z,GRID-WAY-03,Western_Ghats_Orographic_Surge,267.0,18.27,43.19,11.97,17.33,11.03,26.64,79.85,39.11,780.0,14.95,84.75,0.25,16.9,1.33,0.273,1
MOES-TRN-2243,2019-03-08T06:00:00Z,GRID-DEL-05,Urban_Heat_Island_Downpour,264.79,28.5,45.92,13.34,28.27,32.9,35.21,86.88,61.46,212.0,10.94,63.28,0.22,28.55,12.23,0.098,0
MOES-TRN-2244,2019-03-08T09:00:00Z,GRID-KOL-06,Gangetic_West_Bengal_Deep_Depression,274.33,3.02,33.86,8.73,6.78,12.19,14.96,86.02,35.06,6.1,14.49,80.86,3.71,6.29,0.04,0.455,1
MOES-TRN-2245,2019-03-08T12:00:00Z,GRID-MUM-01,Arabian_Sea_Monsoon_Surge,265.94,6.94,36.58,12.76,10.43,11.22,4.86,90.36,62.2,4.2,14.91,84.11,2.8,8.9,0.65,0.255,1
MOES-TRN-2246,2019-03-08T15:00:00Z,GRID-CHE-04,Coastal_Squall_Line,249.21,48.73,50.35,18.65,46.4,43.47,86.46,92.32,84.96,5.8,14.24,62.0,3.9,47.87,46.87,1.041,2
MOES-TRN-2247,2019-03-08T18:00:00Z,GRID-GUW-02,Brahmaputra_Trough_Convection,258.0,28.27,43.59,15.83,27.07,33.03,29.43,86.97,72.18,51.4,13.15,74.66,0.06,25.63,9.59,0.184,0
MOES-TRN-2248,2019-03-08T21:00:00Z,GRID-WAY-03,Light_Orographic_Spell,188.0,131.0,54.52,43.86,138.51,148.32,162.02,89.34,93.91,780.0,15.0,21.97,0.24,124.18,128.46,2.364,3
MOES-TRN-2249,2019-03-09T00:00:00Z,GRID-DEL-05,Urban_Heat_Island_Downpour,252.66,40.63,49.23,22.44,37.72,37.33,78.75,88.37,60.35,212.0,11.64,64.23,0.04,40.0,30.51,0.33,1
MOES-TRN-2250,2019-03-09T03:00:00Z,GRID-KOL-06,Gangetic_West_Bengal_Deep_Depression,267.28,12.44,41.83,10.12,18.66,14.38,25.2,86.02,40.59,6.1,14.6,86.3,4.13,15.89,3.19,0.615,2
MOES-TRN-2251,2019-03-09T06:00:00Z,GRID-MUM-01,Arabian_Sea_Monsoon_Surge,264.85,16.01,41.9,15.18,17.46,11.96,24.29,90.39,50.34,4.2,14.48,90.77,4.59,15.73,5.76,0.622,2
MOES-TRN-2252,2019-03-09T09:00:00Z,GRID-CHE-04,Stratiform_Monsoon_Rain,195.84,138.94,60.44,40.56,133.42,126.75,213.16,92.47,91.44,5.8,14.55,18.56,2.27,160.54,184.52,3.359,3
MOES-TRN-2253,2019-03-09T12:00:00Z,GRID-GUW-02,Meghalaya_Orographic_Cloudburst,272.66,0.0,34.95,5.78,2.68,1.41,22.94,83.7,42.54,51.4,13.71,76.47,0.18,3.0,0.0,0.212,0
MOES-TRN-2254,2019-03-09T15:00:00Z,GRID-WAY-03,Low_Level_Jet_Extreme_Rain,264.7,19.74,44.19,12.1,23.3,25.14,78.73,85.33,63.23,780.0,15.05,69.03,0.1,22.28,12.78,0.383,1
MOES-TRN-2255,2019-03-09T18:00:00Z,GRID-DEL-05,Western_Disturbance_Monsoon_Interaction,266.47,8.11,41.38,8.23,9.85,12.83,25.82,85.6,41.78,212.0,11.76,71.45,0.04,11.33,1.4,0.166,0
MOES-TRN-2256,2019-03-09T21:00:00Z,GRID-KOL-06,Hooghly_Spring_Tide_Downpour,226.97,71.05,53.34,26.29,72.17,73.63,98.18,90.54,77.67,6.1,14.33,50.12,1.88,74.25,70.03,1.134,2
MOES-TRN-2257,2019-03-10T00:00:00Z,GRID-MUM-01,Mesoscale_Convective_System,243.8,53.64,51.24,22.65,55.38,61.31,127.97,93.8,84.16,4.2,15.19,52.67,3.58,56.81,67.69,1.451,3
MOES-TRN-2258,2019-03-10T03:00:00Z,GRID-CHE-04,Bay_of_Bengal_Cyclonic_Landfall,264.08,18.47,43.63,16.38,18.07,12.05,7.68,89.85,61.88,5.8,13.77,71.77,1.21,17.73,4.42,0.172,0
MOES-TRN-2259,2019-03-10T06:00:00Z,GRID-GUW-02,Meghalaya_Orographic_Cloudburst,276.4,2.66,33.32,5.28,5.24,2.16,4.73,83.71,43.48,51.4,12.24,72.51,0.11,4.13,0.0,0.081,0
MOES-TRN-2260,2019-03-10T09:00:00Z,GRID-WAY-03,Light_Orographic_Spell,213.78,118.07,54.16,35.97,109.97,107.62,152.14,89.86,99.26,780.0,15.4,18.3,0.04,104.05,108.25,2.066,3
MOES-TRN-2261,2019-03-10T12:00:00Z,GRID-DEL-05,Scattered_Convective_Cell,188.59,167.2,58.18,47.94,162.11,121.49,138.33,91.39,93.21,212.0,11.93,24.22,0.25,155.84,160.36,2.573,3
MOES-TRN-2262,2019-03-10T15:00:00Z,GRID-KOL-06,Gangetic_West_Bengal_Deep_Depression,278.51,5.02,32.98,8.03,3.31,8.72,3.39,87.74,45.0,6.1,13.9,81.99,3.5,4.62,0.0,0.357,1
MOES-TRN-2263,2019-03-10T18:00:00Z,GRID-MUM-01,Offshore_Trough_Cloudburst,254.64,31.89,47.33,12.5,28.33,28.01,66.95,91.66,66.42,4.2,15.15,58.06,2.29,30.39,25.78,0.45,1
MOES-TRN-2264,2019-03-10T21:00:00Z,GRID-CHE-04,Bay_of_Bengal_Cyclonic_Landfall,265.0,15.04,44.33,12.72,17.28,11.21,20.01,89.15,47.71,5.8,13.8,76.41,3.24,17.42,5.25,0.413,1
MOES-TRN-2265,2019-03-11T00:00:00Z,GRID-GUW-02,Valley_Monsoon_Shower,202.97,105.19,54.13,37.72,123.95,127.17,148.58,89.16,95.43,51.4,13.21,30.98,0.38,109.91,111.26,1.928,3
MOES-TRN-2266,2019-03-11T03:00:00Z,GRID-WAY-03,Monsoon_Vortex_Feeder_Band,232.51,75.75,53.73,25.81,71.84,66.42,157.29,86.69,90.3,780.0,14.61,45.36,0.17,75.35,73.93,1.427,3
MOES-TRN-2267,2019-03-11T06:00:00Z,GRID-DEL-05,Urban_Heat_Island_Downpour,262.86,27.1,45.44,13.51,28.72,25.67,40.84,87.94,70.69,212.0,11.38,68.92,0.12,26.92,13.13,0.127,0
MOES-TRN-2268,2019-03-11T09:00:00Z,GRID-KOL-06,Gangetic_West_Bengal_Deep_Depression,265.16,13.53,40.38,11.69,15.3,14.27,7.29,89.17,54.75,6.1,14.72,85.85,1.74,13.88,2.16,0.181,0
MOES-TRN-2269,2019-03-11T12:00:00Z,GRID-MUM-01,Arabian_Sea_Monsoon_Surge,276.23,7.95,36.27,10.47,4.21,4.58,8.93,87.79,38.06,4.2,14.78,82.23,2.41,5.67,0.01,0.196,0
MOES-TRN-2270,2019-03-11T15:00:00Z,GRID-CHE-04,Northeast_Monsoon_Depression,258.41,30.9,46.49,15.62,30.13,32.95,80.44,90.26,70.23,5.8,13.92,57.79,3.02,30.4,25.94,0.535,1
MOES-TRN-2271,2019-03-11T18:00:00Z,GRID-GUW-02,Meghalaya_Orographic_Cloudburst,267.74,14.33,41.96,10.29,15.38,24.46,14.31,83.29,42.91,51.4,13.8,82.71,0.19,16.45,1.47,0.129,0
MOES-TRN-2272,2019-03-11T21:00:00Z,GRID-WAY-03,Western_Ghats_Orographic_Surge,266.89,18.38,42.23,11.72,13.07,11.54,4.21,81.31,38.86,780.0,14.81,71.43,0.22,14.61,0.24,0.167,0
MOES-TRN-2273,2019-03-12T00:00:00Z,GRID-DEL-05,Urban_Heat_Island_Downpour,254.72,35.5,51.43,18.96,40.93,37.57,51.8,87.99,61.61,212.0,12.1,68.8,0.25,45.62,29.6,0.169,0
MOES-TRN-2274,2019-03-12T03:00:00Z,GRID-KOL-06,Gangetic_West_Bengal_Deep_Depression,274.39,14.46,42.14,11.82,13.77,13.59,1.36,86.75,37.71,6.1,14.51,86.05,4.01,14.47,1.07,0.514,1
MOES-TRN-2275,2019-03-12T06:00:00Z,GRID-MUM-01,Moderate_Monsoon_Spell,204.01,132.79,57.42,38.7,127.16,134.08,241.02,95.34,96.96,4.2,15.22,28.02,3.64,133.57,172.49,3.435,3
MOES-TRN-2276,2019-03-12T09:00:00Z,GRID-CHE-04,Coastal_Squall_Line,237.45,64.2,49.12,17.88,67.17,54.66,89.81,90.65,76.94,5.8,13.68,61.46,3.36,57.16,52.49,0.991,2
MOES-TRN-2277,2019-03-12T12:00:00Z,GRID-GUW-02,Pre_Monsoon_Norwester,235.99,71.63,54.64,24.92,63.57,71.91,126.49,89.08,90.0,51.4,12.96,60.26,0.2,76.03,74.03,1.135,2
MOES-TRN-2278,2019-03-12T15:00:00Z,GRID-WAY-03,Low_Level_Jet_Extreme_Rain,261.53,24.95,46.05,11.92,22.82,25.84,74.73,86.65,80.52,780.0,15.23,65.91,0.13,25.1,15.61,0.401,1
MOES-TRN-2279,2019-03-12T18:00:00Z,GRID-DEL-05,Western_Disturbance_Monsoon_Interaction,267.08,10.54,40.51,8.39,16.69,11.85,23.38,85.91,48.81,212.0,11.69,68.86,0.32,13.66,2.1,0.128,0
MOES-TRN-2280,2019-03-12T21:00:00Z,GRID-KOL-06,Monsoon_Trough_Pass,206.93,116.74,56.5,35.25,105.08,100.4,273.75,92.82,94.12,6.1,14.52,21.73,3.98,112.31,151.01,3.27,3
MOES-TRN-2281,2019-03-13T00:00:00Z,GRID-MUM-01,Offshore_Trough_Cloudburst,257.43,33.25,47.14,19.45,40.51,37.65,32.58,92.69,72.89,4.2,14.04,57.6,1.28,36.29,26.17,0.25,1
MOES-TRN-2282,2019-03-13T03:00:00Z,GRID-CHE-04,Stratiform_Monsoon_Rain,210.84,103.07,57.16,31.27,97.68,93.89,155.19,93.29,96.6,5.8,14.0,22.89,3.75,110.37,124.7,2.512,3
MOES-TRN-2283,2019-03-13T06:00:00Z,GRID-GUW-02,Pre_Monsoon_Norwester,235.41,82.91,52.17,27.1,78.02,77.98,96.37,86.11,75.83,51.4,13.1,49.63,0.35,75.1,60.14,0.93,2
MOES-TRN-2284,2019-03-13T09:00:00Z,GRID-WAY-03,Western_Ghats_Orographic_Surge,263.8,18.04,42.08,6.9,14.55,16.29,28.48,81.38,50.98,780.0,15.21,72.95,0.13,15.67,1.55,0.288,1
MOES-TRN-2285,2019-03-13T12:00:00Z,GRID-DEL-05,Western_Disturbance_Monsoon_Interaction,267.82,19.24,42.4,15.11,16.59,23.64,20.96,86.41,53.56,212.0,12.04,73.66,0.37,17.9,3.87,0.096,0
MOES-TRN-2286,2019-03-13T15:00:00Z,GRID-KOL-06,Monsoon_Trough_Pass,221.46,95.08,54.38,24.61,85.06,89.6,166.72,92.2,96.9,6.1,14.72,25.67,2.92,89.31,103.43,2.092,3
MOES-TRN-2287,2019-03-13T18:00:00Z,GRID-MUM-01,Mesoscale_Convective_System,229.74,75.04,53.75,26.67,81.12,85.31,91.45,92.84,89.01,4.2,14.7,46.24,1.67,81.46,81.33,1.305,3
MOES-TRN-2288,2019-03-13T21:00:00Z,GRID-CHE-04,Bay_of_Bengal_Cyclonic_Landfall,270.85,12.22,43.16,19.36,18.17,24.79,25.09,85.64,35.25,5.8,14.2,90.88,1.68,18.14,3.97,0.218,0
MOES-TRN-2289,2019-03-14T00:00:00Z,GRID-GUW-02,Valley_Monsoon_Shower,217.65,88.49,54.28,31.38,85.91,102.56,227.61,88.5,89.22,51.4,12.79,25.24,0.19,89.99,106.99,2.116,3
MOES-TRN-2290,2019-03-14T03:00:00Z,GRID-WAY-03,Western_Ghats_Orographic_Surge,277.4,4.77,27.9,11.46,2.41,0.0,25.57,83.94,63.86,780.0,14.78,84.53,0.14,2.32,0.0,0.269,1
MOES-TRN-2291,2019-03-14T06:00:00Z,GRID-DEL-05,Yamuna_Catchment_Surge,234.69,63.4,48.59,25.72,59.85,58.2,67.34,90.98,91.63,212.0,11.7,35.21,0.25,53.75,45.49,0.637,2
MOES-TRN-2292,2019-03-14T09:00:00Z,GRID-KOL-06,Hooghly_Spring_Tide_Downpour,230.09,79.96,52.4,22.32,70.54,83.55,141.38,91.99,80.61,6.1,14.59,58.09,3.58,73.27,81.84,1.632,3
MOES-TRN-2293,2019-03-14T12:00:00Z,GRID-MUM-01,Moderate_Monsoon_Spell,218.71,108.2,56.22,32.31,93.86,107.26,171.29,94.53,96.82,4.2,15.14,22.04,2.8,106.11,127.53,2.462,3
MOES-TRN-2294,2019-03-14T15:00:00Z,GRID-CHE-04,Stratiform_Monsoon_Rain,188.0,148.59,58.23,39.58,148.09,135.11,209.14,93.15,98.15,5.8,13.51,26.84,2.88,149.8,175.04,3.165,3
MOES-TRN-2295,2019-03-14T18:00:00Z,GRID-GUW-02,Pre_Monsoon_Norwester,236.53,72.08,54.23,27.56,72.72,78.22,100.46,87.68,83.05,51.4,13.26,46.98,0.37,78.71,67.83,1.08,2
MOES-TRN-2296,2019-03-14T21:00:00Z,GRID-WAY-03,Monsoon_Vortex_Feeder_Band,228.65,71.55,53.19,25.58,75.36,77.06,66.61,87.17,84.46,780.0,15.31,51.24,0.13,75.52,56.95,0.957,2
MOES-TRN-2297,2019-03-15T00:00:00Z,GRID-DEL-05,Yamuna_Catchment_Surge,229.19,78.22,57.39,26.38,78.58,80.72,163.29,90.73,87.1,212.0,11.88,37.06,0.23,98.77,107.87,1.86,3
MOES-TRN-2298,2019-03-15T03:00:00Z,GRID-KOL-06,Monsoon_Trough_Pass,188.0,148.85,57.81,44.65,163.01,165.91,197.59,93.94,96.79,6.1,14.28,32.85,2.86,156.84,181.9,3.321,3
MOES-TRN-2299,2019-03-15T06:00:00Z,GRID-MUM-01,Moderate_Monsoon_Spell,197.05,137.51,57.28,39.7,132.31,138.62,158.99,94.18,97.27,4.2,14.48,26.72,2.84,136.05,153.52,2.751,3
MOES-TRN-2300,2019-03-15T09:00:00Z,GRID-CHE-04,Bay_of_Bengal_Cyclonic_Landfall,273.14,5.43,34.81,8.2,7.28,7.92,8.44,90.72,58.96,5.8,14.02,68.28,2.68,6.49,0.34,0.297,1
MOES-TRN-2301,2019-03-15T12:00:00Z,GRID-GUW-02,Valley_Monsoon_Shower,188.0,158.83,57.05,43.97,150.68,142.25,264.14,89.53,96.35,51.4,13.18,41.16,0.34,145.52,171.87,3.105,3
MOES-TRN-2302,2019-03-15T15:00:00Z,GRID-WAY-03,Monsoon_Vortex_Feeder_Band,233.95,66.18,52.13,21.37,66.18,70.32,126.71,88.16,86.9,780.0,15.08,40.3,0.03,66.74,63.22,1.194,3
MOES-TRN-2303,2019-03-15T18:00:00Z,GRID-DEL-05,Western_Disturbance_Monsoon_Interaction,272.72,8.66,36.81,9.0,6.8,7.65,6.09,87.8,57.99,212.0,12.37,80.41,0.15,7.37,0.07,0.11,0
MOES-TRN-2304,2019-03-15T21:00:00Z,GRID-KOL-06,Bay_Cyclone_Spiral_Band,256.21,30.04,45.95,14.14,31.19,28.84,83.69,89.27,59.17,6.1,14.1,53.34,3.24,29.38,24.05,0.535,1
MOES-TRN-2305,2019-03-16T00:00:00Z,GRID-MUM-01,Mesoscale_Convective_System,241.02,59.34,49.89,23.63,56.01,51.09,86.9,95.06,92.68,4.2,14.49,52.67,3.24,53.25,58.64,1.138,2
MOES-TRN-2306,2019-03-16T03:00:00Z,GRID-CHE-04,Northeast_Monsoon_Depression,254.52,34.5,44.78,13.23,33.64,31.19,72.22,90.19,77.45,5.8,13.85,60.38,1.49,30.01,23.98,0.33,1
MOES-TRN-2307,2019-03-16T06:00:00Z,GRID-GUW-02,Valley_Monsoon_Shower,191.62,135.73,57.42,40.2,134.79,123.88,221.59,91.37,96.6,51.4,13.24,46.15,0.29,135.54,158.33,2.732,3
MOES-TRN-2308,2019-03-16T09:00:00Z,GRID-WAY-03,Low_Level_Jet_Extreme_Rain,257.28,37.68,47.32,18.74,33.79,40.28,75.41,84.78,70.72,780.0,15.35,53.74,0.14,35.09,20.55,0.389,1
MOES-TRN-2309,2019-03-16T12:00:00Z,GRID-DEL-05,Western_Disturbance_Monsoon_Interaction,272.54,5.7,32.78,7.1,4.63,0.8,1.76,87.02,54.36,212.0,11.61,89.47,0.19,4.09,0.0,0.02,0
MOES-TRN-2310,2019-03-16T15:00:00Z,GRID-KOL-06,Gangetic_West_Bengal_Deep_Depression,275.24,12.38,42.52,11.37,14.12,15.54,17.98,86.7,44.26,6.1,14.4,78.94,3.24,14.83,2.41,0.372,1
MOES-TRN-2311,2019-03-16T18:00:00Z,GRID-MUM-01,Offshore_Trough_Cloudburst,262.42,20.66,44.03,14.58,21.07,24.01,60.81,92.81,69.36,4.2,15.09,65.9,1.46,21.26,18.72,0.362,1
MOES-TRN-2312,2019-03-16T21:00:00Z,GRID-CHE-04,Coastal_Squall_Line,239.7,55.59,51.64,20.66,55.56,52.51,151.1,92.1,85.67,5.8,13.23,58.2,4.38,57.05,68.56,1.57,3
MOES-TRN-2313,2019-03-17T00:00:00Z,GRID-GUW-02,Meghalaya_Orographic_Cloudburst,268.83,13.54,44.15,9.58,17.1,14.12,3.58,85.34,59.49,51.4,12.87,73.86,0.21,17.34,1.67,0.068,0
MOES-TRN-2314,2019-03-17T03:00:00Z,GRID-WAY-03,Western_Ghats_Orographic_Surge,266.38,17.67,42.65,13.91,23.07,15.91,11.92,81.99,48.16,780.0,15.17,74.03,0.4,19.22,1.72,0.275,1
MOES-TRN-2315,2019-03-17T06:00:00Z,GRID-DEL-05,Yamuna_Catchment_Surge,232.01,57.56,50.38,30.35,63.98,52.67,152.87,90.26,83.86,212.0,10.75,53.72,0.12,57.33,64.72,1.025,2
MOES-TRN-2316,2019-03-17T09:00:00Z,GRID-KOL-06,Gangetic_West_Bengal_Deep_Depression,265.95,9.01,39.51,10.82,9.92,9.54,1.8,87.35,37.33,6.1,14.17,87.99,3.02,9.99,0.23,0.326,1
MOES-TRN-2317,2019-03-17T12:00:00Z,GRID-MUM-01,Offshore_Trough_Cloudburst,263.8,24.4,44.98,11.46,26.04,24.72,76.41,93.21,78.87,4.2,15.0,52.59,2.94,24.81,25.49,0.587,1
MOES-TRN-2318,2019-03-17T15:00:00Z,GRID-CHE-04,Bay_of_Bengal_Cyclonic_Landfall,271.02,9.97,37.76,8.86,9.07,4.2,9.2,87.25,50.68,5.8,13.32,84.5,3.4,8.3,0.21,0.39,1
MOES-TRN-2319,2019-03-17T18:00:00Z,GRID-GUW-02,Pre_Monsoon_Norwester,228.0,66.35,53.79,28.86,78.16,86.6,78.02,88.69,91.77,51.4,13.74,56.26,0.22,79.28,66.16,0.967,2
MOES-TRN-2320,2019-03-17T21:00:00Z,GRID-WAY-03,Western_Ghats_Orographic_Surge,266.06,4.04,33.71,10.55,4.25,0.0,11.27,81.45,46.45,780.0,15.21,80.16,0.02,3.76,0.0,0.217,0
MOES-TRN-2321,2019-03-18T00:00:00Z,GRID-DEL-05,Scattered_Convective_Cell,218.02,84.07,54.47,32.63,90.83,100.03,294.35,90.16,98.33,212.0,11.89,26.86,0.13,91.59,127.38,2.591,3
MOES-TRN-2322,2019-03-18T03:00:00Z,GRID-KOL-06,Monsoon_Trough_Pass,190.99,138.59,57.57,42.1,149.31,164.48,301.33,93.97,99.15,6.1,14.23,43.88,1.52,148.21,196.11,3.592,3
MOES-TRN-2323,2019-03-18T06:00:00Z,GRID-MUM-01,Offshore_Trough_Cloudburst,253.54,50.03,49.89,21.44,46.87,47.84,72.6,91.34,78.73,4.2,14.67,62.53,1.34,47.83,41.9,0.597,1
MOES-TRN-2324,2019-03-18T09:00:00Z,GRID-CHE-04,Coastal_Squall_Line,246.65,48.96,50.8,19.71,52.81,45.95,65.92,92.94,90.36,5.8,14.29,35.71,3.29,51.8,47.7,1.033,2
MOES-TRN-2325,2019-03-18T12:00:00Z,GRID-GUW-02,Brahmaputra_Trough_Convection,256.02,33.78,47.87,15.45,38.92,30.51,73.64,86.55,67.04,51.4,13.13,54.3,0.29,35.92,23.36,0.316,1
MOES-TRN-2326,2019-03-18T15:00:00Z,GRID-WAY-03,Western_Ghats_Orographic_Surge,277.08,6.96,36.04,7.35,1.91,0.0,3.69,84.68,62.51,780.0,15.21,77.16,0.11,3.93,0.0,0.133,0
MOES-TRN-2327,2019-03-18T18:00:00Z,GRID-DEL-05,Scattered_Convective_Cell,190.77,156.32,56.35,42.68,142.36,137.83,130.43,92.0,98.04,212.0,11.35,42.07,0.05,137.22,142.07,2.168,3
MOES-TRN-2328,2019-03-18T21:00:00Z,GRID-KOL-06,Hooghly_Spring_Tide_Downpour,245.08,57.59,52.75,22.05,57.67,71.71,121.75,91.94,86.63,6.1,14.64,47.94,4.23,64.29,68.91,1.637,3
MOES-TRN-2329,2019-03-19T00:00:00Z,GRID-MUM-01,Offshore_Trough_Cloudburst,259.37,31.41,48.69,19.7,32.36,34.28,48.92,90.55,68.42,4.2,15.11,55.79,2.21,35.01,24.46,0.349,1
MOES-TRN-2330,2019-03-19T03:00:00Z,GRID-CHE-04,Bay_of_Bengal_Cyclonic_Landfall,268.84,13.55,41.37,9.14,10.37,9.8,30.26,86.69,50.64,5.8,14.01,69.05,3.54,11.98,2.36,0.484,1
MOES-TRN-2331,2019-03-19T06:00:00Z,GRID-GUW-02,Valley_Monsoon_Shower,188.0,158.21,58.54,44.34,144.74,130.16,227.31,89.06,91.78,51.4,13.08,44.97,0.3,151.69,168.57,2.935,3
MOES-TRN-2332,2019-03-19T09:00:00Z,GRID-WAY-03,Western_Ghats_Orographic_Surge,268.31,16.24,38.66,10.01,14.31,14.79,10.39,83.48,57.43,780.0,15.24,84.14,0.06,13.15,0.52,0.23,0
MOES-TRN-2333,2019-03-19T12:00:00Z,GRID-DEL-05,Western_Disturbance_Monsoon_Interaction,269.18,10.46,42.1,9.7,13.92,17.54,32.56,85.21,40.17,212.0,11.95,74.01,0.02,14.41,2.86,0.134,0
MOES-TRN-2334,2019-03-19T15:00:00Z,GRID-KOL-06,Bay_Cyclone_Spiral_Band,257.96,39.02,48.67,15.62,32.31,32.11,32.24,93.05,81.69,6.1,14.39,55.22,3.04,35.87,26.39,0.458,1
MOES-TRN-2335,2019-03-19T18:00:00Z,GRID-MUM-01,Moderate_Monsoon_Spell,197.6,139.7,57.6,39.66,132.86,114.56,143.0,94.74,94.05,4.2,14.9,27.41,1.98,135.32,150.97,2.609,3
MOES-TRN-2336,2019-03-19T21:00:00Z,GRID-CHE-04,Bay_of_Bengal_Cyclonic_Landfall,259.99,20.46,42.92,11.29,18.85,19.16,16.19,87.5,55.08,5.8,13.96,85.97,4.38,18.73,4.41,0.556,1
MOES-TRN-2337,2019-03-20T00:00:00Z,GRID-GUW-02,Valley_Monsoon_Shower,210.3,93.77,57.01,28.5,108.36,99.88,263.9,90.33,98.02,51.4,13.2,33.21,0.11,112.85,142.12,2.673,3
MOES-TRN-2338,2019-03-20T03:00:00Z,GRID-WAY-03,Low_Level_Jet_Extreme_Rain,260.52,27.14,45.07,20.02,29.08,28.97,29.28,85.79,81.53,780.0,14.69,67.7,0.39,27.1,9.39,0.217,0
MOES-TRN-2339,2019-03-20T06:00:00Z,GRID-DEL-05,Scattered_Convective_Cell,198.4,136.3,54.14,39.33,136.19,128.99,157.83,92.56,98.7,212.0,11.92,22.57,0.24,119.86,132.52,2.308,3
MOES-TRN-2340,2019-03-20T09:00:00Z,GRID-KOL-06,Bay_Cyclone_Spiral_Band,257.61,40.57,48.94,17.83,31.98,23.29,58.14,89.14,62.31,6.1,14.23,62.21,1.8,35.26,24.07,0.336,1
MOES-TRN-2341,2019-03-20T12:00:00Z,GRID-MUM-01,Arabian_Sea_Monsoon_Surge,270.67,18.58,43.58,10.28,16.4,20.44,15.78,88.68,43.99,4.2,14.5,91.09,2.68,18.24,4.86,0.331,1
MOES-TRN-2342,2019-03-20T15:00:00Z,GRID-CHE-04,Bay_of_Bengal_Cyclonic_Landfall,272.54,13.51,37.0,9.49,7.2,15.29,11.24,87.11,41.84,5.8,13.87,85.17,3.39,9.43,0.46,0.399,1
MOES-TRN-2343,2019-03-20T18:00:00Z,GRID-GUW-02,Pre_Monsoon_Norwester,231.04,65.82,51.27,23.65,67.73,70.04,78.33,88.25,80.16,51.4,13.74,45.14,0.22,64.76,51.9,0.803,2
MOES-TRN-2344,2019-03-20T21:00:00Z,GRID-WAY-03,Western_Ghats_Orographic_Surge,273.65,4.72,29.35,7.82,0.0,0.0,26.92,83.89,61.59,780.0,14.96,85.11,0.13,1.55,0.0,0.237,0
MOES-TRN-2345,2019-03-21T00:00:00Z,GRID-DEL-05,Scattered_Convective_Cell,206.78,106.48,56.46,34.59,111.89,121.01,213.2,91.05,89.58,212.0,11.76,27.38,0.19,115.93,136.28,2.445,3
MOES-TRN-2346,2019-03-21T03:00:00Z,GRID-KOL-06,Gangetic_West_Bengal_Deep_Depression,273.12,9.58,38.25,10.22,8.61,4.86,15.69,85.75,36.01,6.1,14.11,87.59,2.91,8.35,0.25,0.314,1
MOES-TRN-2347,2019-03-21T06:00:00Z,GRID-MUM-01,Arabian_Sea_Monsoon_Surge,267.36,20.57,43.57,7.72,18.49,19.05,27.31,88.04,37.36,4.2,14.15,76.06,2.81,19.15,6.32,0.337,1
MOES-TRN-2348,2019-03-21T09:00:00Z,GRID-CHE-04,Bay_of_Bengal_Cyclonic_Landfall,264.46,19.73,43.45,12.71,18.83,17.65,10.02,89.31,56.47,5.8,13.48,88.03,3.38,18.85,4.94,0.309,1
MOES-TRN-2349,2019-03-21T12:00:00Z,GRID-GUW-02,Valley_Monsoon_Shower,215.52,107.04,53.82,28.71,99.66,91.16,170.54,89.5,93.71,51.4,13.31,43.41,0.11,94.72,102.18,1.786,3
MOES-TRN-2350,2019-03-21T15:00:00Z,GRID-WAY-03,Monsoon_Vortex_Feeder_Band,220.52,97.4,53.73,26.26,82.46,74.13,149.05,86.69,83.45,780.0,15.23,61.86,0.03,83.9,80.18,1.414,3
MOES-TRN-2351,2019-03-21T18:00:00Z,GRID-DEL-05,Urban_Heat_Island_Downpour,245.71,38.4,47.74,16.26,41.09,42.15,35.6,88.34,64.72,212.0,12.04,77.95,0.31,38.9,21.78,0.145,0
MOES-TRN-2352,2019-03-21T21:00:00Z,GRID-KOL-06,Monsoon_Trough_Pass,213.69,112.3,55.4,34.7,106.58,82.72,220.95,92.52,88.48,6.1,14.85,23.43,1.73,103.91,130.36,2.49,3
MOES-TRN-2353,2019-03-22T00:00:00Z,GRID-MUM-01,Arabian_Sea_Monsoon_Surge,272.23,5.46,38.24,7.35,9.76,12.92,31.38,90.63,55.54,4.2,13.85,68.32,1.7,9.25,3.2,0.166,0
MOES-TRN-2354,2019-03-22T03:00:00Z,GRID-CHE-04,Northeast_Monsoon_Depression,262.63,24.86,47.61,14.04,29.42,29.54,64.81,88.5,68.27,5.8,14.27,54.39,2.67,30.33,20.32,0.39,1
MOES-TRN-2355,2019-03-22T06:00:00Z,GRID-GUW-02,Valley_Monsoon_Shower,217.66,104.44,55.14,32.84,102.68,114.03,142.19,88.88,88.61,51.4,13.1,33.45,0.35,104.31,103.73,1.817,3
MOES-TRN-2356,2019-03-22T09:00:00Z,GRID-WAY-03,Western_Ghats_Orographic_Surge,262.03,12.83,43.69,11.01,18.45,13.04,27.55,82.33,51.89,780.0,15.09,69.74,0.14,17.16,2.27,0.281,1
MOES-TRN-2357,2019-03-22T12:00:00Z,GRID-DEL-05,Scattered_Convective_Cell,188.07,152.45,56.55,45.08,143.47,128.32,244.87,91.12,95.04,212.0,11.44,44.25,0.17,136.82,163.91,2.828,3
MOES-TRN-2358,2019-03-22T15:00:00Z,GRID-KOL-06,Hooghly_Spring_Tide_Downpour,240.2,60.59,51.38,24.41,64.01,68.78,73.22,92.85,91.35,6.1,14.31,35.63,3.48,62.62,59.31,1.248,3
MOES-TRN-2359,2019-03-22T18:00:00Z,GRID-MUM-01,Arabian_Sea_Monsoon_Surge,274.89,12.43,43.4,10.64,17.36,20.05,2.76,87.84,43.67,4.2,14.89,75.91,3.6,17.41,2.62,0.436,1
MOES-TRN-2360,2019-03-22T21:00:00Z,GRID-CHE-04,Stratiform_Monsoon_Rain,188.0,128.53,53.54,47.34,146.62,168.23,130.25,92.88,90.12,5.8,13.7,38.49,1.58,125.72,133.23,2.148,3
MOES-TRN-2361,2019-03-23T00:00:00Z,GRID-GUW-02,Valley_Monsoon_Shower,211.95,99.12,55.5,31.43,107.73,107.56,266.09,88.16,92.1,51.4,13.16,31.54,0.36,106.17,129.83,2.505,3
MOES-TRN-2362,2019-03-23T03:00:00Z,GRID-WAY-03,Monsoon_Vortex_Feeder_Band,232.34,62.64,50.99,23.27,73.58,79.24,162.73,85.97,81.94,780.0,15.2,59.34,0.13,67.03,65.72,1.212,3
MOES-TRN-2363,2019-03-23T06:00:00Z,GRID-DEL-05,Urban_Heat_Island_Downpour,260.56,32.2,46.78,16.83,37.23,35.17,29.0,88.85,62.3,212.0,11.55,58.25,0.28,34.02,17.56,0.135,0
MOES-TRN-2364,2019-03-23T09:00:00Z,GRID-KOL-06,Bay_Cyclone_Spiral_Band,256.14,35.55,46.66,16.7,36.7,27.02,39.58,89.1,63.78,6.1,14.24,65.43,2.75,33.04,18.96,0.301,1
MOES-TRN-2365,2019-03-23T12:00:00Z,GRID-MUM-01,Moderate_Monsoon_Spell,207.51,123.63,56.55,37.19,115.29,108.23,227.6,93.59,94.3,4.2,15.48,38.94,3.84,118.69,149.53,3.034,3
MOES-TRN-2366,2019-03-23T15:00:00Z,GRID-CHE-04,Stratiform_Monsoon_Rain,200.51,124.79,58.14,36.93,117.21,96.17,255.79,93.75,97.98,5.8,14.18,28.28,4.0,128.18,165.59,3.389,3
MOES-TRN-2367,2019-03-23T18:00:00Z,GRID-GUW-02,Meghalaya_Orographic_Cloudburst,272.35,9.16,41.04,9.45,10.69,6.82,33.44,86.88,57.19,51.4,12.7,85.96,0.16,10.77,2.24,0.157,0
MOES-TRN-2368,2019-03-23T21:00:00Z,GRID-WAY-03,Low_Level_Jet_Extreme_Rain,265.8,26.63,41.07,13.49,24.78,24.77,42.84,82.82,58.66,780.0,15.21,66.29,0.19,21.45,5.67,0.295,1
MOES-TRN-2369,2019-03-24T00:00:00Z,GRID-DEL-05,Yamuna_Catchment_Surge,230.33,73.84,53.52,25.37,69.9,78.48,149.32,90.83,88.9,212.0,11.11,57.1,0.27,75.17,82.37,1.221,3
MOES-TRN-2370,2019-03-24T03:00:00Z,GRID-KOL-06,Gangetic_West_Bengal_Deep_Depression,267.02,15.87,42.45,12.48,14.84,13.45,3.74,86.84,35.83,6.1,13.98,69.11,3.57,15.31,1.52,0.383,1
MOES-TRN-2371,2019-03-24T06:00:00Z,GRID-MUM-01,Offshore_Trough_Cloudburst,256.77,42.23,49.09,18.69,34.83,32.12,74.73,93.31,79.15,4.2,15.01,77.94,2.56,38.13,37.52,0.562,1
MOES-TRN-2372,2019-03-24T09:00:00Z,GRID-CHE-04,Coastal_Squall_Line,229.33,73.14,54.84,28.47,75.96,62.13,96.37,91.74,86.95,5.8,13.91,58.44,1.45,80.5,78.62,1.184,3
MOES-TRN-2373,2019-03-24T12:00:00Z,GRID-GUW-02,Meghalaya_Orographic_Cloudburst,273.43,7.23,34.74,9.31,7.9,8.0,9.89,85.25,58.65,51.4,12.46,90.36,0.06,7.01,0.0,0.143,0
MOES-TRN-2374,2019-03-24T15:00:00Z,GRID-WAY-03,Monsoon_Vortex_Feeder_Band,224.91,79.55,53.86,28.16,75.54,69.83,149.56,86.85,88.23,780.0,15.43,60.3,0.26,78.32,75.49,1.317,3
MOES-TRN-2375,2019-03-24T18:00:00Z,GRID-DEL-05,Yamuna_Catchment_Surge,226.97,66.01,51.81,23.43,78.13,75.55,117.21,89.97,78.86,212.0,11.49,47.05,0.2,71.01,69.52,1.108,2
MOES-TRN-2376,2019-03-24T21:00:00Z,GRID-KOL-06,Gangetic_West_Bengal_Deep_Depression,270.2,4.21,33.75,7.97,5.45,3.14,29.08,90.53,54.5,6.1,14.14,84.19,4.48,4.69,1.03,0.659,2
MOES-TRN-2377,2019-03-25T00:00:00Z,GRID-MUM-01,Arabian_Sea_Monsoon_Surge,268.12,22.08,43.61,12.68,20.66,23.52,9.96,90.02,48.51,4.2,14.69,81.59,3.98,20.88,6.67,0.476,1
MOES-TRN-2378,2019-03-25T03:00:00Z,GRID-CHE-04,Northeast_Monsoon_Depression,248.69,29.56,46.22,11.74,26.14,30.08,79.41,89.23,70.49,5.8,13.96,69.56,3.39,27.91,22.04,0.57,1
MOES-TRN-2379,2019-03-25T06:00:00Z,GRID-GUW-02,Brahmaputra_Trough_Convection,256.5,35.59,47.33,16.49,34.86,31.74,36.18,86.9,77.99,51.4,12.75,66.64,0.38,33.98,16.2,0.189,0
MOES-TRN-2380,2019-03-25T09:00:00Z,GRID-WAY-03,Monsoon_Vortex_Feeder_Band,234.84,76.04,53.74,24.74,75.66,76.7,89.6,87.63,84.5,780.0,15.31,37.24,0.39,78.29,65.12,1.126,2
MOES-TRN-2381,2019-03-25T12:00:00Z,GRID-DEL-05,Scattered_Convective_Cell,223.02,93.58,52.18,32.34,87.87,81.97,296.64,90.36,92.05,212.0,11.74,47.14,0.39,81.14,118.26,2.311,3
MOES-TRN-2382,2019-03-25T15:00:00Z,GRID-KOL-06,Hooghly_Spring_Tide_Downpour,235.34,70.38,55.18,25.2,71.5,54.41,134.12,93.61,81.15,6.1,14.38,46.66,1.28,78.86,90.02,1.533,3
MOES-TRN-2383,2019-03-25T18:00:00Z,GRID-MUM-01,Offshore_Trough_Cloudburst,258.82,31.08,47.16,13.99,28.66,25.57,35.0,91.89,76.32,4.2,14.38,72.13,1.32,29.78,19.65,0.188,0
MOES-TRN-2384,2019-03-25T21:00:00Z,GRID-CHE-04,Stratiform_Monsoon_Rain,194.26,145.2,56.88,38.62,134.77,126.73,276.84,93.57,98.36,5.8,13.61,20.5,2.31,134.08,175.5,3.313,3
MOES-TRN-2385,2019-03-26T00:00:00Z,GRID-GUW-02,Pre_Monsoon_Norwester,235.58,76.54,51.49,28.35,72.41,87.23,158.11,89.31,92.05,51.4,13.04,36.63,0.01,71.26,76.65,1.515,3
MOES-TRN-2386,2019-03-26T03:00:00Z,GRID-WAY-03,Light_Orographic_Spell,188.86,128.38,59.76,44.97,136.39,148.09,295.88,88.99,98.07,780.0,15.0,21.79,0.14,156.47,187.85,3.598,3
MOES-TRN-2387,2019-03-26T06:00:00Z,GRID-DEL-05,Yamuna_Catchment_Surge,246.67,54.36,50.04,19.28,47.5,51.88,114.44,90.57,81.93,212.0,11.32,59.79,0.23,49.65,50.38,0.698,2
MOES-TRN-2388,2019-03-26T09:00:00Z,GRID-KOL-06,Bay_Cyclone_Spiral_Band,261.19,31.03,48.92,14.26,30.5,26.5,33.67,92.12,76.13,6.1,14.53,58.51,2.38,33.59,23.02,0.263,1
MOES-TRN-2389,2019-03-26T12:00:00Z,GRID-MUM-01,Arabian_Sea_Monsoon_Surge,278.0,10.56,42.94,11.16,13.44,10.99,29.58,87.0,35.54,4.2,14.19,73.87,3.58,13.97,3.27,0.463,1
MOES-TRN-2390,2019-03-26T15:00:00Z,GRID-CHE-04,Bay_of_Bengal_Cyclonic_Landfall,265.9,22.84,44.24,12.52,18.58,22.78,32.36,87.54,61.45,5.8,13.66,77.35,1.21,20.69,7.47,0.255,1
MOES-TRN-2391,2019-03-26T18:00:00Z,GRID-GUW-02,Pre_Monsoon_Norwester,238.23,57.06,52.7,21.88,70.9,54.35,139.51,89.29,89.85,51.4,13.07,50.04,0.26,66.64,68.41,1.189,3
MOES-TRN-2392,2019-03-26T21:00:00Z,GRID-WAY-03,Western_Ghats_Orographic_Surge,271.8,13.98,40.04,13.82,12.76,12.82,10.3,81.39,44.3,780.0,15.35,68.6,0.16,12.59,0.17,0.258,1
MOES-TRN-2393,2019-03-27T00:00:00Z,GRID-DEL-05,Western_Disturbance_Monsoon_Interaction,265.56,16.06,43.04,13.97,17.12,24.41,10.01,86.29,40.03,212.0,11.75,76.04,0.2,18.2,2.89,0.079,0
MOES-TRN-2394,2019-03-27T03:00:00Z,GRID-KOL-06,Hooghly_Spring_Tide_Downpour,241.79,54.69,50.89,18.23,63.61,64.76,100.64,93.13,89.58,6.1,13.83,44.05,3.61,59.67,62.94,1.218,3
MOES-TRN-2395,2019-03-27T06:00:00Z,GRID-MUM-01,Mesoscale_Convective_System,243.71,56.12,51.47,21.71,51.56,48.02,90.28,92.17,77.07,4.2,14.44,53.28,3.49,54.53,53.59,1.102,2
MOES-TRN-2396,2019-03-27T09:00:00Z,GRID-CHE-04,Bay_of_Bengal_Cyclonic_Landfall,269.24,18.65,40.53,11.0,17.76,14.52,33.41,86.49,39.39,5.8,14.13,78.82,2.94,15.75,4.19,0.314,1
MOES-TRN-2397,2019-03-27T12:00:00Z,GRID-GUW-02,Meghalaya_Orographic_Cloudburst,268.52,13.49,39.76,12.99,11.98,6.15,30.22,85.38,58.79,51.4,13.15,77.15,0.3,11.14,1.57,0.185,0
MOES-TRN-2398,2019-03-27T15:00:00Z,GRID-WAY-03,Low_Level_Jet_Extreme_Rain,257.04,42.5,48.99,19.72,40.99,47.91,59.72,86.55,70.2,780.0,14.94,66.69,0.27,42.55,26.18,0.332,1
MOES-TRN-2399,2019-03-27T18:00:00Z,GRID-DEL-05,Urban_Heat_Island_Downpour,247.35,40.33,48.19,15.46,48.12,37.72,35.97,87.22,60.67,212.0,11.5,73.94,0.0,42.01,22.65,0.098,0
MOES-TRN-2400,2019-03-27T21:00:00Z,GRID-KOL-06,Bay_Cyclone_Spiral_Band,260.69,32.94,50.36,16.29,34.07,37.36,33.69,91.19,77.33,6.1,14.22,57.97,3.6,39.83,26.8,0.499,1
